Ch_6,Ch_12,Ch_22,Ch_38,Ch_39,Ch_51,Ch_60,Ch_64,Ch_73,Ch_90
14,0,19,31,17,17,11,10,16,8
16,0,19,27,12,13,9,9,20,8
14,3,28,25,13,13,5,5,14,10
16,7,27,25,18,16,8,20,10,8
9,3,39,35,16,18,13,8,13,5
14,1,24,22,22,20,6,7,14,11
11,4,39,33,15,16,20,16,36,23
16,1,33,25,14,15,2,9,22,10
12,4,32,38,17,21,9,7,27,14
28,2,20,12,25,25,10,18,19,10
11,3,25,16,18,20,9,13,19,8
23,15,28,10,14,14,9,9,13,9
30,18,33,36,11,11,4,9,25,17
23,7,23,21,10,10,5,7,19,17
19,8,35,23,18,18,9,6,36,22
23,13,32,17,15,17,12,14,18,13
21,11,25,20,18,19,9,20,28,15
24,18,28,30,22,22,11,18,27,15
21,26,39,28,14,12,13,11,17,14
16,11,25,12,18,18,10,8,26,17
23,17,21,26,10,11,10,15,34,16
15,2,21,27,13,10,18,6,28,16
33,4,19,50,15,15,9,7,21,11
16,1,17,29,20,19,3,4,23,12
24,0,25,29,14,13,14,9,16,13
14,5,30,31,19,18,15,17,11,8
11,4,24,29,18,20,13,10,12,8
17,5,25,36,16,17,9,17,21,14
15,1,23,43,22,21,5,10,21,10
16,10,30,27,13,15,10,8,22,14
16,6,31,25,14,13,8,16,21,8
16,7,40,22,13,14,16,9,14,7
13,1,25,15,14,13,10,5,20,13
14,3,23,12,16,14,12,7,19,12
30,13,29,22,23,23,14,9,21,8
30,9,26,8,15,14,10,7,14,9
26,26,22,14,16,16,9,5,20,14
13,8,31,53,24,24,14,13,18,15
7,3,40,57,23,23,19,18,26,13
5,1,26,25,19,19,10,21,22,12
10,2,37,39,26,22,9,29,27,23
15,2,27,32,27,29,13,31,35,17
15,1,34,13,22,23,7,25,26,17
21,7,33,40,24,24,13,26,28,19
26,11,21,43,21,21,15,8,32,17
10,3,32,32,14,15,20,12,17,12
14,7,25,12,10,8,10,17,14,9
10,0,23,6,15,13,13,7,20,9
13,7,25,4,13,12,10,5,18,5
25,7,21,25,25,24,8,14,24,15
14,1,17,23,16,14,11,9,28,16
9,4,22,23,14,13,15,17,25,16
22,1,18,31,22,21,11,16,21,9
22,1,18,35,12,12,7,19,17,8
16,7,16,36,27,30,11,9,19,10
16,1,28,23,12,14,9,11,20,13
10,2,22,54,22,21,11,10,24,12
9,3,23,23,13,12,10,6,16,5
12,2,20,15,11,9,16,11,13,7
9,2,23,23,16,16,12,7,9,2
9,5,28,54,20,18,14,7,7,3
13,4,24,49,14,12,17,11,12,3
19,8,15,5,18,17,1,11,26,15
16,2,30,16,18,18,9,5,14,8
14,4,21,45,18,19,10,3,21,10
6,2,23,50,17,17,16,7,23,11
19,7,19,22,19,18,0,12,15,7
13,1,33,24,21,21,12,12,24,12
5,0,22,16,10,9,9,14,26,15
20,4,38,6,16,15,4,10,18,13
15,6,28,12,18,20,8,12,19,12
16,0,23,9,20,19,7,16,24,15
4,8,23,15,13,11,14,24,21,12
7,5,33,18,21,22,11,10,23,11
15,8,25,11,17,19,9,12,19,8
8,4,33,39,21,19,11,13,20,9
4,1,29,39,20,20,14,6,19,7
7,7,39,59,19,17,16,5,15,6
9,4,29,37,21,20,12,4,12,7
19,4,28,49,18,18,12,17,15,4
10,5,36,27,20,22,15,7,18,7
12,1,31,27,28,27,11,5,19,6
9,8,30,35,15,13,10,7,13,9
5,2,24,45,25,24,13,8,21,10
11,9,25,40,15,15,16,10,21,6
10,12,32,43,22,26,11,10,18,9
10,9,28,55,18,19,12,5,23,20
11,3,17,21,10,10,7,9,18,12
9,4,18,22,13,12,10,4,13,9
7,2,18,19,16,15,9,12,14,10
5,1,28,30,27,26,13,5,12,8
6,3,21,33,15,14,13,6,12,12
8,2,21,20,12,11,6,7,15,10
15,9,25,32,18,18,6,10,18,10
9,6,31,25,19,20,7,11,12,8
11,8,24,13,18,16,5,11,13,7
13,3,34,8,17,18,7,13,19,14
9,10,32,22,20,20,15,13,29,18
11,14,38,29,13,14,9,8,27,13
20,13,34,20,16,15,6,9,21,16
25,14,20,13,16,18,5,8,13,12
23,13,27,10,22,22,2,13,23,20
34,8,33,43,16,17,8,9,13,12
27,20,25,33,16,15,7,14,24,14
14,10,23,37,16,14,7,13,16,13
8,4,29,11,15,15,11,10,17,12
8,0,24,16,16,14,14,12,34,17
10,7,24,28,26,23,16,27,37,24
19,3,25,16,31,29,12,17,31,19
7,9,22,49,32,29,21,11,14,9
8,7,33,9,14,15,5,3,22,10
9,1,37,14,33,29,11,14,27,13
17,5,33,20,27,29,10,14,30,22
13,1,31,30,28,29,15,13,25,17
10,4,21,30,20,21,20,7,16,10
14,1,29,31,23,29,9,7,21,8
21,5,22,20,22,23,10,19,21,11
19,4,24,11,8,7,15,15,21,14
16,10,29,9,8,7,9,17,19,13
17,23,34,25,21,21,9,11,17,16
13,5,29,16,21,24,9,22,28,12
13,4,29,15,17,17,16,14,23,13
8,3,28,15,17,14,13,9,16,9
28,6,21,6,17,18,7,17,40,17
17,3,27,13,21,22,13,14,29,16
12,17,28,34,24,26,20,22,22,15
9,7,29,26,21,19,20,13,30,15
11,5,32,29,20,18,12,11,26,18
16,11,23,19,21,20,7,12,19,15
10,14,31,39,25,26,18,36,25,17
4,6,16,32,15,15,15,16,23,15
11,5,26,24,24,20,19,11,20,9
10,5,31,30,13,13,10,6,22,12
10,5,35,14,17,15,4,13,16,8
11,8,34,28,23,24,9,10,19,11
14,5,32,34,27,27,17,6,28,16
12,1,26,22,15,15,18,8,9,7
12,7,26,16,20,18,14,9,21,8
12,8,37,30,17,17,7,9,15,11
11,5,30,13,16,16,15,15,22,16
16,15,27,9,20,20,8,11,25,14
25,23,30,18,22,19,11,9,28,20
10,9,28,23,16,14,7,10,23,13
17,1,24,22,18,17,11,9,14,16
20,4,21,6,17,13,17,14,20,17
25,5,22,20,17,16,13,18,14,10
18,4,29,24,14,16,10,29,36,25
12,1,25,26,23,21,10,10,15,9
7,9,30,58,29,28,23,15,21,7
20,12,37,20,25,25,11,7,18,7
17,2,26,12,20,17,8,10,22,17
20,13,27,15,15,11,8,10,23,11
22,8,38,16,11,9,3,17,25,13
17,34,27,31,13,14,12,18,19,10
18,30,41,38,14,14,5,15,19,18
20,24,30,33,15,13,10,17,23,13
14,13,28,20,15,14,9,13,25,24
25,5,23,32,23,22,8,12,25,20
30,10,25,23,14,13,11,7,34,23
15,2,28,23,13,14,14,10,31,20
12,1,23,17,16,15,19,26,29,19
7,1,32,19,18,15,12,20,25,15
12,8,28,17,26,25,16,10,24,12
15,3,13,20,20,18,9,10,25,14
17,1,23,18,21,22,9,11,23,10
18,1,25,4,11,9,12,7,21,13
15,7,28,15,24,22,11,12,25,15
26,13,42,10,12,12,5,8,32,25
20,17,32,21,15,14,10,14,27,20
19,19,21,10,24,22,13,3,23,17
21,4,35,20,12,12,8,8,25,18
16,12,29,6,18,17,9,11,24,13
15,7,25,2,26,26,12,12,17,13
7,4,30,18,22,21,10,8,24,14
16,7,29,19,15,15,10,7,18,12
19,3,37,16,16,15,5,9,21,12
8,5,28,12,21,18,8,13,33,18
6,2,31,28,22,23,15,11,27,15
14,4,31,18,17,15,11,4,18,11
12,4,38,32,14,12,9,6,26,11
15,3,39,31,14,12,9,10,18,11
18,9,26,21,22,18,4,11,37,13
14,6,40,15,12,11,5,15,23,13
10,2,30,20,16,15,14,9,32,13
11,3,23,34,14,14,6,7,25,18
8,0,27,17,17,19,13,17,21,16
18,8,31,8,19,16,7,10,23,12
21,17,31,5,15,13,13,4,19,16
9,3,25,20,17,16,12,8,21,15
19,12,34,16,12,11,11,8,27,22
17,11,20,6,17,14,13,11,26,16
17,8,22,8,17,15,12,9,22,12
20,5,23,5,15,11,2,9,13,17
27,5,32,12,16,15,10,10,13,10
11,3,29,18,16,13,21,8,18,11
17,2,40,12,19,17,7,11,16,17
11,5,24,12,19,14,14,7,23,21
13,0,26,16,17,14,16,2,11,15
14,3,38,16,19,16,14,14,20,12
10,3,30,20,19,17,15,6,16,15
18,8,25,21,13,12,15,5,21,16
15,1,24,11,17,17,9,9,27,15
16,8,18,10,16,15,12,9,15,11
13,2,28,17,16,16,7,5,24,21
12,4,35,14,11,11,13,7,20,13
22,4,31,13,16,15,10,4,21,12
17,5,37,5,11,11,10,8,28,23
6,2,38,23,16,16,14,9,23,20
7,2,35,50,17,15,8,9,24,15
21,5,28,19,15,16,12,7,19,10
8,0,27,41,10,10,13,7,13,10
9,0,40,29,17,14,10,7,29,15
12,6,31,24,15,17,6,10,33,14
12,4,36,30,32,32,15,5,28,18
18,16,31,22,19,19,9,8,24,13
18,3,18,4,14,13,7,12,21,15
13,3,30,15,17,13,7,9,26,19
3,1,30,24,22,22,9,8,18,18
9,0,25,14,15,15,6,5,23,16
13,1,25,15,16,13,3,5,24,14
12,3,29,25,15,14,11,5,21,11
6,1,39,50,13,14,16,6,23,14
4,11,23,25,18,17,11,7,22,13
9,14,22,16,19,18,6,9,19,14
23,10,30,6,11,11,6,12,18,16
18,7,19,18,11,9,15,11,37,20
21,5,27,15,19,19,11,11,25,27
26,17,32,7,15,15,6,13,21,22
26,12,25,12,9,10,7,12,15,18
25,8,28,22,20,18,10,22,28,21
25,8,21,19,10,9,10,12,47,32
24,6,28,16,22,18,3,29,34,23
22,3,30,17,26,25,9,14,21,17
11,2,27,22,20,17,13,6,18,16
12,1,31,11,14,15,15,20,22,11
7,12,17,19,28,28,18,23,26,14
10,6,26,17,24,22,18,23,24,14
6,6,22,39,28,24,16,11,28,14
12,21,35,24,21,23,15,7,22,13
13,26,22,28,17,18,14,10,36,15
6,10,26,29,21,19,11,9,25,19
7,16,18,18,24,25,11,8,22,17
14,9,25,15,19,20,5,13,20,15
19,11,18,10,25,24,7,7,18,17
13,4,28,14,21,18,15,4,23,17
5,7,25,22,22,23,10,3,24,12
4,1,23,25,29,28,5,16,18,8
9,21,22,32,23,20,9,12,20,10
14,16,25,9,17,18,11,12,17,7
8,3,24,18,28,30,14,6,16,8
12,7,28,32,16,15,17,7,7,5
10,13,36,48,24,22,17,6,20,14
8,6,28,6,21,18,8,17,12,10
8,10,26,9,26,26,11,14,17,5
5,8,18,28,22,20,15,18,20,11
4,8,20,16,19,16,10,9,27,14
6,17,38,26,23,24,19,11,13,6
9,14,26,10,19,19,7,8,13,9
10,8,26,17,20,19,8,7,15,6
7,3,32,38,17,16,10,10,20,13
3,13,44,24,18,16,9,7,16,12
3,13,24,46,23,21,15,4,16,9
6,25,29,20,27,26,12,11,21,14
9,5,32,16,29,27,18,12,13,10
20,4,34,14,16,19,13,18,26,12
13,8,21,13,18,18,11,9,16,6
6,8,22,20,23,22,5,9,17,11
12,9,34,14,17,18,19,18,31,22
10,20,26,5,19,14,12,7,21,8
9,11,31,9,23,22,11,10,17,11
7,8,35,47,22,18,16,5,13,9
8,13,30,34,21,19,10,13,21,11
6,5,20,24,19,20,17,12,12,9
8,13,26,24,21,21,15,8,17,15
1,4,23,33,15,14,20,12,13,7
6,4,27,17,21,18,13,9,24,13
9,5,41,7,18,15,2,7,13,6
8,20,33,28,19,18,13,15,13,9
3,7,25,13,20,18,6,5,17,12
6,16,33,30,19,20,11,5,27,14
8,9,17,20,16,14,6,7,13,12
8,7,29,17,22,19,13,12,17,8
9,10,29,20,23,19,18,9,10,5
8,18,32,19,18,18,11,9,10,7
7,25,39,35,25,22,14,3,15,9
8,15,28,18,15,14,10,5,10,4
13,18,31,6,16,16,6,12,25,16
9,10,29,16,16,15,12,9,18,10
8,25,22,27,14,15,21,5,22,17
9,37,37,33,23,29,11,11,18,12
7,21,29,15,18,18,11,8,15,9
2,11,34,29,20,21,20,10,21,12
7,9,26,35,17,16,13,9,12,8
6,7,18,19,16,13,15,4,24,11
10,13,26,21,22,20,9,11,12,7
9,9,36,16,22,20,13,6,14,15
8,4,20,20,18,14,11,9,20,11
8,3,25,3,21,18,10,6,20,13
10,0,32,8,20,19,9,4,16,8
5,1,27,6,17,17,7,4,21,12
8,16,33,11,21,19,15,5,16,4
8,20,32,5,22,21,12,11,16,6
10,13,30,5,16,15,17,7,17,9
9,3,29,15,19,17,12,11,15,9
19,21,25,9,18,17,15,10,14,12
26,24,33,21,24,25,7,4,25,22
25,15,28,10,26,24,6,11,23,15
22,8,20,12,24,25,15,13,28,19
13,5,27,20,15,14,17,8,25,26
16,12,26,15,21,21,16,7,25,16
15,2,30,21,12,10,16,9,25,17
12,21,25,10,20,18,6,11,24,12
18,19,16,8,20,20,11,6,26,14
16,20,28,3,19,17,9,7,16,11
11,11,25,12,18,15,11,4,34,16
15,10,22,7,17,17,16,7,21,17
14,27,30,23,21,20,9,10,18,19
16,5,16,53,24,24,9,18,25,20
17,19,20,41,12,12,13,11,5,4
16,25,16,16,16,12,9,9,18,8
9,11,25,10,9,9,15,12,20,5
7,3,26,25,16,17,19,11,25,14
11,6,21,31,20,17,8,11,18,12
14,9,25,13,16,13,7,11,22,15
12,9,33,20,25,22,9,11,26,15
13,1,48,37,24,25,12,6,20,12
16,1,24,46,24,23,15,7,24,15
12,3,29,48,30,27,9,10,23,16
10,3,27,21,14,12,9,6,18,9
14,0,13,23,21,18,13,10,18,10
24,3,22,9,17,17,12,11,16,10
17,11,24,14,15,13,10,16,17,16
17,16,27,19,26,23,12,13,25,14
11,2,29,25,23,23,14,14,23,12
12,3,21,12,27,24,20,15,18,9
9,7,28,17,14,11,8,17,21,11
6,1,33,33,19,17,13,9,23,6
10,7,31,12,19,17,15,6,19,11
9,4,26,24,20,17,18,6,16,10
7,3,34,29,22,21,10,4,22,10
18,17,28,8,14,12,9,8,21,14
15,22,21,31,22,20,18,6,21,13
7,6,25,24,17,14,18,17,22,15
20,12,26,14,12,10,5,9,21,17
21,21,28,22,22,21,7,12,26,19
12,8,24,45,22,20,12,14,26,24
21,24,29,32,18,15,4,15,17,11
19,19,25,45,19,16,15,15,21,17
24,12,17,37,17,16,6,23,28,21
23,6,26,35,20,15,3,17,31,35
20,13,29,32,13,10,7,19,22,18
17,18,25,45,15,11,12,10,24,17
20,8,25,22,14,11,7,13,35,19
14,8,28,31,17,16,9,27,26,20
11,1,18,34,19,18,9,11,32,23
3,1,20,24,20,19,25,18,31,21
5,2,16,21,18,18,15,8,33,14
15,4,15,21,24,20,16,12,25,14
5,3,18,7,20,18,13,17,34,25
6,6,20,4,18,17,11,11,21,15
9,3,18,5,23,21,13,5,16,17
3,0,21,20,30,27,17,10,20,11
10,5,19,12,24,23,10,7,23,14
9,15,15,5,18,18,8,8,26,16
8,0,30,22,27,25,9,9,21,10
6,4,34,20,21,21,9,7,23,14
11,11,26,8,17,13,4,9,15,9
11,4,31,17,19,21,7,17,15,6
8,12,30,15,14,13,4,11,18,4
15,7,16,3,18,16,4,6,13,6
12,13,27,3,19,18,12,7,16,8
7,7,29,14,21,19,9,7,14,7
11,3,34,10,21,19,8,15,16,13
16,9,18,5,22,19,6,8,12,9
8,6,20,15,15,13,15,4,20,8
10,7,31,6,21,19,7,6,20,13
9,14,25,19,34,29,15,10,15,8
10,4,37,33,17,21,18,11,20,9
12,0,17,13,11,12,8,7,13,7
12,4,22,8,25,22,8,9,11,7
9,2,26,19,20,20,8,10,7,5
5,9,32,9,20,17,9,4,14,4
18,15,28,8,16,14,4,11,21,6
19,14,18,25,18,15,14,14,18,7
15,1,17,23,25,20,6,15,30,5
10,1,24,17,21,18,19,12,17,10
6,3,29,24,19,17,12,15,23,9
6,8,31,16,16,17,9,8,27,15
7,16,24,17,25,24,6,9,20,8
13,5,16,17,15,16,9,2,15,6
10,1,26,8,18,16,10,13,15,8
24,14,30,16,19,18,7,13,30,24
28,35,21,21,21,18,3,18,33,25
13,16,23,34,33,32,7,9,24,17
14,15,22,34,14,10,7,17,15,14
12,6,19,26,15,12,4,14,21,14
17,10,25,14,18,17,13,24,19,21
11,6,24,16,19,16,11,26,29,15
4,3,16,17,33,32,16,31,16,10
2,5,16,17,27,26,12,32,26,14
6,8,25,41,20,19,14,17,16,14
4,3,28,25,22,19,12,14,22,19
7,6,16,10,12,11,10,8,22,11
7,5,31,4,18,14,10,13,18,12
2,0,30,30,18,15,15,15,20,13
10,5,25,30,16,14,14,15,25,18
9,1,28,36,20,19,16,15,16,11
2,3,24,28,14,13,13,14,7,4
10,24,25,15,19,19,12,19,17,6
7,8,17,18,15,14,18,20,21,8
9,5,23,30,14,11,10,10,16,6
9,12,20,43,15,13,11,22,19,11
14,17,33,25,19,20,9,11,15,11
15,2,21,19,23,21,11,11,28,13
8,2,20,23,23,22,18,18,21,11
14,11,33,34,22,20,9,13,23,13
9,8,24,18,21,20,8,12,23,14
6,12,21,42,21,19,12,19,17,12
9,4,22,31,19,20,10,13,16,11
6,5,21,8,7,6,11,9,12,6
6,12,23,11,17,15,9,17,24,10
13,2,35,30,26,21,15,13,18,11
9,10,23,26,20,17,10,16,28,15
5,10,20,13,17,13,15,17,27,11
8,15,21,23,17,15,11,22,25,9
13,0,26,47,23,20,13,14,20,12
13,4,20,20,17,19,13,13,16,8
13,11,29,12,15,14,5,11,21,9
7,11,32,7,17,14,20,26,22,10
14,16,25,14,18,17,14,11,20,11
6,3,29,39,15,14,12,13,29,11
8,12,34,21,12,11,11,25,23,13
11,2,20,12,17,15,19,25,14,11
6,2,25,15,20,18,14,26,20,13
10,0,23,35,18,17,20,29,37,15
7,3,26,17,20,20,9,15,15,11
11,4,19,53,13,11,12,10,24,15
11,4,25,26,8,8,13,10,24,13
11,4,23,45,21,19,19,19,25,14
8,1,23,12,14,13,13,13,23,15
11,8,31,33,21,20,19,18,24,13
11,7,15,28,21,20,12,10,27,16
16,15,18,18,24,23,17,19,20,8
17,3,28,16,16,14,5,8,18,9
11,5,18,26,18,16,8,10,17,4
10,1,18,28,21,19,9,19,24,11
10,2,41,28,15,15,12,9,23,11
15,1,17,19,20,18,8,15,24,12
14,1,21,34,19,18,13,14,25,13
13,9,22,36,18,16,14,22,32,10
14,0,21,39,16,14,11,11,29,14
21,0,34,29,15,14,7,10,20,9
13,0,25,18,19,18,14,12,21,12
16,8,22,18,25,22,14,18,17,8
13,4,20,28,26,22,5,11,16,9
7,10,19,34,19,18,18,12,19,11
14,2,24,26,14,12,9,16,24,13
20,7,28,13,14,14,10,11,21,9
18,17,20,12,13,12,13,10,10,4
13,8,26,43,24,23,15,11,19,4
24,6,24,13,11,8,5,11,22,14
23,3,13,6,15,11,11,17,17,10
8,1,24,38,20,19,18,14,14,8
12,3,20,47,24,23,14,12,15,9
15,7,20,25,11,9,11,13,28,9
13,5,25,14,18,15,12,13,25,8
18,2,35,40,18,17,14,12,22,9
16,6,17,17,22,19,5,18,10,5
14,6,25,21,17,13,9,16,16,13
8,0,25,23,18,16,13,13,28,24
6,1,19,39,16,14,20,22,21,14
17,5,23,13,17,14,7,6,17,10
25,7,13,8,18,16,10,15,19,10
17,1,19,29,18,15,20,17,19,10
13,3,10,28,13,13,14,13,19,9
19,3,15,49,13,12,12,10,20,6
14,2,21,26,17,15,14,10,15,10
22,5,25,10,16,13,6,18,19,14
20,16,32,19,16,13,3,20,24,22
24,9,26,24,19,16,6,23,29,19
13,21,32,38,18,21,16,24,15,11
16,9,28,15,20,20,9,21,17,11
12,11,33,15,19,20,12,16,30,23
12,18,31,16,24,22,15,19,19,9
5,12,19,8,14,13,13,11,28,17
10,19,24,27,18,19,5,16,25,14
15,26,37,33,25,24,12,16,28,19
19,19,31,23,20,18,6,9,25,16
13,13,33,25,23,22,10,14,19,19
8,10,41,49,23,23,15,13,23,18
12,9,25,48,20,19,10,9,20,17
5,10,35,44,24,24,18,6,25,14
23,15,33,34,28,30,15,4,25,13
11,8,35,15,22,21,16,14,17,9
7,3,24,17,20,17,19,15,17,12
7,17,26,28,21,22,16,11,19,14
9,9,41,49,32,28,20,7,25,17
13,5,42,38,33,33,13,8,29,18
15,4,40,37,23,21,14,9,24,14
12,7,38,21,23,21,8,14,16,10
10,6,33,18,17,17,13,16,17,11
10,7,34,25,25,27,19,7,27,16
17,11,36,28,21,20,14,14,18,9
14,14,30,49,33,33,12,10,21,13
9,13,34,32,21,21,15,10,21,13
7,22,38,26,22,21,7,7,21,11
8,13,50,24,23,23,19,15,27,14
10,14,29,10,21,20,6,16,28,14
15,14,40,32,21,20,14,17,22,15
9,13,33,21,17,14,19,18,16,11
9,6,34,24,21,20,14,11,14,8
12,38,32,23,14,11,7,17,28,18
12,11,32,26,17,16,10,4,17,16
8,3,39,40,21,19,15,8,16,14
8,5,31,28,26,23,9,11,14,13
12,9,28,28,19,19,14,6,19,16
9,7,30,38,18,17,9,9,22,14
9,3,27,44,19,20,16,14,17,8
5,14,26,34,31,31,12,5,14,8
7,19,38,45,22,21,14,8,22,13
13,6,35,49,26,24,17,7,18,18
8,21,28,43,21,17,6,2,21,17
16,18,24,13,16,16,2,5,21,19
15,9,37,36,19,15,9,0,12,11
10,3,31,14,24,25,14,4,19,12
9,12,35,12,17,16,12,5,10,7
13,8,42,29,28,27,15,12,17,11
13,15,32,20,17,16,20,8,21,10
10,24,25,21,20,20,18,16,15,14
10,17,19,46,24,22,14,8,19,15
5,15,23,44,23,21,10,10,24,16
5,7,27,62,20,20,11,5,20,14
10,13,31,45,26,23,10,9,30,19
17,13,24,33,22,20,17,8,25,16
13,5,29,32,26,24,18,8,23,21
13,0,39,35,22,21,8,4,24,20
14,8,33,39,23,23,9,6,16,11
7,0,28,31,13,14,6,11,16,9
9,8,34,21,20,19,13,11,19,11
16,6,32,28,30,25,15,8,19,13
6,8,43,54,20,21,21,9,14,6
10,18,34,46,22,21,10,7,26,12
16,5,32,49,22,21,13,6,20,12
18,7,24,44,23,21,12,4,15,11
11,18,35,13,19,14,8,3,11,6
11,7,30,33,24,24,9,8,23,11
15,7,30,32,20,20,10,12,18,10
10,0,27,54,18,17,26,9,21,12
0,0,38,67,14,13,17,9,20,13
8,2,34,39,24,21,12,9,34,17
8,8,24,32,21,19,8,7,26,18
10,18,30,42,20,16,6,7,16,8
11,4,15,40,19,18,13,8,12,6
6,0,13,33,18,16,7,8,9,3
5,3,33,37,13,12,8,5,18,10
11,21,27,50,23,22,12,8,28,18
4,10,28,35,19,20,9,8,20,10
12,11,17,34,24,23,13,8,20,10
12,8,25,30,16,17,10,5,15,10
9,0,22,31,17,17,12,10,18,11
10,6,20,30,16,18,13,12,29,14
3,4,24,48,21,22,12,8,29,18
11,2,37,38,19,17,10,10,9,7
17,12,31,24,21,19,8,12,16,10
15,11,30,9,9,7,11,16,12,14
15,11,27,4,18,18,14,14,20,20
12,3,27,4,11,10,14,8,13,6
11,3,24,14,25,22,16,9,16,10
11,3,22,39,18,19,13,17,14,11
5,3,18,26,12,11,13,9,16,8
10,3,43,56,18,19,13,19,15,11
16,21,24,25,20,18,6,7,24,13
8,9,32,20,19,17,11,2,17,8
8,10,31,31,16,13,11,12,14,8
13,2,35,26,18,18,13,16,23,13
12,1,23,18,18,16,13,12,19,9
13,3,27,25,19,18,12,19,14,8
26,6,24,19,19,17,6,15,25,9
14,23,31,22,18,17,8,17,18,8
10,8,27,18,18,16,15,16,14,7
16,1,22,27,17,16,14,21,17,10
10,1,16,47,17,16,20,12,18,12
10,4,20,31,16,15,12,10,15,4
2,0,24,32,14,13,12,7,32,14
9,1,21,56,15,17,11,15,23,12
10,8,22,43,13,14,5,7,21,10
5,2,24,25,19,19,9,6,20,14
5,2,17,26,20,19,14,12,17,9
10,6,17,33,19,20,13,17,11,6
9,4,33,17,20,19,23,10,17,10
8,14,20,17,16,15,9,10,13,8
14,18,30,19,18,17,9,12,16,11
14,13,29,18,18,19,16,23,9,3
6,1,23,32,13,13,15,11,7,5
8,10,23,15,13,13,13,14,13,5
5,11,19,30,20,18,20,26,19,11
12,2,18,45,21,21,14,10,17,15
15,1,21,39,15,12,23,12,25,16
12,4,26,28,15,13,11,11,16,10
17,9,23,17,18,16,12,26,16,8
13,2,28,11,20,19,9,21,18,10
11,11,39,29,12,11,11,14,15,7
22,18,38,32,16,13,10,3,23,15
22,21,35,27,16,17,7,15,25,18
22,16,21,19,19,16,13,14,23,15
28,15,32,29,15,14,9,21,23,14
12,24,35,56,14,13,12,25,29,18
8,13,34,21,11,11,17,23,26,13
14,9,28,25,12,13,19,14,29,19
12,4,31,32,22,21,13,15,28,17
8,6,43,34,20,19,10,5,22,18
8,9,30,37,21,20,9,9,30,17
25,22,25,50,25,25,13,7,23,10
14,9,30,30,9,9,6,3,24,13
12,8,24,15,19,16,10,8,19,14
13,17,22,47,21,21,13,4,25,15
11,9,37,21,15,16,10,12,29,16
22,11,36,20,16,14,6,14,25,15
22,12,33,17,13,13,7,5,29,22
16,14,28,11,14,12,8,11,22,24
15,8,30,17,14,13,11,4,20,13
10,4,34,45,20,18,17,11,31,24
21,1,14,26,15,15,14,16,33,15
12,5,21,25,16,16,9,14,23,10
18,1,20,22,18,15,6,9,10,7
19,3,32,33,16,15,10,11,28,14
10,2,15,30,24,24,11,11,19,12
12,1,16,24,24,23,11,10,26,13
12,7,29,27,18,15,5,5,16,11
12,1,19,41,19,20,8,8,27,14
21,24,30,11,14,15,6,9,24,16
16,10,23,22,26,26,9,4,14,18
11,16,22,15,14,12,10,8,27,20
21,24,30,18,19,18,9,7,26,13
11,6,26,18,17,16,14,10,19,11
8,1,25,35,16,14,12,9,13,11
6,7,25,45,16,14,8,12,28,14
7,5,22,37,15,12,13,7,23,10
10,6,24,23,14,13,7,9,14,9
11,7,23,28,24,22,11,13,25,14
18,8,23,33,18,16,5,11,18,12
18,8,29,8,15,14,7,4,23,15
11,2,34,28,14,13,10,12,20,9
14,1,21,8,14,14,8,1,18,11
15,18,29,7,15,13,6,5,19,10
24,17,31,18,19,19,9,12,21,20
10,11,22,5,23,21,11,8,20,16
11,7,20,15,16,16,8,6,21,11
10,11,25,0,23,20,8,6,26,15
7,3,26,5,17,17,7,6,26,13
15,9,25,2,18,15,7,5,26,15
13,11,34,7,16,16,7,7,26,17
20,4,30,11,19,20,10,15,29,11
15,17,19,3,25,24,5,5,27,10
13,2,17,18,25,25,9,9,25,18
7,0,37,37,15,14,13,11,21,18
16,1,25,10,11,11,6,6,29,18
10,10,21,17,20,17,8,5,14,8
6,4,25,35,17,15,8,5,21,12
15,0,26,25,19,16,4,3,25,11
8,7,28,22,23,20,8,3,19,10
9,6,13,38,11,11,8,7,30,18
18,14,32,11,18,18,8,12,18,11
15,3,18,20,21,20,6,11,23,22
14,2,28,16,27,28,11,6,14,9
4,2,32,30,17,17,6,4,26,19
12,7,29,24,18,16,9,6,25,6
10,1,31,41,11,11,15,9,12,11
17,12,30,16,19,17,6,14,22,12
13,6,22,13,20,17,8,11,14,7
10,6,30,26,17,17,5,17,9,7
11,5,20,8,14,13,3,12,19,14
12,5,25,20,27,24,7,8,20,14
27,5,22,20,24,20,0,9,18,15
15,2,23,32,24,24,9,18,14,10
15,5,31,43,16,17,14,8,21,12
11,1,25,12,15,15,4,12,13,10
6,1,17,23,25,24,5,5,25,10
12,4,28,38,20,18,10,6,15,8
11,7,24,26,15,17,10,21,12,9
12,2,44,61,28,25,23,18,15,9
8,4,30,27,12,11,12,4,14,11
9,5,16,13,12,11,3,4,11,6
11,6,27,25,17,17,7,8,21,11
21,11,22,17,9,9,12,11,16,13
22,10,38,15,15,14,7,16,12,9
20,3,24,11,14,14,6,14,21,15
12,10,24,19,16,16,17,5,22,11
15,9,33,19,17,17,8,16,13,8
18,14,39,24,32,30,12,21,11,9
13,9,28,25,29,28,4,13,21,8
27,8,27,5,20,19,8,11,18,10
14,5,29,17,24,26,9,12,13,7
15,14,30,22,20,20,14,13,23,9
15,2,38,20,24,26,9,5,14,12
12,10,33,49,21,20,16,6,18,10
9,11,29,48,23,23,11,12,10,5
7,5,26,3,15,13,4,11,9,2
19,7,39,17,21,21,11,6,23,14
22,30,34,21,14,14,11,7,28,16
20,33,37,20,14,15,17,10,34,23
10,10,26,23,22,19,8,4,29,22
13,5,33,14,19,19,12,6,17,11
18,1,28,20,20,16,12,5,30,14
8,4,15,11,17,17,11,5,21,13
15,9,40,28,19,18,11,12,27,13
11,8,25,50,26,23,11,4,25,16
9,4,33,47,18,18,9,8,24,19
12,8,9,32,16,15,9,7,21,14
13,9,22,24,8,8,4,7,17,9
12,7,19,15,20,18,9,8,19,11
17,3,18,7,12,12,11,11,19,12
24,20,33,28,21,21,5,18,24,21
17,8,25,29,26,28,13,18,27,17
19,9,24,26,25,24,7,19,34,18
23,6,29,21,34,32,10,22,22,13
7,0,23,12,19,18,4,13,28,19
13,2,23,24,25,24,17,31,20,11
9,0,32,32,24,25,11,18,22,17
13,4,23,29,30,30,10,10,20,13
14,3,33,35,25,22,13,12,13,7
9,1,50,51,22,23,17,11,17,11
11,1,42,46,22,22,7,5,21,8
20,16,30,29,14,14,7,7,18,12
27,24,28,21,12,12,18,11,28,20
14,10,15,24,13,12,12,7,24,16
14,6,27,24,10,10,14,10,19,11
12,1,28,27,14,13,13,10,30,17
16,2,18,28,13,12,9,6,19,11
13,0,26,21,12,11,10,5,18,11
13,9,30,23,12,11,16,8,16,8
21,5,23,12,14,16,11,6,22,11
18,5,30,14,16,14,13,6,18,11
18,3,26,8,11,12,7,5,9,8
21,14,34,18,11,11,8,14,18,10
22,20,21,29,16,15,12,18,16,11
12,4,25,39,21,20,12,16,10,7
16,11,18,62,29,29,15,9,14,8
16,9,14,46,25,26,11,23,17,10
19,6,23,38,20,22,20,11,12,7
17,3,30,28,17,14,6,13,17,7
14,1,25,22,13,12,10,6,20,9
28,0,13,39,28,28,16,15,12,6
24,0,27,33,23,22,13,8,10,3
11,1,25,13,17,14,12,12,12,7
15,1,18,27,22,21,13,21,17,7
13,4,30,38,22,20,12,9,18,4
23,7,25,25,23,25,8,13,15,7
21,1,36,24,22,20,15,16,4,2
20,3,23,33,21,19,7,17,14,7
19,3,25,26,21,20,11,4,17,2
26,2,27,30,25,23,10,10,11,4
18,4,23,34,29,28,9,6,19,6
18,3,22,14,25,21,11,12,13,7
16,2,33,28,25,24,13,11,17,10
18,0,23,40,20,20,6,7,17,7
18,5,25,41,19,16,8,13,20,9
31,2,22,51,21,19,8,11,21,10
10,6,19,26,14,14,7,10,16,11
10,2,22,19,12,11,8,9,15,9
17,3,20,15,18,17,8,12,16,4
28,4,24,29,24,24,18,4,16,5
21,4,25,37,23,23,17,16,19,12
24,10,27,9,20,19,10,13,22,12
13,9,27,12,21,20,14,5,22,12
7,5,19,18,16,13,8,5,20,10
15,7,38,31,23,20,13,15,28,11
14,13,25,17,26,24,9,14,32,19
16,23,37,15,19,19,18,16,29,19
21,2,22,15,12,9,7,5,5,2
26,10,38,30,15,12,11,14,25,6
13,4,27,30,20,17,9,25,19,12
19,6,27,23,19,16,10,11,21,7
14,10,24,5,16,14,3,18,19,6
9,9,28,15,27,24,8,11,29,11
17,4,28,27,18,14,15,14,18,7
14,3,29,18,16,13,7,10,14,8
11,3,24,21,21,18,12,14,29,16
14,6,29,16,26,22,15,9,21,10
23,9,34,20,18,16,12,10,19,11
8,6,36,45,27,23,11,9,24,10
13,5,50,23,15,16,10,7,31,15
13,3,22,21,16,15,6,8,17,8
14,2,30,33,14,9,8,9,34,20
15,5,29,16,18,16,14,13,33,16
16,3,31,21,19,17,13,9,19,13
17,15,26,15,21,18,8,11,16,9
15,5,37,16,17,17,11,13,19,14
11,5,11,16,19,19,19,5,22,19
13,0,33,39,19,16,14,6,14,7
19,2,27,21,14,13,9,12,20,6
11,0,25,15,15,15,16,13,8,12
8,0,28,22,21,24,9,14,24,12
5,0,26,27,17,16,11,6,28,14
14,2,30,21,12,10,3,16,24,17
11,4,22,29,20,18,6,7,24,14
9,1,21,17,12,12,7,8,21,8
13,3,28,18,18,16,14,16,27,12
10,0,22,17,14,14,11,8,22,12
17,6,24,29,21,20,11,7,24,8
12,11,34,37,15,13,10,8,25,15
19,16,37,22,21,19,6,17,25,18
25,9,26,19,17,16,12,8,14,8
17,4,29,16,25,22,6,13,14,7
7,2,30,16,13,13,13,14,20,13
12,3,28,29,15,12,16,10,19,7
20,4,31,28,21,20,12,7,18,11
16,6,26,17,28,28,8,7,22,10
17,5,41,11,31,27,14,14,28,12
17,16,30,7,25,23,5,17,19,7
16,22,26,16,23,24,12,7,16,9
9,5,29,10,15,14,12,14,12,5
16,8,42,19,29,25,8,16,34,7
21,5,28,23,19,19,13,17,38,19
20,14,23,18,14,11,8,19,20,13
28,6,29,28,20,18,10,20,25,13
15,4,20,25,16,13,7,16,22,12
23,16,21,24,21,19,10,16,32,20
5,8,15,29,26,23,21,21,18,11
12,7,18,38,22,21,11,5,22,13
10,1,22,39,22,22,9,13,13,11
9,6,28,49,27,24,11,6,11,6
9,0,30,44,18,16,17,17,24,10
6,1,26,31,21,20,6,7,23,9
15,2,27,11,17,17,6,9,25,13
7,6,25,27,32,26,6,7,14,6
11,5,27,33,24,23,10,4,12,2
14,17,25,54,29,27,8,8,9,5
16,18,35,21,16,15,10,10,20,11
24,2,30,18,12,11,3,4,16,8
13,4,24,34,18,16,10,9,20,11
14,1,32,32,14,14,8,10,26,16
8,0,33,29,14,10,13,8,28,14
12,5,22,29,16,13,11,8,27,13
13,4,29,23,17,14,10,11,28,14
9,4,32,39,16,15,12,10,19,12
12,5,40,24,13,12,5,5,17,16
11,12,22,28,19,17,13,7,18,10
10,8,35,17,10,9,14,12,16,8
10,10,35,6,21,16,10,24,14,6
22,8,34,9,17,14,8,15,15,11
13,2,25,18,18,17,3,7,37,17
11,2,40,22,19,16,9,8,17,10
7,8,21,35,14,14,13,6,18,12
8,9,22,12,18,18,12,7,16,6
9,13,25,34,17,14,15,11,23,12
12,12,24,21,17,15,8,8,25,13
4,12,36,33,23,22,13,7,21,11
2,10,26,42,27,26,12,21,19,10
9,2,27,21,19,16,8,10,23,11
11,7,33,25,19,14,9,13,21,8
14,6,27,24,14,11,8,12,21,13
20,11,31,10,24,22,6,11,23,11
11,8,28,41,23,21,16,9,17,9
8,9,28,46,26,22,13,7,29,9
10,9,22,21,19,15,5,12,22,12
9,6,32,32,14,13,3,11,21,10
5,5,22,42,16,15,4,13,17,11
9,1,28,34,17,17,8,12,19,14
12,1,17,53,18,16,8,8,22,12
8,8,25,11,11,9,9,6,11,6
7,7,27,31,23,24,7,12,15,7
9,12,29,25,17,12,6,8,22,9
7,7,22,30,19,14,9,8,14,9
11,8,28,26,16,14,10,13,12,12
7,13,28,22,25,20,6,10,15,6
3,3,30,65,23,23,13,11,26,11
10,6,37,64,22,20,11,15,17,7
5,7,24,43,29,26,13,11,22,12
8,5,27,39,14,14,7,9,11,9
10,4,29,18,15,13,6,6,7,2
13,13,15,23,22,21,7,7,16,8
9,13,19,56,19,19,9,13,14,5
14,8,20,9,9,8,6,15,17,6
10,7,31,29,14,12,4,12,10,6
11,7,32,25,17,13,10,10,16,6
13,7,31,28,18,16,11,13,18,14
8,15,32,89,19,14,13,8,14,18
4,1,25,27,16,14,2,13,13,8
6,0,28,43,28,27,8,11,15,5
8,5,26,26,20,15,7,12,15,4
9,3,30,29,18,16,8,19,16,9
5,1,30,35,18,15,10,8,21,10
14,3,29,36,12,9,9,10,17,14
26,8,23,9,17,16,4,4,19,9
14,6,22,11,24,22,5,13,22,25
15,8,17,18,21,19,5,11,21,11
10,1,27,17,26,21,5,8,17,14
6,4,25,37,17,14,10,15,17,11
8,3,31,51,17,15,12,9,17,8
12,2,27,42,22,22,5,11,30,12
11,2,17,54,13,12,13,15,29,18
18,1,26,36,15,13,9,10,17,8
8,0,21,27,25,21,7,3,19,8
9,1,21,27,15,13,11,16,12,6
11,8,21,44,19,16,6,9,10,4
4,2,21,43,17,15,10,4,9,5
13,1,21,41,14,12,9,7,19,7
11,7,19,4,17,16,6,7,17,12
7,4,22,24,26,22,9,6,16,7
10,13,24,31,19,19,7,14,17,10
14,5,27,10,23,19,8,6,19,11
12,2,28,9,17,17,9,5,19,8
11,0,23,8,9,10,9,8,19,9
14,0,29,18,19,18,6,13,13,10
11,1,27,20,15,12,10,5,18,7
16,4,31,4,18,17,12,7,20,9
12,3,29,24,21,20,12,13,21,7
11,0,24,28,19,17,7,7,17,11
11,4,14,21,16,15,7,7,13,13
5,2,18,34,24,21,6,13,22,12
7,0,19,33,15,14,7,7,17,10
12,2,27,28,15,13,8,8,11,7
13,2,25,43,13,12,6,3,19,9
11,1,19,21,16,15,12,10,27,12
21,2,26,12,10,10,10,8,20,6
22,7,22,5,13,11,5,8,16,15
18,11,27,35,17,16,4,13,40,24
16,25,23,43,17,16,14,21,62,28
17,8,24,45,22,20,17,14,28,18
10,9,26,28,19,16,5,10,15,14
11,7,25,25,15,13,14,15,23,11
14,2,17,19,14,12,6,24,31,13
9,2,14,11,10,8,9,15,32,17
12,6,19,34,19,14,11,30,27,10
21,1,24,15,22,20,6,19,17,9
14,5,20,31,28,27,12,24,24,4
12,5,23,26,17,16,5,15,8,5
11,2,21,20,14,14,10,5,19,4
17,5,24,30,24,20,5,4,17,6
11,9,18,50,23,22,4,8,13,4
8,9,19,37,23,24,7,6,13,5
9,23,19,35,22,19,8,7,12,3
19,17,27,14,19,18,4,6,24,6
11,27,23,17,21,16,5,6,20,9
13,8,26,31,16,15,1,7,15,4
21,4,28,38,13,13,7,15,7,3
17,12,11,19,20,19,8,6,11,6
13,1,18,31,18,18,10,11,21,10
9,4,23,26,19,16,12,8,21,10
10,5,22,42,24,23,8,11,11,3
9,12,14,22,25,23,10,12,10,2
16,2,16,30,22,19,9,5,23,6
17,6,25,48,18,16,3,10,19,8
14,24,31,22,15,16,5,8,23,8
20,20,19,9,17,13,6,6,24,12
11,11,17,18,14,14,7,11,16,4
11,1,16,38,16,15,12,17,28,8
3,6,22,38,15,13,7,15,11,6
12,14,30,23,28,28,3,6,18,4
13,22,20,30,25,24,5,9,18,8
10,7,18,41,18,15,9,1,19,8
12,18,31,34,22,21,8,7,19,10
13,8,17,50,21,19,6,3,18,9
12,20,17,29,13,9,7,5,15,5
16,20,27,23,27,23,5,14,25,9
17,22,22,38,19,20,9,5,26,11
16,15,34,28,20,19,12,13,15,9
12,13,23,19,21,19,7,3,21,11
17,7,18,21,24,24,9,4,22,17
13,4,26,26,19,19,11,7,25,14
9,6,26,20,14,14,6,9,12,6
17,31,21,32,22,20,14,9,17,8
20,32,29,20,22,21,10,9,21,9
10,11,15,38,26,24,7,4,21,17
18,9,21,46,25,27,8,10,20,15
11,6,33,66,14,18,5,9,15,8
13,4,17,41,19,20,4,10,20,11
23,12,18,49,23,24,3,8,19,13
13,16,24,43,22,23,11,10,19,11
11,6,23,42,22,20,5,11,15,8
17,21,25,39,24,20,4,8,24,13
9,14,26,32,34,35,6,11,20,11
9,11,23,22,20,23,4,11,24,11
10,6,24,28,21,24,11,11,15,10
11,8,22,22,22,20,8,11,14,6
18,21,29,16,20,17,6,11,33,12
15,5,15,20,20,19,10,6,16,4
15,15,24,10,26,18,3,7,12,3
12,10,17,28,19,19,7,18,27,10
12,16,27,21,23,21,9,9,23,8
9,5,18,21,11,11,6,14,20,9
12,1,17,21,17,16,8,10,13,9
14,5,34,35,18,17,16,10,20,7
10,16,28,49,17,15,13,15,9,4
9,30,30,36,25,26,10,12,13,5
5,19,20,44,28,30,9,13,15,5
5,5,18,64,19,21,9,12,17,8
21,13,24,29,18,15,0,8,15,15
12,7,32,15,7,7,6,7,10,6
11,13,25,16,14,13,0,3,15,6
16,12,25,17,14,11,9,14,11,2
26,11,22,19,17,19,4,20,13,9
21,18,27,19,15,13,3,12,19,13
11,7,28,23,19,18,7,10,4,16
21,12,22,19,13,14,8,14,9,5
19,16,25,10,20,18,5,21,16,11
10,13,21,17,16,15,5,13,14,8
16,10,21,26,13,13,10,10,11,5
14,2,24,24,17,15,10,5,15,10
18,6,28,27,23,20,10,12,15,4
12,8,26,51,24,22,5,9,20,10
13,0,21,44,22,19,6,11,20,7
19,7,20,25,17,16,7,6,11,6
20,9,17,32,22,19,11,13,21,10
22,0,18,49,28,28,7,9,16,13
15,8,27,47,16,16,6,7,20,9
9,13,26,27,16,13,7,8,25,12
16,8,20,16,20,17,5,10,14,11
16,8,28,19,20,20,13,13,18,11
7,0,23,22,23,24,9,14,16,13
10,1,15,52,17,15,5,8,24,12
19,7,21,36,16,16,7,13,13,8
21,16,28,19,18,16,0,8,22,15
12,8,20,18,10,10,5,6,18,12
9,8,20,28,15,15,3,7,29,17
23,23,22,18,14,13,6,9,36,28
18,21,26,22,13,13,3,13,34,20
12,6,35,23,17,15,7,16,23,19
5,16,26,53,19,17,10,6,19,14
8,10,31,14,14,12,7,6,13,6
18,17,32,53,28,29,6,10,16,7
18,16,27,30,19,18,8,12,25,15
19,6,26,27,12,12,9,6,29,17
14,4,20,15,12,12,5,8,32,26
11,5,28,35,19,19,8,5,32,25
13,12,33,36,14,13,4,5,19,14
15,6,18,13,13,12,7,6,7,2
17,5,21,23,11,10,3,11,20,11
19,4,18,18,15,12,6,11,12,9
12,5,26,52,16,15,4,12,24,13
14,6,21,40,18,16,7,9,18,11
29,2,14,53,14,13,7,18,22,14
14,3,25,55,18,19,10,10,19,10
20,3,24,16,13,12,5,5,24,12
11,0,29,35,16,16,7,4,25,17
9,11,26,12,16,16,8,8,15,9
15,1,25,19,15,14,1,5,19,9
16,1,22,35,11,11,4,8,27,16
15,3,24,38,11,12,4,10,26,11
14,9,21,13,14,15,11,0,13,5
10,3,34,33,19,19,10,5,21,14
6,9,34,37,12,12,6,13,10,9
8,2,22,25,13,12,3,8,27,17
8,2,14,17,12,12,4,5,16,12
6,4,26,27,12,12,3,3,15,9
8,3,34,44,15,14,5,4,21,12
13,0,22,43,12,12,9,6,24,15
10,4,21,25,16,15,8,3,23,9
14,2,17,27,11,10,4,7,16,7
13,7,27,41,17,18,8,7,26,9
9,1,23,24,20,20,5,8,23,15
18,14,24,14,9,9,7,2,10,3
11,7,26,27,10,10,11,8,24,12
17,1,18,41,13,13,1,5,22,8
18,6,23,24,14,12,7,9,6,2
15,9,24,19,13,14,3,4,7,6
4,4,25,52,18,19,13,9,17,9
7,5,13,31,17,17,4,8,24,13
6,23,12,26,14,14,7,6,21,12
11,8,23,32,18,18,5,5,20,5
6,3,26,65,8,9,6,3,16,9
16,9,23,36,13,13,3,9,24,14
15,6,18,21,18,17,4,9,10,8
13,3,23,36,17,17,4,3,19,11
14,2,34,43,9,11,1,5,20,10
5,7,30,34,15,15,8,8,18,15
6,0,19,34,14,13,4,10,19,13
6,7,37,29,17,17,7,7,8,4
12,4,16,40,17,15,5,5,17,10
7,7,19,43,12,12,7,6,14,10
10,4,27,52,10,9,8,6,11,10
8,6,22,30,10,10,10,6,12,6
11,2,39,43,15,15,11,3,12,5
9,0,32,43,12,10,5,2,13,10
4,1,23,35,15,16,5,6,16,8
4,1,26,56,18,18,8,1,13,8
5,7,23,44,11,10,6,5,25,12
11,3,31,70,18,17,17,4,18,8
10,0,14,22,12,12,5,2,18,9
7,3,27,31,16,17,8,6,16,10
9,0,15,34,13,13,5,8,7,5
10,7,28,38,9,9,7,7,11,9
6,1,22,38,13,12,5,8,20,13
9,1,17,32,9,9,4,8,17,10
2,6,22,55,14,14,3,5,25,13
10,4,26,58,20,19,13,5,14,7
6,5,22,24,16,16,6,5,19,12
8,12,29,26,14,14,5,11,17,5
6,0,32,48,17,17,10,5,11,12
9,0,31,45,14,15,6,5,9,3
6,10,38,50,18,18,10,1,17,9
4,2,29,73,12,11,8,4,18,10
6,6,22,14,15,14,4,5,19,8
9,6,29,7,17,16,2,2,19,13
16,10,27,6,16,14,4,6,26,15
30,14,21,3,10,10,7,9,22,21
29,13,21,14,17,16,3,5,22,27
31,11,29,30,23,24,11,15,15,20
14,4,25,33,22,20,4,20,19,16
21,0,29,31,19,20,13,14,12,8
19,1,31,19,21,21,9,20,17,10
9,1,24,26,13,12,7,23,13,9
8,1,22,18,13,13,2,11,19,8
29,2,16,31,24,24,5,21,16,6
18,1,23,31,22,23,7,17,12,5
18,1,23,34,27,25,7,9,19,7
22,6,22,36,23,21,6,17,15,6
14,8,24,32,14,13,11,13,20,10
9,2,28,25,23,20,11,14,19,8
12,4,19,23,21,18,8,12,16,5
11,6,23,31,24,21,6,21,24,8
10,4,21,42,23,20,13,10,12,6
6,2,21,37,19,16,7,3,13,8
12,7,24,36,24,22,3,6,18,5
14,3,31,14,17,20,4,5,17,7
20,7,28,19,24,22,13,10,17,11
14,7,38,11,19,16,3,8,18,12
15,6,20,27,22,21,6,4,19,8
21,4,19,20,19,15,2,4,11,4
12,6,20,24,26,23,5,7,23,5
20,8,31,29,22,20,7,15,31,13
14,3,26,20,21,19,6,11,19,7
21,14,25,28,14,13,6,12,15,5
12,14,24,30,30,28,4,4,16,4
13,9,25,25,16,14,6,6,12,4
12,5,17,46,22,22,6,8,9,5
17,8,23,13,28,30,3,12,14,3
9,1,20,30,31,28,5,13,12,2
9,1,28,18,23,22,4,4,8,1
17,6,23,39,25,25,5,5,10,5
20,10,26,36,17,17,5,10,14,5
13,11,30,40,27,25,6,13,18,7
11,22,36,29,25,26,4,12,12,5
9,4,21,45,13,12,6,1,11,5
11,11,19,47,20,21,3,8,11,4
7,6,17,30,21,22,6,10,14,5
10,7,24,28,26,24,8,7,17,8
16,15,28,27,25,23,4,7,26,7
14,5,25,10,27,26,6,7,15,8
13,27,38,7,28,28,9,12,21,5
13,19,24,22,25,21,3,11,7,2
12,16,30,21,19,21,10,6,17,7
9,14,33,30,26,26,5,10,9,5
10,10,27,44,21,20,6,14,19,10
14,19,21,17,31,30,3,13,23,8
21,14,29,10,18,16,2,8,22,13
14,7,20,5,21,19,2,11,27,16
12,10,26,16,22,20,11,12,27,17
8,5,30,24,21,19,16,12,32,27
8,13,27,31,21,20,6,4,12,10
13,11,16,22,28,31,6,10,14,10
15,13,21,37,31,32,5,14,17,10
12,27,29,24,29,30,2,8,20,9
21,17,31,28,27,25,8,12,14,6
16,10,18,18,13,14,1,13,11,6
18,13,24,16,16,13,4,7,17,15
16,6,20,47,16,16,5,10,21,16
17,13,19,20,11,11,3,6,15,6
5,12,29,32,18,14,5,12,12,5
7,9,20,23,13,12,2,16,15,9
30,6,21,11,18,20,6,26,16,8
16,12,28,36,19,19,8,12,13,7
10,14,25,16,15,13,4,8,17,7
13,8,22,8,19,17,2,5,13,5
8,1,32,30,18,18,9,11,13,9
14,9,21,21,17,13,2,8,15,8
10,23,21,27,22,23,4,13,20,7
11,7,17,27,23,20,8,16,17,10
15,5,15,16,15,13,5,7,20,10
19,9,22,52,20,20,10,11,14,5
6,5,33,50,20,20,7,7,11,10
23,1,23,20,17,16,6,3,9,3
26,10,22,27,20,20,4,10,14,5
20,7,22,28,21,19,1,8,13,4
24,10,23,6,17,17,2,8,20,12
8,1,19,26,22,22,2,3,14,4
10,3,27,25,15,16,4,6,17,6
24,11,15,7,18,17,4,12,17,10
25,7,19,16,21,21,5,13,17,10
9,13,19,28,24,24,8,16,11,8
32,5,16,16,13,12,8,20,13,9
18,8,19,10,21,20,5,4,12,4
19,10,18,13,17,19,3,8,20,6
21,35,19,12,17,15,6,8,25,17
13,26,38,33,23,24,6,20,20,10
10,12,35,34,18,19,8,18,20,13
9,3,21,36,18,16,5,19,7,7
19,5,24,44,21,21,7,8,18,13
23,5,21,34,25,26,8,19,14,11
22,6,25,28,22,19,8,20,20,10
26,4,21,23,33,38,4,22,14,7
21,2,24,27,24,23,6,23,18,11
13,0,18,36,21,19,3,13,19,8
13,0,27,24,17,19,5,17,14,7
19,2,29,38,21,20,2,19,10,7
28,11,22,31,24,25,11,13,21,8
15,3,25,16,21,19,4,13,27,8
17,5,21,17,19,19,2,6,23,13
15,2,21,25,21,21,6,15,16,9
20,2,18,35,22,20,9,7,20,13
10,2,19,27,19,22,2,12,23,13
15,4,22,22,20,17,2,7,20,11
23,13,31,25,18,17,8,13,24,14
35,21,29,55,20,19,7,28,36,21
14,13,27,49,10,8,11,16,16,9
17,11,29,32,18,19,11,14,23,10
19,21,31,35,12,10,9,9,30,21
19,8,25,49,24,23,4,15,10,7
16,10,26,20,21,19,4,17,17,15
12,8,17,13,27,26,6,13,17,24
27,6,21,9,24,23,6,22,22,12
28,3,21,12,26,24,4,16,26,12
19,18,30,4,23,22,0,22,20,9
26,9,28,16,18,16,4,7,16,5
23,10,29,7,25,21,3,11,19,5
17,12,26,5,19,19,2,9,21,10
24,23,26,6,25,26,7,4,23,11
16,6,25,7,17,16,3,8,17,18
26,3,21,7,18,18,6,2,15,11
20,9,32,25,18,17,5,15,21,15
22,31,40,20,22,20,5,15,25,13
24,32,28,7,17,17,2,8,18,14
30,19,29,21,14,11,5,10,24,16
30,4,25,27,15,14,8,17,23,22
29,9,16,24,20,17,9,16,24,25
31,4,28,15,19,19,0,19,26,19
22,11,18,18,16,16,3,13,21,17
9,0,24,31,19,18,9,29,28,21
16,3,13,22,21,17,5,12,22,18
13,2,16,14,24,24,4,16,25,20
23,13,21,18,20,20,4,10,20,14
23,21,23,9,23,22,7,7,21,14
30,14,28,14,24,25,6,11,21,16
25,10,27,27,20,23,8,6,31,19
18,7,22,6,27,26,3,10,23,11
21,1,21,16,21,20,2,9,22,20
17,10,30,10,19,19,3,14,20,17
21,13,26,10,24,23,4,8,17,8
24,15,29,15,24,23,2,7,16,11
11,4,33,16,24,25,2,8,24,17
14,7,35,12,21,19,3,13,18,6
14,17,21,7,20,21,4,11,23,11
26,21,27,10,19,19,4,4,10,4
11,0,36,12,25,23,7,3,17,6
14,1,21,4,21,21,3,5,19,8
10,16,21,7,25,27,5,13,10,7
23,9,30,12,29,33,8,10,14,9
21,27,26,8,18,16,6,6,25,18
13,10,24,22,24,23,4,4,11,3
21,8,33,52,21,17,12,5,27,6
25,21,30,19,21,17,2,9,16,17
19,12,27,7,16,13,3,12,13,18
25,9,24,27,19,18,4,14,29,18
18,0,14,8,23,22,7,8,15,8
15,1,20,6,23,22,5,21,21,9
10,3,23,16,12,11,6,10,27,14
18,11,25,11,19,17,3,11,18,10
25,15,27,25,23,24,8,13,24,15
10,3,27,10,25,25,5,10,17,12
7,3,38,23,18,19,5,13,23,13
12,10,30,19,13,13,5,12,12,7
12,5,25,16,21,20,10,20,9,4
29,14,26,17,28,30,1,5,22,11
23,20,29,19,18,17,7,8,29,12
16,5,27,14,20,20,5,5,19,10
19,9,33,21,17,18,4,7,21,12
16,12,16,18,27,28,6,9,19,15
23,13,25,29,19,17,4,13,17,10
12,8,25,30,34,32,6,17,19,15
15,16,24,19,26,22,5,8,23,14
14,8,22,13,22,25,6,6,20,12
23,21,22,14,27,25,3,8,27,13
22,17,38,15,30,30,3,7,14,5
28,8,25,18,25,25,7,9,12,3
13,5,29,24,21,19,9,9,13,7
15,11,24,30,28,26,6,6,20,15
21,10,22,16,28,26,5,11,18,13
20,8,17,9,21,23,7,3,17,11
17,9,31,22,21,20,10,16,20,11
20,14,25,9,23,24,6,15,12,4
16,10,29,18,25,25,9,7,11,6
14,11,22,16,26,28,3,5,10,11
30,9,23,20,24,24,5,7,9,5
27,10,33,13,16,16,6,4,12,5
27,30,29,24,15,14,2,17,21,15
26,13,30,22,10,7,2,6,27,17
33,22,36,34,13,13,3,16,17,8
20,19,25,25,28,28,4,12,24,16
33,19,19,42,26,28,6,9,24,17
32,16,26,36,19,20,4,16,23,21
28,18,26,24,18,16,3,12,21,18
14,13,24,19,13,10,3,12,20,18
22,16,20,32,16,17,6,19,20,14
30,14,20,38,21,19,12,10,28,16
29,27,15,45,22,22,10,19,30,18
19,22,13,37,18,16,4,13,21,17
25,14,3,39,10,9,2,13,28,19
28,3,21,27,15,14,4,25,17,11
25,2,17,44,15,12,6,7,20,11
19,12,12,22,19,15,7,11,24,18
21,5,18,13,24,21,8,13,30,19
24,5,20,27,13,14,12,16,30,21
27,10,25,11,15,12,9,18,19,10
18,6,32,10,19,16,10,20,19,11
28,11,27,25,22,19,6,8,27,15
19,8,23,11,14,14,7,6,21,12
18,7,23,27,22,19,5,8,30,11
21,3,30,32,17,17,7,14,14,5
24,4,23,19,18,14,6,11,18,9
22,10,26,22,16,13,9,25,22,7
26,14,13,22,18,18,6,5,13,7
19,12,20,13,18,17,5,10,19,13
23,7,29,22,15,14,8,25,22,12
34,5,22,33,26,25,10,9,23,13
19,8,20,18,23,23,7,15,15,11
23,7,22,13,10,10,5,11,24,12
23,10,11,14,15,15,5,14,18,14
17,7,23,4,21,20,6,12,15,19
28,23,32,12,23,20,4,10,17,15
27,4,23,9,14,14,7,22,19,18
23,29,26,12,20,20,6,11,22,18
10,0,22,33,19,18,12,27,17,12
23,3,22,28,19,21,9,13,18,15
19,3,22,24,22,25,6,13,19,16
24,13,20,15,22,21,4,5,22,10
14,24,21,30,26,27,5,3,19,17
18,12,22,36,20,18,10,8,16,7
13,2,15,20,10,10,6,7,14,7
24,4,29,38,19,18,5,9,18,8
18,10,26,37,20,23,8,7,17,14
19,11,22,45,25,25,6,21,19,8
31,14,21,14,15,14,3,9,18,8
28,12,29,16,19,18,8,14,17,11
18,2,13,16,21,22,6,7,16,10
18,7,27,51,21,22,9,7,13,12
13,7,21,31,19,20,6,10,11,12
19,17,23,12,16,14,4,16,13,7
17,4,31,30,20,20,12,5,16,17
29,13,26,13,21,19,5,17,14,11
20,10,14,11,17,19,2,9,13,3
17,10,17,9,23,27,2,4,11,6
19,18,27,13,17,18,4,8,17,6
21,9,18,13,19,19,1,19,9,6
18,3,19,11,22,21,3,10,8,10
15,28,21,22,19,21,8,9,15,13
15,3,28,28,20,19,8,10,20,13
18,6,20,12,12,11,3,8,15,9
14,26,19,43,23,23,5,10,21,16
19,17,17,31,22,21,3,4,23,12
19,6,19,22,18,18,2,5,12,17
15,9,24,28,16,16,5,5,14,18
13,21,32,20,17,16,7,11,10,9
18,9,16,19,21,20,4,10,12,7
12,4,21,36,25,25,6,9,14,6
11,5,18,20,9,10,2,9,12,6
13,6,25,38,28,26,11,7,19,12
20,12,25,23,9,10,2,6,17,14
19,8,37,24,20,22,3,5,26,25
20,16,29,17,23,22,5,3,9,6
11,2,21,27,21,21,9,9,15,9
18,0,19,30,18,18,9,6,26,18
14,6,20,26,16,14,6,12,13,10
11,14,22,19,17,16,2,8,13,7
6,10,18,48,25,25,6,7,23,14
7,8,25,55,8,8,6,9,21,11
15,12,18,29,31,30,5,1,25,18
18,6,19,28,24,22,4,1,17,13
13,17,32,11,12,10,6,11,16,14
16,8,29,28,18,18,11,11,26,18
13,4,26,39,15,16,5,16,20,15
17,14,20,14,23,23,6,4,23,15
11,7,22,35,21,22,5,6,34,13
16,3,20,17,16,15,8,2,21,12
10,1,13,39,21,18,7,4,30,18
21,8,22,31,16,15,11,8,15,10
15,12,24,17,10,8,1,6,20,7
19,13,29,22,17,15,4,10,12,10
13,31,17,21,19,19,3,3,13,9
20,7,14,9,17,12,2,8,12,7
10,7,18,26,20,20,7,10,17,13
19,26,27,7,17,15,3,7,16,11
19,11,18,19,24,22,9,7,25,18
24,5,17,46,14,15,4,7,21,13
22,6,15,31,16,16,3,3,30,25
20,2,20,12,20,21,3,6,20,15
21,14,16,41,27,26,6,8,29,19
16,12,20,25,26,26,8,8,20,11
22,5,34,12,15,14,3,2,14,9
16,3,13,46,21,21,6,7,9,5
15,4,38,27,14,13,5,6,23,16
14,8,25,37,22,24,8,10,24,15
15,3,20,33,14,13,8,10,27,14
18,13,26,19,9,8,2,5,20,21
25,11,31,22,6,6,3,11,31,27
13,3,25,40,16,15,4,9,26,19
7,5,31,47,10,10,13,9,24,16
13,1,29,38,15,15,7,9,21,18
14,1,27,40,12,12,5,10,21,16
15,4,22,32,10,8,9,9,25,16
14,4,26,39,14,12,6,7,19,13
14,7,39,27,10,10,5,6,14,6
21,8,36,25,15,15,7,4,16,10
20,3,22,28,16,17,6,14,21,12
12,2,17,24,12,12,10,10,24,17
11,2,22,53,20,21,9,15,19,8
18,7,24,37,15,15,5,5,29,14
20,6,30,32,10,10,7,3,22,13
16,5,21,55,12,13,4,10,21,12
11,3,26,20,12,12,4,7,17,11
15,3,31,22,13,11,5,4,20,10
12,1,31,22,21,19,6,7,17,8
19,6,26,47,13,13,14,12,21,11
18,0,24,61,19,20,7,7,21,12
19,5,34,51,5,5,6,4,21,16
17,2,27,44,9,10,6,5,24,16
15,3,23,47,13,14,7,8,30,12
20,12,17,26,14,13,1,11,17,11
18,6,21,30,9,9,5,6,18,15
19,2,20,28,13,11,4,9,21,12
6,3,28,50,19,19,9,15,13,8
5,3,16,45,11,10,1,4,26,17
11,9,23,41,10,10,6,4,24,9
7,4,21,64,10,10,12,9,22,10
5,3,22,37,9,9,4,4,22,9
20,9,17,33,11,12,9,9,17,11
18,7,17,32,15,14,4,8,26,21
14,2,33,21,13,12,7,6,17,12
13,1,26,51,14,16,7,7,22,14
17,3,17,28,10,10,1,9,26,11
23,5,29,35,10,10,5,18,20,10
14,7,21,35,14,13,6,9,18,8
20,11,32,45,12,12,7,9,18,3
15,2,23,38,17,17,7,9,21,16
16,7,25,30,12,13,1,4,19,13
23,10,34,33,20,21,2,7,14,8
34,7,35,32,7,7,3,9,23,17
13,13,31,37,19,19,5,11,23,11
14,13,30,39,21,20,8,27,34,15
14,9,30,24,12,12,3,19,22,16
14,3,24,20,19,17,6,16,29,17
19,6,30,19,25,22,5,22,27,13
26,3,20,24,29,27,8,14,17,10
13,2,27,12,16,16,4,11,21,12
13,4,27,34,19,18,7,11,16,6
18,2,28,35,23,22,6,26,10,4
25,6,31,43,27,26,6,11,16,8
16,5,28,20,19,17,1,10,20,10
16,7,46,25,18,16,2,16,24,13
8,3,28,5,22,22,5,5,22,10
13,1,22,24,29,29,7,10,26,16
13,10,28,20,21,21,6,3,32,17
19,14,23,17,24,23,3,7,16,8
12,5,25,25,25,20,2,8,26,10
19,16,37,14,19,20,5,9,25,12
7,5,36,20,31,31,0,5,21,14
6,12,30,41,17,18,7,6,25,9
7,2,30,39,17,18,3,3,30,10
16,12,31,14,29,29,2,9,26,16
17,11,36,13,19,21,3,13,27,11
11,3,19,36,25,28,6,13,21,10
6,7,27,34,25,24,7,12,12,9
22,10,33,14,24,25,5,22,17,13
11,3,32,27,21,21,7,9,26,7
15,4,23,14,20,18,1,7,16,6
16,9,30,15,28,27,1,8,15,13
19,8,29,6,17,16,9,10,24,20
20,8,32,8,22,20,5,17,29,12
13,1,31,19,23,24,1,12,24,6
16,1,23,25,20,19,5,9,23,13
8,0,34,30,17,17,6,3,25,14
12,12,28,28,25,23,5,10,34,12
6,10,25,18,25,20,4,6,17,7
10,3,27,46,27,29,7,5,16,12
10,3,18,31,18,16,8,7,10,5
17,7,18,15,24,25,9,4,18,16
27,5,22,52,23,18,9,4,16,8
12,4,22,39,25,25,8,6,27,17
7,5,20,12,12,11,2,5,14,8
12,5,23,18,21,23,6,6,20,11
22,14,22,32,24,23,5,5,24,12
21,25,28,10,24,26,4,4,29,14
10,4,20,20,19,20,6,7,26,10
15,15,11,15,19,17,5,2,21,14
23,27,27,20,33,32,6,9,18,12
18,9,22,17,22,19,1,7,14,10
7,5,14,41,17,16,3,6,20,13
14,22,27,17,17,16,4,3,19,12
17,32,24,7,24,25,3,4,16,9
10,14,20,23,24,23,6,3,22,11
10,2,19,31,20,18,8,7,25,17
14,13,11,30,17,13,12,6,25,11
11,12,24,27,15,14,8,6,36,19
8,24,20,29,22,21,5,9,18,12
11,13,25,24,19,16,1,11,31,13
17,29,21,11,25,23,4,5,21,10
12,20,27,39,14,12,3,7,12,7
10,15,19,24,10,12,1,6,19,10
9,29,17,36,30,27,8,6,19,9
9,2,12,38,16,16,6,2,23,12
21,19,25,8,15,15,0,13,23,13
19,26,29,1,20,19,4,6,12,4
28,41,25,19,18,17,10,9,24,9
31,24,23,13,17,15,7,4,14,11
15,10,16,10,18,16,2,7,12,12
35,27,14,24,29,25,3,5,18,12
18,9,17,4,15,12,1,3,20,15
11,9,20,9,21,20,3,7,18,12
9,21,34,24,20,19,6,7,23,18
7,9,10,44,18,19,7,13,31,18
9,8,23,27,19,18,1,8,22,11
9,12,11,32,22,20,1,1,21,12
18,9,20,7,25,23,3,5,23,13
15,11,12,17,26,26,4,5,21,8
16,15,27,25,21,19,6,6,15,9
18,11,17,14,12,11,7,5,10,6
17,20,27,33,21,19,6,4,16,8
22,24,35,17,19,17,4,5,28,12
26,15,29,11,13,14,3,1,19,8
8,5,28,8,17,16,3,8,26,12
18,17,24,3,18,17,7,5,17,4
26,22,32,16,22,22,8,3,23,7
9,17,31,13,25,23,7,9,14,5
15,7,25,8,21,17,3,8,23,11
17,10,25,23,24,22,7,14,14,4
21,10,29,19,23,19,10,20,15,6
11,2,22,18,22,21,3,7,24,12
15,3,23,19,21,17,4,13,24,12
6,8,18,40,27,33,11,22,34,14
5,11,33,49,14,14,5,6,30,19
14,6,33,22,18,19,0,3,33,16
12,18,27,9,13,11,5,2,24,12
11,17,23,20,19,18,3,4,32,17
12,11,26,33,14,15,10,4,18,9
17,21,17,16,16,15,5,5,26,15
11,14,23,38,17,16,3,13,21,12
9,4,26,29,18,16,5,2,33,17
17,6,26,28,29,31,5,13,31,9
13,15,27,30,19,18,4,5,27,10
10,17,21,42,20,20,3,3,21,13
24,10,24,18,10,9,3,7,14,8
26,11,31,22,15,12,6,12,20,8
19,6,39,8,11,10,4,5,9,5
16,3,32,18,10,9,8,12,11,3
14,2,29,31,17,16,7,11,20,12
12,5,25,24,12,12,6,7,23,13
28,20,25,16,17,14,4,10,16,4
38,16,37,29,14,14,7,5,34,17
38,11,33,13,13,12,5,3,38,15
26,28,23,18,14,12,8,5,25,14
14,12,20,3,12,11,4,3,29,20
22,10,22,3,10,10,4,5,8,4
13,2,18,41,20,20,7,8,21,13
32,3,14,18,14,11,4,11,12,8
12,1,23,19,15,14,6,2,21,12
14,8,26,8,11,10,3,15,20,10
24,2,28,11,21,23,7,3,25,14
16,9,28,5,10,8,8,7,23,15
18,7,26,6,11,11,5,2,16,11
28,5,23,15,19,19,5,9,20,15
20,3,23,7,10,10,2,9,25,11
28,14,28,16,14,14,3,7,22,8
22,11,29,1,12,12,3,6,35,17
14,0,22,20,10,9,7,14,28,18
11,3,19,16,11,11,6,10,22,9
24,8,19,6,17,17,4,8,17,6
22,4,31,14,16,16,4,7,19,6
11,0,30,33,14,13,3,8,27,14
15,4,33,8,11,10,4,6,15,8
22,10,25,0,14,14,8,8,15,8
13,4,21,16,11,11,10,4,22,14
20,14,13,14,11,10,3,8,26,14
15,10,30,8,18,18,6,5,25,15
20,15,30,11,13,13,9,11,24,13
18,10,37,10,11,13,9,6,18,9
12,5,28,19,15,16,6,10,15,9
14,5,32,21,22,24,12,6,20,8
15,3,33,17,12,11,8,7,22,13
21,6,35,22,12,12,7,5,24,11
13,1,39,25,19,19,5,6,14,10
19,1,28,20,12,12,5,4,23,14
5,1,38,36,21,20,10,9,25,15
16,3,27,11,6,4,3,8,20,7
14,0,24,18,17,17,7,4,13,5
13,2,44,27,11,10,2,8,16,10
8,1,32,12,17,17,3,7,21,10
16,2,17,10,14,14,5,4,28,11
22,4,25,15,12,10,3,2,10,5
29,16,39,15,15,14,3,7,11,5
14,26,30,46,16,14,11,22,16,11
14,8,30,25,13,13,5,26,14,6
24,9,24,29,18,17,12,21,20,13
9,2,17,8,15,15,6,17,16,15
10,6,24,23,12,11,4,11,30,13
21,7,25,30,16,15,9,12,24,15
19,10,20,40,15,15,10,15,21,10
32,7,31,13,22,20,6,19,14,6
20,6,30,18,20,18,2,9,12,7
12,5,27,35,17,16,4,7,19,8
15,11,27,26,14,12,4,9,15,10
14,1,31,33,16,16,5,9,21,9
18,5,15,27,18,18,7,18,20,13
11,5,15,29,20,17,9,9,20,7
21,3,23,36,13,13,5,17,16,6
23,17,26,36,20,19,8,12,25,14
32,29,13,24,19,20,7,4,13,11
24,11,19,24,19,20,7,12,18,7
12,11,20,18,23,23,3,9,18,6
9,5,25,30,20,17,6,5,10,1
12,9,30,20,13,12,4,4,11,3
14,5,28,33,31,31,8,9,9,3
15,1,23,37,22,21,5,8,15,8
20,3,22,15,11,8,4,9,12,5
25,19,22,16,20,17,4,7,19,13
28,7,15,18,25,25,5,4,18,9
19,19,18,32,25,27,11,5,29,13
21,14,18,28,24,23,9,7,19,11
11,19,17,14,17,17,3,16,14,9
19,11,26,30,22,24,5,11,13,8
10,12,36,22,15,15,8,22,28,15
15,3,25,19,17,15,5,6,15,4
9,6,17,11,9,9,9,1,9,7
31,11,24,18,22,20,3,13,14,3
25,27,21,16,29,23,7,7,29,11
22,22,26,14,22,20,6,11,30,11
25,7,17,18,26,24,8,16,28,14
20,29,22,11,21,21,7,6,18,11
12,20,26,24,17,15,3,6,12,9
17,13,18,15,15,14,4,14,14,6
29,12,31,9,20,18,4,6,14,6
19,13,29,11,19,19,8,6,20,9
16,11,19,18,21,19,4,11,13,9
13,3,26,24,18,19,10,17,14,5
16,4,13,15,19,19,7,11,13,9
18,7,23,16,22,18,5,13,11,6
12,11,14,10,19,18,1,10,14,5
19,17,32,17,28,28,2,5,17,9
27,6,26,16,22,21,5,4,18,9
24,4,22,23,26,25,4,12,17,8
20,10,27,24,20,18,8,7,9,5
27,7,24,46,26,24,10,11,32,8
25,6,18,39,18,15,11,7,15,8
25,8,16,20,14,13,4,6,14,3
22,20,28,28,25,25,8,12,14,10
27,11,22,15,22,21,5,5,24,14
28,5,8,25,20,20,4,20,29,14
14,4,19,35,16,18,5,7,22,13
16,0,25,24,14,14,6,13,14,7
14,18,30,50,24,25,5,17,21,8
25,21,34,19,13,14,6,4,16,10
11,5,31,19,9,8,3,4,13,6
17,1,26,9,11,10,0,6,18,6
14,0,25,8,13,12,2,6,14,10
13,12,27,35,22,21,6,6,12,3
11,6,30,11,11,11,4,7,14,7
19,8,30,21,14,11,4,5,18,4
29,1,27,16,19,15,3,8,11,5
20,2,21,10,5,4,4,7,9,4
11,2,25,21,10,9,1,20,9,6
24,5,34,13,17,14,6,10,24,10
17,1,28,31,16,15,5,22,22,6
13,1,26,42,15,15,8,9,16,6
23,2,30,46,14,13,13,6,22,8
23,6,24,6,18,18,3,15,18,10
24,3,26,23,15,15,6,8,10,12
18,0,25,38,15,16,3,9,9,7
16,1,32,46,11,10,3,7,15,7
21,5,19,10,17,17,1,6,19,5
33,11,28,5,15,15,4,10,13,10
26,10,28,35,8,9,4,10,25,18
24,13,29,15,10,9,1,13,32,19
26,12,32,19,16,11,7,17,32,20
25,16,42,6,15,13,7,18,24,14
24,8,22,15,8,8,6,12,38,22
22,19,44,1,15,14,0,9,25,11
14,25,30,1,15,13,6,5,28,9
20,22,30,8,10,9,3,7,29,16
24,26,27,8,22,21,2,11,28,15
15,4,31,9,8,8,3,3,23,14
14,12,25,5,13,12,7,8,12,6
26,19,38,6,11,10,0,13,19,9
23,19,37,12,12,11,3,10,12,7
21,27,40,10,18,13,5,10,18,9
24,15,18,27,16,13,0,9,28,11
14,3,27,35,12,12,3,9,23,11
27,8,19,22,10,8,4,8,24,17
31,7,16,20,13,11,2,3,19,11
32,5,35,50,20,18,8,6,30,22
14,6,22,42,19,19,9,7,15,9
18,23,32,34,17,16,19,7,32,14
17,0,20,29,16,15,4,5,12,12
12,1,12,12,15,15,5,5,19,17
16,1,16,19,23,21,2,6,15,10
14,7,12,29,19,16,6,7,19,11
21,12,18,25,18,18,6,10,15,7
23,14,23,11,16,17,2,3,15,4
19,10,27,21,20,18,4,9,18,7
29,4,21,24,33,29,4,17,15,2
15,1,26,4,11,8,3,6,22,7
16,17,25,14,24,23,4,5,10,7
26,8,29,5,37,36,8,6,13,9
20,13,29,8,26,24,5,5,14,6
21,11,30,13,29,28,5,8,9,4
25,17,37,20,7,5,6,8,14,3
23,6,26,15,6,3,5,6,23,9
12,3,24,12,20,17,0,4,20,8
11,4,27,25,17,16,3,7,27,13
23,8,25,16,9,9,4,11,23,13
18,16,18,19,18,17,7,11,23,8
15,16,17,38,15,13,4,17,28,14
21,9,18,22,10,10,3,8,35,16
23,13,22,13,22,18,5,3,31,16
28,33,25,9,9,9,2,5,20,16
17,13,17,2,18,17,1,6,18,10
14,9,20,8,14,10,6,10,17,11
18,6,21,15,14,14,8,20,15,6
13,8,24,10,15,13,4,19,31,14
15,7,28,22,28,29,6,12,9,2
14,19,36,17,13,13,9,8,16,7
24,7,25,29,15,15,5,6,25,11
22,13,31,23,9,9,3,5,28,13
13,11,32,29,25,22,4,7,15,8
18,13,29,20,10,10,2,10,15,10
23,7,26,39,14,15,6,12,16,10
18,2,26,15,19,18,4,15,16,6
16,3,17,17,16,14,4,15,27,18
17,5,23,12,17,16,3,19,26,9
19,9,25,22,18,17,6,27,20,10
22,7,28,30,18,18,5,27,40,19
14,13,37,52,25,25,8,3,26,9
12,16,34,19,18,18,3,21,21,5
18,13,26,23,17,17,2,14,28,12
19,4,23,11,28,26,3,6,28,10
16,18,24,16,21,20,4,13,17,6
17,12,29,9,19,18,4,9,20,6
17,3,20,14,23,20,6,12,20,8
17,11,29,15,25,26,3,15,19,7
16,7,25,12,21,20,5,9,16,9
11,8,21,12,24,20,1,6,18,3
8,4,30,34,24,23,9,8,11,5
15,14,29,16,19,19,7,7,18,8
8,13,30,23,23,20,2,5,23,9
16,13,26,21,28,26,4,18,12,8
11,18,27,11,27,24,4,8,8,5
4,5,31,20,15,12,6,13,28,13
15,6,31,17,24,21,4,15,20,10
21,15,37,20,24,27,1,10,16,10
20,11,41,20,21,19,9,6,9,4
14,21,29,11,21,20,4,6,17,10
21,17,35,12,25,24,3,8,18,10
21,40,29,13,27,24,7,6,18,6
16,16,28,14,23,20,3,3,15,5
10,15,31,21,24,23,5,10,20,9
12,5,30,34,24,22,5,3,10,2
16,9,41,27,23,22,7,7,19,11
16,21,19,17,18,18,4,6,21,10
19,22,24,2,19,20,2,6,20,12
12,24,24,26,30,33,3,6,31,11
15,6,24,20,19,20,8,4,12,7
21,7,35,13,25,22,1,3,20,12
10,32,34,26,28,26,7,14,12,8
17,19,32,15,23,22,3,6,28,11
9,14,23,8,23,24,7,6,11,5
10,10,22,24,24,22,6,3,12,8
17,23,35,32,18,18,9,1,23,7
23,11,21,10,29,29,4,7,13,6
28,4,29,29,28,26,5,9,10,2
30,13,20,37,19,22,5,7,25,11
10,12,15,19,20,20,0,9,19,6
16,15,26,27,23,21,11,8,16,7
17,6,26,4,27,23,11,6,17,11
11,2,27,9,19,20,4,7,9,8
18,1,30,11,24,21,2,8,20,12
8,0,16,19,21,22,3,6,30,6
13,11,19,15,21,20,1,12,26,10
29,26,18,11,16,18,3,14,23,12
18,17,14,7,18,17,4,9,18,12
14,16,25,6,17,16,3,10,24,11
19,10,25,28,21,18,7,10,17,7
11,0,19,7,23,20,2,4,20,13
18,4,24,21,17,15,3,10,16,8
12,3,30,28,21,20,3,4,14,6
14,7,23,31,18,18,2,11,16,9
15,2,19,8,22,25,2,4,20,13
9,9,17,22,22,18,5,6,26,14
18,6,22,9,23,19,2,7,21,12
13,2,27,20,24,23,3,15,17,10
18,4,19,15,24,23,3,5,8,4
16,8,28,29,23,28,9,13,12,4
NaN,NaN,NaN,NaN,NaN,NaN,NaN,NaN,NaN,NaN
NaN,NaN,NaN,NaN,NaN,NaN,NaN,NaN,NaN,NaN
NaN,NaN,NaN,NaN,NaN,NaN,NaN,NaN,NaN,NaN
NaN,NaN,NaN,NaN,NaN,NaN,NaN,NaN,NaN,NaN
NaN,NaN,NaN,NaN,NaN,NaN,NaN,NaN,NaN,NaN
NaN,NaN,NaN,NaN,NaN,NaN,NaN,NaN,NaN,NaN
NaN,NaN,NaN,NaN,NaN,NaN,NaN,NaN,NaN,NaN
NaN,NaN,NaN,NaN,NaN,NaN,NaN,NaN,NaN,NaN
NaN,NaN,NaN,NaN,NaN,NaN,NaN,NaN,NaN,NaN
NaN,NaN,NaN,NaN,NaN,NaN,NaN,NaN,NaN,NaN
NaN,NaN,NaN,NaN,NaN,NaN,NaN,NaN,NaN,NaN
