run_dir,model_type,test_loss,test_corr,best_val_corr,total_params,trainable_params,epochs_trained,mean_pattern_corr,loo_mean_corr,model_sample_mean_corr,neurons_model_beats_loo,experiment,status,kernel_sizes,learning_rate,weight_decay,conv_channels
results/base_cnn_kernel_sweep_2026-02-15_19-39-07/trial_0000_learning_rate=1.0e-04,cnn,0.18411258256435395,0.2062845575885474,0.2046205330806685,39743,39743,50,0.49205669782664657,0.47275709111471625,0.3674538924712717,24,trial_0000_learning_rate=1.0e-04,completed,[1],0.0001,0.0,[64]
results/base_cnn_kernel_sweep_2026-02-15_19-39-07/trial_0001_learning_rate=1.0e-04,cnn,0.18171251952648163,0.22983786731707728,0.22625320025220574,63039,63039,50,0.5568152631716272,0.47275709111471625,0.4058380353641895,22,trial_0001_learning_rate=1.0e-04,completed,[1],0.0001,0.0,[128]
results/base_cnn_kernel_sweep_2026-02-15_19-39-07/trial_0002_learning_rate=1.0e-04,cnn,0.17986146581172943,0.24568745882460535,0.24226545651990686,109631,109631,50,0.6125902409344074,0.47275709111471625,0.43625740091976134,24,trial_0002_learning_rate=1.0e-04,completed,[1],0.0001,0.0,[256]
results/base_cnn_kernel_sweep_2026-02-15_19-39-07/trial_0003_learning_rate=1.0e-04,cnn,0.1835405739545822,0.20851390356025282,0.20778554014612763,39743,39743,50,0.48161158240985535,0.47275709111471625,0.35976563005991424,20,trial_0003_learning_rate=1.0e-04,completed,[1],0.0001,1e-05,[64]
results/base_cnn_kernel_sweep_2026-02-15_19-39-07/trial_0004_learning_rate=1.0e-04,cnn,0.18174625301361083,0.2261275372953784,0.22334922978591745,63039,63039,50,0.5497064556255594,0.47275709111471625,0.40511699987255045,24,trial_0004_learning_rate=1.0e-04,completed,[1],0.0001,1e-05,[128]
results/base_cnn_kernel_sweep_2026-02-15_19-39-07/trial_0005_learning_rate=1.0e-04,cnn,0.18003209936618805,0.24530882223212586,0.2428664766613862,109631,109631,50,0.6207120532152833,0.47275709111471625,0.4447498626012314,24,trial_0005_learning_rate=1.0e-04,completed,[1],0.0001,1e-05,[256]
results/base_cnn_kernel_sweep_2026-02-15_19-39-07/trial_0006_learning_rate=1.0e-04,cnn,0.18346261632442473,0.21134289205316725,0.2083937310791922,39743,39743,50,0.49123141336283005,0.47275709111471625,0.36255867571695377,23,trial_0006_learning_rate=1.0e-04,completed,[1],0.0001,0.0001,[64]
results/base_cnn_kernel_sweep_2026-02-15_19-39-07/trial_0007_learning_rate=1.0e-04,cnn,0.18134697759151458,0.22828548639123192,0.22596925674633614,63039,63039,50,0.5494069615507805,0.47275709111471625,0.4023020974208376,22,trial_0007_learning_rate=1.0e-04,completed,[1],0.0001,0.0001,[128]
results/base_cnn_kernel_sweep_2026-02-15_19-39-07/trial_0008_learning_rate=1.0e-04,cnn,0.17982725417613984,0.24572502571309401,0.2429153514016931,109631,109631,50,0.6207899312806219,0.47275709111471625,0.4428117901535907,24,trial_0008_learning_rate=1.0e-04,completed,[1],0.0001,0.0001,[256]
results/base_cnn_kernel_sweep_2026-02-15_19-39-07/trial_0009_learning_rate=1.0e-04,cnn,0.1836549253463745,0.20801002134585858,0.2061564317446023,39743,39743,50,0.4814285458742006,0.47275709111471625,0.3625225678439597,21,trial_0009_learning_rate=1.0e-04,completed,[1],0.0001,0.001,[64]
results/base_cnn_kernel_sweep_2026-02-15_19-39-07/trial_0010_learning_rate=1.0e-04,cnn,0.18130173766613006,0.2311275986763755,0.22914151799005708,63039,63039,50,0.5674464182425508,0.47275709111471625,0.4111215804508352,22,trial_0010_learning_rate=1.0e-04,completed,[1],0.0001,0.001,[128]
results/base_cnn_kernel_sweep_2026-02-15_19-39-07/trial_0011_learning_rate=1.0e-04,cnn,0.180138100028038,0.2454634689645581,0.24304974898924162,109631,109631,50,0.625867934954334,0.47275709111471625,0.44713289878675133,24,trial_0011_learning_rate=1.0e-04,completed,[1],0.0001,0.001,[256]
results/base_cnn_kernel_sweep_2026-02-15_19-39-07/trial_0012_learning_rate=1.0e-03,cnn,0.17905429553985597,0.2556912090050161,0.2512061985924315,39743,39743,50,0.6448996563318815,0.47275709111471625,0.44406496427146747,24,trial_0012_learning_rate=1.0e-03,completed,[1],0.001,0.0,[64]
results/base_cnn_kernel_sweep_2026-02-15_19-39-07/trial_0013_learning_rate=1.0e-03,cnn,0.17848417711257936,0.26066069476634657,0.256378393996616,63039,63039,50,0.6581893084120461,0.47275709111471625,0.4608295911478171,26,trial_0013_learning_rate=1.0e-03,completed,[1],0.001,0.0,[128]
results/base_cnn_kernel_sweep_2026-02-15_19-39-07/trial_0014_learning_rate=1.0e-03,cnn,0.17838328683376312,0.26211964178114905,0.2597437302617879,109631,109631,50,0.6795358757599226,0.47275709111471625,0.47527185748625245,26,trial_0014_learning_rate=1.0e-03,completed,[1],0.001,0.0,[256]
results/base_cnn_kernel_sweep_2026-02-15_19-39-07/trial_0015_learning_rate=1.0e-03,cnn,0.1791432420015335,0.2548251935388529,0.2519493737127082,39743,39743,50,0.6426865026121841,0.47275709111471625,0.44160695789362553,23,trial_0015_learning_rate=1.0e-03,completed,[1],0.001,1e-05,[64]
results/base_cnn_kernel_sweep_2026-02-15_19-39-07/trial_0016_learning_rate=1.0e-03,cnn,0.17842048978805541,0.2602344642801243,0.25651244407539425,63039,63039,50,0.6592118141150676,0.47275709111471625,0.4669171760275963,26,trial_0016_learning_rate=1.0e-03,completed,[1],0.001,1e-05,[128]
results/base_cnn_kernel_sweep_2026-02-15_19-39-07/trial_0017_learning_rate=1.0e-03,cnn,0.17832984817028047,0.26352530861123347,0.2591340869598283,109631,109631,50,0.6723905408262693,0.47275709111471625,0.47506003285406356,26,trial_0017_learning_rate=1.0e-03,completed,[1],0.001,1e-05,[256]
results/base_cnn_kernel_sweep_2026-02-15_19-39-07/trial_0018_learning_rate=1.0e-03,cnn,0.17912290453910829,0.255193433735932,0.2511854364146765,39743,39743,50,0.6475513510093717,0.47275709111471625,0.44225837149186403,22,trial_0018_learning_rate=1.0e-03,completed,[1],0.001,0.0001,[64]
results/base_cnn_kernel_sweep_2026-02-15_19-39-07/trial_0019_learning_rate=1.0e-03,cnn,0.17857124781608583,0.2612301282553091,0.25661475877570095,63039,63039,50,0.6623520057773066,0.47275709111471625,0.46365028755893456,27,trial_0019_learning_rate=1.0e-03,completed,[1],0.001,0.0001,[128]
results/base_cnn_kernel_sweep_2026-02-15_19-39-07/trial_0020_learning_rate=1.0e-03,cnn,0.17836094129085542,0.2637473357094519,0.2587805647750087,109631,109631,50,0.6720614563475777,0.47275709111471625,0.46846908941798854,25,trial_0020_learning_rate=1.0e-03,completed,[1],0.001,0.0001,[256]
results/base_cnn_kernel_sweep_2026-02-15_19-39-07/trial_0021_learning_rate=1.0e-03,cnn,0.1789434700012207,0.25552217225280155,0.2510597033012117,39743,39743,50,0.6534201386154814,0.47275709111471625,0.45020617743007113,24,trial_0021_learning_rate=1.0e-03,completed,[1],0.001,0.001,[64]
results/base_cnn_kernel_sweep_2026-02-15_19-39-07/trial_0022_learning_rate=1.0e-03,cnn,0.17861350882053376,0.2614649602048728,0.2560643756666148,63039,63039,50,0.6630100260802665,0.47275709111471625,0.4638218311586512,28,trial_0022_learning_rate=1.0e-03,completed,[1],0.001,0.001,[128]
results/base_cnn_kernel_sweep_2026-02-15_19-39-07/trial_0023_learning_rate=1.0e-03,cnn,0.17852817225456238,0.2596272828977134,0.25582632151329254,109631,109631,38,0.6763868276219704,0.47275709111471625,0.4722674858490961,27,trial_0023_learning_rate=1.0e-03,completed,[1],0.001,0.001,[256]
results/base_cnn_kernel_sweep_2026-02-15_19-39-07/trial_0024_learning_rate=0.01,cnn,0.17862763106822968,0.25827746382310496,0.2551304697743761,39743,39743,50,0.6557547552342656,0.47275709111471625,0.4454544767325105,25,trial_0024_learning_rate=0.01,completed,[1],0.01,0.0,[64]
results/base_cnn_kernel_sweep_2026-02-15_19-39-07/trial_0025_learning_rate=0.01,cnn,0.1785615758895874,0.2595245871219034,0.2553213328449399,63039,63039,50,0.6518293439751753,0.47275709111471625,0.45125097212771387,26,trial_0025_learning_rate=0.01,completed,[1],0.01,0.0,[128]
results/base_cnn_kernel_sweep_2026-02-15_19-39-07/trial_0026_learning_rate=0.01,cnn,0.17881161415576935,0.2587591994135231,0.25380681681464484,109631,109631,50,0.6500994208629669,0.47275709111471625,0.44783763736879245,25,trial_0026_learning_rate=0.01,completed,[1],0.01,0.0,[256]
results/base_cnn_kernel_sweep_2026-02-15_19-39-07/trial_0027_learning_rate=0.01,cnn,0.178428067445755,0.25917591643502425,0.2552057935391893,39743,39743,50,0.6532126630260652,0.47275709111471625,0.4475928665852437,23,trial_0027_learning_rate=0.01,completed,[1],0.01,1e-05,[64]
results/base_cnn_kernel_sweep_2026-02-15_19-39-07/trial_0028_learning_rate=0.01,cnn,0.17841433215141297,0.26182140283367455,0.25750112925659685,63039,63039,50,0.6523113396373208,0.47275709111471625,0.45153499063471814,26,trial_0028_learning_rate=0.01,completed,[1],0.01,1e-05,[128]
results/base_cnn_kernel_sweep_2026-02-15_19-39-07/trial_0029_learning_rate=0.01,cnn,0.17900346612930298,0.2556101747867173,0.25428117867528277,109631,109631,50,0.6480639596071149,0.47275709111471625,0.4480122123999473,24,trial_0029_learning_rate=0.01,completed,[1],0.01,1e-05,[256]
results/base_cnn_kernel_sweep_2026-02-15_19-39-07/trial_0030_learning_rate=0.01,cnn,0.1787934708595276,0.2550690750130249,0.2536432469016314,39743,39743,50,0.6471473313560288,0.47275709111471625,0.44351856395531475,24,trial_0030_learning_rate=0.01,completed,[1],0.01,0.0001,[64]
results/base_cnn_kernel_sweep_2026-02-15_19-39-07/trial_0031_learning_rate=0.01,cnn,0.1783921855688095,0.2591097719270629,0.25566481863299545,63039,63039,50,0.6424409754368751,0.47275709111471625,0.4480734784707763,24,trial_0031_learning_rate=0.01,completed,[1],0.01,0.0001,[128]
results/base_cnn_kernel_sweep_2026-02-15_19-39-07/trial_0032_learning_rate=0.01,cnn,0.17897455835342407,0.25599093798552525,0.25564817691803704,109631,109631,45,0.6446881442114242,0.47275709111471625,0.44869296502022576,25,trial_0032_learning_rate=0.01,completed,[1],0.01,0.0001,[256]
results/base_cnn_kernel_sweep_2026-02-15_19-39-07/trial_0033_learning_rate=0.01,cnn,0.17861744379997255,0.25829264399355956,0.2545351907531088,39743,39743,50,0.6475352798133489,0.47275709111471625,0.4384438414905835,22,trial_0033_learning_rate=0.01,completed,[1],0.01,0.001,[64]
results/base_cnn_kernel_sweep_2026-02-15_19-39-07/trial_0034_learning_rate=0.01,cnn,0.17858243656158448,0.2581850668274106,0.2561943955158114,63039,63039,50,0.6431353678884725,0.47275709111471625,0.44409556251580373,24,trial_0034_learning_rate=0.01,completed,[1],0.01,0.001,[128]
results/base_cnn_kernel_sweep_2026-02-15_19-39-07/trial_0035_learning_rate=0.01,cnn,0.1789406601190567,0.2578797021211627,0.25538441943092427,109631,109631,50,0.6554728375141845,0.47275709111471625,0.45342764764266097,26,trial_0035_learning_rate=0.01,completed,[1],0.01,0.001,[256]
results/base_cnn_kernel_sweep_2026-02-15_19-39-07/trial_0036_learning_rate=1.0e-04,cnn,0.16884237098693847,0.3132636634509159,0.3184648930360976,53183,53183,50,0.6381749768370765,0.47275709111471625,0.5378612841857981,40,trial_0036_learning_rate=1.0e-04,completed,[3],0.0001,0.0,[64]
results/base_cnn_kernel_sweep_2026-02-15_19-39-07/trial_0037_learning_rate=1.0e-04,cnn,0.16547216510772705,0.3344507120315982,0.3409525718483723,89919,89919,50,0.699034245462449,0.47275709111471625,0.5885089933144696,50,trial_0037_learning_rate=1.0e-04,completed,[3],0.0001,0.0,[128]
results/base_cnn_kernel_sweep_2026-02-15_19-39-07/trial_0038_learning_rate=1.0e-04,cnn,0.16355894541740418,0.34786803148214007,0.3538823686944,163391,163391,50,0.7253174842565193,0.47275709111471625,0.6086493900932407,53,trial_0038_learning_rate=1.0e-04,completed,[3],0.0001,0.0,[256]
results/base_cnn_kernel_sweep_2026-02-15_19-39-07/trial_0039_learning_rate=1.0e-04,cnn,0.16854694056510924,0.3143100063337755,0.3205204187669617,53183,53183,50,0.6436548228179891,0.47275709111471625,0.5424254465568527,39,trial_0039_learning_rate=1.0e-04,completed,[3],0.0001,1e-05,[64]
results/base_cnn_kernel_sweep_2026-02-15_19-39-07/trial_0040_learning_rate=1.0e-04,cnn,0.16547932469844817,0.3349312437861666,0.3399186620567192,89919,89919,50,0.6932497347183905,0.47275709111471625,0.5815375009409787,49,trial_0040_learning_rate=1.0e-04,completed,[3],0.0001,1e-05,[128]
results/base_cnn_kernel_sweep_2026-02-15_19-39-07/trial_0041_learning_rate=1.0e-04,cnn,0.1637857745885849,0.34563205131407343,0.352827765029453,163391,163391,50,0.7306946134869848,0.47275709111471625,0.6140533992178202,52,trial_0041_learning_rate=1.0e-04,completed,[3],0.0001,1e-05,[256]
results/base_cnn_kernel_sweep_2026-02-15_19-39-07/trial_0042_learning_rate=1.0e-04,cnn,0.16843623197078705,0.3148126495519919,0.32075757599375915,53183,53183,50,0.6409161170393658,0.47275709111471625,0.5407344843300544,39,trial_0042_learning_rate=1.0e-04,completed,[3],0.0001,0.0001,[64]
results/base_cnn_kernel_sweep_2026-02-15_19-39-07/trial_0043_learning_rate=1.0e-04,cnn,0.16557855916023254,0.33364078873021574,0.3391396075917758,89919,89919,50,0.6879664051132324,0.47275709111471625,0.5804229272121925,50,trial_0043_learning_rate=1.0e-04,completed,[3],0.0001,0.0001,[128]
results/base_cnn_kernel_sweep_2026-02-15_19-39-07/trial_0044_learning_rate=1.0e-04,cnn,0.1635666790008545,0.3469479833438237,0.3543111621428198,163391,163391,50,0.727218767515021,0.47275709111471625,0.613757754082767,53,trial_0044_learning_rate=1.0e-04,completed,[3],0.0001,0.0001,[256]
results/base_cnn_kernel_sweep_2026-02-15_19-39-07/trial_0045_learning_rate=1.0e-04,cnn,0.16830095982551574,0.31590382292259966,0.3214344601280826,53183,53183,50,0.6400530908672614,0.47275709111471625,0.5382591820467212,39,trial_0045_learning_rate=1.0e-04,completed,[3],0.0001,0.001,[64]
results/base_cnn_kernel_sweep_2026-02-15_19-39-07/trial_0046_learning_rate=1.0e-04,cnn,0.16577365064620972,0.3338736031724253,0.33904650103435796,89919,89919,50,0.6937424147707132,0.47275709111471625,0.5851331125151941,49,trial_0046_learning_rate=1.0e-04,completed,[3],0.0001,0.001,[128]
results/base_cnn_kernel_sweep_2026-02-15_19-39-07/trial_0047_learning_rate=1.0e-04,cnn,0.16360132670402527,0.34696559189681975,0.354323851264636,163391,163391,50,0.7301881879369826,0.47275709111471625,0.6138357374700917,53,trial_0047_learning_rate=1.0e-04,completed,[3],0.0001,0.001,[256]
results/base_cnn_kernel_sweep_2026-02-15_19-39-07/trial_0048_learning_rate=1.0e-03,cnn,0.16332258820533752,0.34713805394065056,0.35226671951903976,53183,53183,50,0.7008340455705159,0.47275709111471625,0.558021086882683,46,trial_0048_learning_rate=1.0e-03,completed,[3],0.001,0.0,[64]
results/base_cnn_kernel_sweep_2026-02-15_19-39-07/trial_0049_learning_rate=1.0e-03,cnn,0.16171889245510102,0.35940200976528364,0.3657023786044079,89919,89919,50,0.7384756653521345,0.47275709111471625,0.5925208668835473,50,trial_0049_learning_rate=1.0e-03,completed,[3],0.001,0.0,[128]
results/base_cnn_kernel_sweep_2026-02-15_19-39-07/trial_0050_learning_rate=1.0e-03,cnn,0.1613062368631363,0.36642618596806903,0.3705040876331517,163391,163391,50,0.7666252697566912,0.47275709111471625,0.6160036017543886,52,trial_0050_learning_rate=1.0e-03,completed,[3],0.001,0.0,[256]
results/base_cnn_kernel_sweep_2026-02-15_19-39-07/trial_0051_learning_rate=1.0e-03,cnn,0.16317092442512512,0.34796311462580487,0.35342004033145336,53183,53183,50,0.7039625929420775,0.47275709111471625,0.560119522592956,47,trial_0051_learning_rate=1.0e-03,completed,[3],0.001,1e-05,[64]
results/base_cnn_kernel_sweep_2026-02-15_19-39-07/trial_0052_learning_rate=1.0e-03,cnn,0.1617239886522293,0.3589515224175184,0.36514868219405416,89919,89919,50,0.7352200004602679,0.47275709111471625,0.5881835439852663,52,trial_0052_learning_rate=1.0e-03,completed,[3],0.001,1e-05,[128]
results/base_cnn_kernel_sweep_2026-02-15_19-39-07/trial_0053_learning_rate=1.0e-03,cnn,0.1612176787853241,0.3659016780957314,0.37110271083572044,163391,163391,50,0.7646500174136449,0.47275709111471625,0.612321505205874,53,trial_0053_learning_rate=1.0e-03,completed,[3],0.001,1e-05,[256]
results/base_cnn_kernel_sweep_2026-02-15_19-39-07/trial_0054_learning_rate=1.0e-03,cnn,0.16341562616825103,0.3477082397981612,0.35168714330624046,53183,53183,50,0.6987951402837258,0.47275709111471625,0.5627573161702453,47,trial_0054_learning_rate=1.0e-03,completed,[3],0.001,0.0001,[64]
results/base_cnn_kernel_sweep_2026-02-15_19-39-07/trial_0055_learning_rate=1.0e-03,cnn,0.1617821476459503,0.36043645089282955,0.36492801476044867,89919,89919,50,0.7348612223673601,0.47275709111471625,0.587581206742631,50,trial_0055_learning_rate=1.0e-03,completed,[3],0.001,0.0001,[128]
results/base_cnn_kernel_sweep_2026-02-15_19-39-07/trial_0056_learning_rate=1.0e-03,cnn,0.16135923445224762,0.3642401857034819,0.3698204422804625,163391,163391,50,0.7602914631069816,0.47275709111471625,0.6139669909541664,53,trial_0056_learning_rate=1.0e-03,completed,[3],0.001,0.0001,[256]
results/base_cnn_kernel_sweep_2026-02-15_19-39-07/trial_0057_learning_rate=1.0e-03,cnn,0.16356983065605163,0.3464858450068698,0.352307144914425,53183,53183,50,0.6970857324350109,0.47275709111471625,0.5531384044368209,45,trial_0057_learning_rate=1.0e-03,completed,[3],0.001,0.001,[64]
results/base_cnn_kernel_sweep_2026-02-15_19-39-07/trial_0058_learning_rate=1.0e-03,cnn,0.1617375178337097,0.35988571779233647,0.36568135061173734,89919,89919,50,0.7384957223150508,0.47275709111471625,0.5900490075008242,50,trial_0058_learning_rate=1.0e-03,completed,[3],0.001,0.001,[128]
results/base_cnn_kernel_sweep_2026-02-15_19-39-07/trial_0059_learning_rate=1.0e-03,cnn,0.16112970721721648,0.36617943555309196,0.37022901739677666,163391,163391,50,0.7678035666416881,0.47275709111471625,0.6158913931154776,53,trial_0059_learning_rate=1.0e-03,completed,[3],0.001,0.001,[256]
results/base_cnn_kernel_sweep_2026-02-15_19-39-07/trial_0060_learning_rate=0.01,cnn,0.16367566156387328,0.34513803526706743,0.34941616306741163,53183,53183,43,0.6783731135095438,0.47275709111471625,0.5305127389220458,40,trial_0060_learning_rate=0.01,completed,[3],0.01,0.0,[64]
results/base_cnn_kernel_sweep_2026-02-15_19-39-07/trial_0061_learning_rate=0.01,cnn,0.16145805835723878,0.3606053469239826,0.36552925175029843,89919,89919,50,0.7312896489907853,0.47275709111471625,0.5674026754195234,46,trial_0061_learning_rate=0.01,completed,[3],0.01,0.0,[128]
results/base_cnn_kernel_sweep_2026-02-15_19-39-07/trial_0062_learning_rate=0.01,cnn,0.16238862073421478,0.3587258316420047,0.36398555223294166,163391,163391,50,0.7411988383337355,0.47275709111471625,0.5751535120503557,50,trial_0062_learning_rate=0.01,completed,[3],0.01,0.0,[256]
results/base_cnn_kernel_sweep_2026-02-15_19-39-07/trial_0063_learning_rate=0.01,cnn,0.16271698462963105,0.3489705026867047,0.35456711881539227,53183,53183,50,0.7052098815682499,0.47275709111471625,0.5478371313594775,43,trial_0063_learning_rate=0.01,completed,[3],0.01,1e-05,[64]
results/base_cnn_kernel_sweep_2026-02-15_19-39-07/trial_0064_learning_rate=0.01,cnn,0.16174397790431977,0.3589267646248309,0.364118361348746,89919,89919,50,0.7231396419181959,0.47275709111471625,0.5619664156336587,44,trial_0064_learning_rate=0.01,completed,[3],0.01,1e-05,[128]
results/base_cnn_kernel_sweep_2026-02-15_19-39-07/trial_0065_learning_rate=0.01,cnn,0.16228591251373292,0.35881603509190696,0.36400800881470075,163391,163391,50,0.742300976801174,0.47275709111471625,0.5765850741613568,48,trial_0065_learning_rate=0.01,completed,[3],0.01,1e-05,[256]
results/base_cnn_kernel_sweep_2026-02-15_19-39-07/trial_0066_learning_rate=0.01,cnn,0.16259697329998016,0.34958547314990396,0.3559571114038356,53183,53183,50,0.6958482589721223,0.47275709111471625,0.5407544618015804,40,trial_0066_learning_rate=0.01,completed,[3],0.01,0.0001,[64]
results/base_cnn_kernel_sweep_2026-02-15_19-39-07/trial_0067_learning_rate=0.01,cnn,0.161519025683403,0.35941901214156863,0.36501263465454853,89919,89919,50,0.7282691178498986,0.47275709111471625,0.5659518881273597,47,trial_0067_learning_rate=0.01,completed,[3],0.01,0.0001,[128]
results/base_cnn_kernel_sweep_2026-02-15_19-39-07/trial_0068_learning_rate=0.01,cnn,0.16255393242836,0.3530986173930792,0.3583206496059201,163391,163391,26,0.7273235149048654,0.47275709111471625,0.5641489433750211,47,trial_0068_learning_rate=0.01,completed,[3],0.01,0.0001,[256]
results/base_cnn_kernel_sweep_2026-02-15_19-39-07/trial_0069_learning_rate=0.01,cnn,0.16223197829723357,0.3533428806853205,0.35809630077969296,53183,53183,50,0.6994884797054337,0.47275709111471625,0.543237756892588,43,trial_0069_learning_rate=0.01,completed,[3],0.01,0.001,[64]
results/base_cnn_kernel_sweep_2026-02-15_19-39-07/trial_0070_learning_rate=0.01,cnn,0.16155440282821656,0.3608265668589636,0.36400975312581885,89919,89919,48,0.724801715518298,0.47275709111471625,0.5657447035786701,46,trial_0070_learning_rate=0.01,completed,[3],0.01,0.001,[128]
results/base_cnn_kernel_sweep_2026-02-15_19-39-07/trial_0071_learning_rate=0.01,cnn,0.16218163216114045,0.35852951735181404,0.3638830794315222,163391,163391,50,0.7468251677597258,0.47275709111471625,0.5780221324461029,50,trial_0071_learning_rate=0.01,completed,[3],0.01,0.001,[256]
results/base_cnn_kernel_sweep_2026-02-15_19-39-07/trial_0072_learning_rate=1.0e-04,cnn,0.16858071708679198,0.31530458407591333,0.32078685252839423,66623,66623,50,0.6535500798399456,0.47275709111471625,0.5567893706297136,43,trial_0072_learning_rate=1.0e-04,completed,[5],0.0001,0.0,[64]
results/base_cnn_kernel_sweep_2026-02-15_19-39-07/trial_0073_learning_rate=1.0e-04,cnn,0.16539697647094725,0.33488642824093284,0.3407597424393915,116799,116799,50,0.693080762219227,0.47275709111471625,0.5877850864049463,49,trial_0073_learning_rate=1.0e-04,completed,[5],0.0001,0.0,[128]
results/base_cnn_kernel_sweep_2026-02-15_19-39-07/trial_0074_learning_rate=1.0e-04,cnn,0.163405708193779,0.3476908654556831,0.35353211056168216,217151,217151,50,0.7361140662426595,0.47275709111471625,0.6218150642368532,52,trial_0074_learning_rate=1.0e-04,completed,[5],0.0001,0.0,[256]
results/base_cnn_kernel_sweep_2026-02-15_19-39-07/trial_0075_learning_rate=1.0e-04,cnn,0.1682287893295288,0.3160851032182435,0.3219024403090762,66623,66623,50,0.6484133069003368,0.47275709111471625,0.5515219270097788,42,trial_0075_learning_rate=1.0e-04,completed,[5],0.0001,1e-05,[64]
results/base_cnn_kernel_sweep_2026-02-15_19-39-07/trial_0076_learning_rate=1.0e-04,cnn,0.16568492376804353,0.3344354349962531,0.34020176355506737,116799,116799,50,0.6976101044010157,0.47275709111471625,0.590692043806789,50,trial_0076_learning_rate=1.0e-04,completed,[5],0.0001,1e-05,[128]
results/base_cnn_kernel_sweep_2026-02-15_19-39-07/trial_0077_learning_rate=1.0e-04,cnn,0.16310067212581633,0.3504183310625689,0.35446442195795536,217151,217151,50,0.7363723899911272,0.47275709111471625,0.6247874678922135,52,trial_0077_learning_rate=1.0e-04,completed,[5],0.0001,1e-05,[256]
results/base_cnn_kernel_sweep_2026-02-15_19-39-07/trial_0078_learning_rate=1.0e-04,cnn,0.1680973345041275,0.3174385296396281,0.3234996500009819,66623,66623,50,0.6528411319582734,0.47275709111471625,0.5503149142347153,42,trial_0078_learning_rate=1.0e-04,completed,[5],0.0001,0.0001,[64]
results/base_cnn_kernel_sweep_2026-02-15_19-39-07/trial_0079_learning_rate=1.0e-04,cnn,0.16555348670482636,0.3354655021403603,0.3415892685764054,116799,116799,50,0.7002696230558528,0.47275709111471625,0.5949962820698841,51,trial_0079_learning_rate=1.0e-04,completed,[5],0.0001,0.0001,[128]
results/base_cnn_kernel_sweep_2026-02-15_19-39-07/trial_0080_learning_rate=1.0e-04,cnn,0.16311661458015442,0.3493390222106379,0.3547129165488586,217151,217151,50,0.7339613045834246,0.47275709111471625,0.6209955982987556,54,trial_0080_learning_rate=1.0e-04,completed,[5],0.0001,0.0001,[256]
results/base_cnn_kernel_sweep_2026-02-15_19-39-07/trial_0081_learning_rate=1.0e-04,cnn,0.1684982694387436,0.3149966236113348,0.32079350370136633,66623,66623,50,0.6482841098317627,0.47275709111471625,0.5521948922900405,43,trial_0081_learning_rate=1.0e-04,completed,[5],0.0001,0.001,[64]
results/base_cnn_kernel_sweep_2026-02-15_19-39-07/trial_0082_learning_rate=1.0e-04,cnn,0.16555263900756836,0.33498578733959555,0.33956449119246723,116799,116799,50,0.698057655413261,0.47275709111471625,0.5936992602368903,50,trial_0082_learning_rate=1.0e-04,completed,[5],0.0001,0.001,[128]
results/base_cnn_kernel_sweep_2026-02-15_19-39-07/trial_0083_learning_rate=1.0e-04,cnn,0.16335092985630034,0.34695184027213105,0.3536120858886463,217151,217151,50,0.7316005129671452,0.47275709111471625,0.6201656412664643,53,trial_0083_learning_rate=1.0e-04,completed,[5],0.0001,0.001,[256]
results/base_cnn_kernel_sweep_2026-02-15_19-39-07/trial_0084_learning_rate=1.0e-03,cnn,0.16306634938716888,0.3468369639428886,0.35190425479387566,66623,66623,50,0.6997061430789647,0.47275709111471625,0.5677115604038566,47,trial_0084_learning_rate=1.0e-03,completed,[5],0.001,0.0,[64]
results/base_cnn_kernel_sweep_2026-02-15_19-39-07/trial_0085_learning_rate=1.0e-03,cnn,0.16139920282363893,0.36007195366627415,0.3639666185510752,116799,116799,50,0.7428502893837082,0.47275709111471625,0.6013040547215857,52,trial_0085_learning_rate=1.0e-03,completed,[5],0.001,0.0,[128]
results/base_cnn_kernel_sweep_2026-02-15_19-39-07/trial_0086_learning_rate=1.0e-03,cnn,0.1611080973148346,0.36355927212765116,0.3678832393009216,217151,217151,43,0.7641130718228296,0.47275709111471625,0.6234648711464533,54,trial_0086_learning_rate=1.0e-03,completed,[5],0.001,0.0,[256]
results/base_cnn_kernel_sweep_2026-02-15_19-39-07/trial_0087_learning_rate=1.0e-03,cnn,0.1629572068452835,0.3476483495097768,0.3530750326480218,66623,66623,50,0.7037288532393977,0.47275709111471625,0.5681681129865009,48,trial_0087_learning_rate=1.0e-03,completed,[5],0.001,1e-05,[64]
results/base_cnn_kernel_sweep_2026-02-15_19-39-07/trial_0088_learning_rate=1.0e-03,cnn,0.16160013616085053,0.3594018388788977,0.36441269078130983,116799,116799,50,0.7386475676940066,0.47275709111471625,0.5998255405388306,52,trial_0088_learning_rate=1.0e-03,completed,[5],0.001,1e-05,[128]
results/base_cnn_kernel_sweep_2026-02-15_19-39-07/trial_0089_learning_rate=1.0e-03,cnn,0.16136154472827913,0.3629955927523466,0.36640266172708363,217151,217151,47,0.7677176262548212,0.47275709111471625,0.6244066130036126,55,trial_0089_learning_rate=1.0e-03,completed,[5],0.001,1e-05,[256]
results/base_cnn_kernel_sweep_2026-02-15_19-39-07/trial_0090_learning_rate=1.0e-03,cnn,0.1631184674501419,0.3459380803769169,0.35132692368445156,66623,66623,50,0.6963805064160247,0.47275709111471625,0.5611667481445303,47,trial_0090_learning_rate=1.0e-03,completed,[5],0.001,0.0001,[64]
results/base_cnn_kernel_sweep_2026-02-15_19-39-07/trial_0091_learning_rate=1.0e-03,cnn,0.16169477760791778,0.35800923108745536,0.3629896415992158,116799,116799,50,0.733178360323312,0.47275709111471625,0.5963949345570219,51,trial_0091_learning_rate=1.0e-03,completed,[5],0.001,0.0001,[128]
results/base_cnn_kernel_sweep_2026-02-15_19-39-07/trial_0092_learning_rate=1.0e-03,cnn,0.16138621294498443,0.36186532393852294,0.36680785928601717,217151,217151,50,0.7673646111022612,0.47275709111471625,0.6247136278721597,53,trial_0092_learning_rate=1.0e-03,completed,[5],0.001,0.0001,[256]
results/base_cnn_kernel_sweep_2026-02-15_19-39-07/trial_0093_learning_rate=1.0e-03,cnn,0.1629852945804596,0.34768542876308683,0.3521555564437666,66623,66623,50,0.7043911879200623,0.47275709111471625,0.5672436105521546,47,trial_0093_learning_rate=1.0e-03,completed,[5],0.001,0.001,[64]
results/base_cnn_kernel_sweep_2026-02-15_19-39-07/trial_0094_learning_rate=1.0e-03,cnn,0.16174186789989473,0.3586870520944006,0.3627115325736686,116799,116799,50,0.7374182897050937,0.47275709111471625,0.5953395115863825,51,trial_0094_learning_rate=1.0e-03,completed,[5],0.001,0.001,[128]
results/base_cnn_kernel_sweep_2026-02-15_19-39-07/trial_0095_learning_rate=1.0e-03,cnn,0.1610752135515213,0.36501537285558816,0.3671863793338295,217151,217151,47,0.764046774359482,0.47275709111471625,0.619961402809292,52,trial_0095_learning_rate=1.0e-03,completed,[5],0.001,0.001,[256]
results/base_cnn_kernel_sweep_2026-02-15_19-39-07/trial_0096_learning_rate=0.01,cnn,0.16288904213905334,0.34559750468635225,0.3512389983293571,66623,66623,50,0.6859420281498982,0.47275709111471625,0.5368110261556697,41,trial_0096_learning_rate=0.01,completed,[5],0.01,0.0,[64]
results/base_cnn_kernel_sweep_2026-02-15_19-39-07/trial_0097_learning_rate=0.01,cnn,0.16146234095096587,0.359376583938242,0.36272597488503505,116799,116799,50,0.7310638220431769,0.47275709111471625,0.571277677419004,47,trial_0097_learning_rate=0.01,completed,[5],0.01,0.0,[128]
results/base_cnn_kernel_sweep_2026-02-15_19-39-07/trial_0098_learning_rate=0.01,cnn,0.16288110959529878,0.35657901433674083,0.3614965477440155,217151,217151,49,0.7392712548689482,0.47275709111471625,0.5766635493632455,50,trial_0098_learning_rate=0.01,completed,[5],0.01,0.0,[256]
results/base_cnn_kernel_sweep_2026-02-15_19-39-07/trial_0099_learning_rate=0.01,cnn,0.16240591061115264,0.35045980915393293,0.3556521458152906,66623,66623,50,0.6945458885272279,0.47275709111471625,0.5456986149145555,43,trial_0099_learning_rate=0.01,completed,[5],0.01,1e-05,[64]
results/base_cnn_kernel_sweep_2026-02-15_19-39-07/trial_0100_learning_rate=0.01,cnn,0.16146542036533357,0.35896889382850017,0.3623818271100811,116799,116799,50,0.721026044188952,0.47275709111471625,0.5621864005927939,46,trial_0100_learning_rate=0.01,completed,[5],0.01,1e-05,[128]
results/base_cnn_kernel_sweep_2026-02-15_19-39-07/trial_0101_learning_rate=0.01,cnn,0.1623338474035263,0.3549093155151999,0.36107382089391127,217151,217151,27,0.7209832224097702,0.47275709111471625,0.5677276742007774,46,trial_0101_learning_rate=0.01,completed,[5],0.01,1e-05,[256]
results/base_cnn_kernel_sweep_2026-02-15_19-39-07/trial_0102_learning_rate=0.01,cnn,0.16225216948986054,0.351403733578985,0.3553862030247507,66623,66623,50,0.6960766050052054,0.47275709111471625,0.545858273637804,44,trial_0102_learning_rate=0.01,completed,[5],0.01,0.0001,[64]
results/base_cnn_kernel_sweep_2026-02-15_19-39-07/trial_0103_learning_rate=0.01,cnn,0.16150242805480958,0.35905268087680703,0.36342116793028095,116799,116799,50,0.7255862350793272,0.47275709111471625,0.566268539006217,46,trial_0103_learning_rate=0.01,completed,[5],0.01,0.0001,[128]
results/base_cnn_kernel_sweep_2026-02-15_19-39-07/trial_0104_learning_rate=0.01,cnn,0.16263818180561065,0.35752211944150886,0.360979486909567,217151,217151,50,0.7389426099170086,0.47275709111471625,0.5761636074405543,50,trial_0104_learning_rate=0.01,completed,[5],0.01,0.0001,[256]
results/base_cnn_kernel_sweep_2026-02-15_19-39-07/trial_0105_learning_rate=0.01,cnn,0.1624342839717865,0.34965302926542785,0.3525914598929765,66623,66623,50,0.7015969588234161,0.47275709111471625,0.5458278660725026,42,trial_0105_learning_rate=0.01,completed,[5],0.01,0.001,[64]
results/base_cnn_kernel_sweep_2026-02-15_19-39-07/trial_0106_learning_rate=0.01,cnn,0.1617405973672867,0.3577490157716127,0.3627591784404049,116799,116799,50,0.7325591478781479,0.47275709111471625,0.5691531417236997,48,trial_0106_learning_rate=0.01,completed,[5],0.01,0.001,[128]
results/base_cnn_kernel_sweep_2026-02-15_19-39-07/trial_0107_learning_rate=0.01,cnn,0.16221329081058503,0.35662946660007844,0.36077760626548677,217151,217151,31,0.7268146311292558,0.47275709111471625,0.5704518003170003,46,trial_0107_learning_rate=0.01,completed,[5],0.01,0.001,[256]
results/base_cnn_kernel_sweep_2026-02-15_19-39-07/trial_0108_learning_rate=1.0e-04,cnn,0.167869824051857,0.31940386891694417,0.3247646055138161,100223,100223,50,0.623387636988324,0.47275709111471625,0.534628305832741,39,trial_0108_learning_rate=1.0e-04,completed,[10],0.0001,0.0,[64]
results/base_cnn_kernel_sweep_2026-02-15_19-39-07/trial_0109_learning_rate=1.0e-04,cnn,0.16506188583374024,0.337412400782686,0.3433473698039351,183999,183999,50,0.6755430708617866,0.47275709111471625,0.5784330765016361,47,trial_0109_learning_rate=1.0e-04,completed,[10],0.0001,0.0,[128]
results/base_cnn_kernel_sweep_2026-02-15_19-39-07/trial_0110_learning_rate=1.0e-04,cnn,0.1628806654214859,0.34931355123629676,0.3559834246341588,351551,351551,50,0.7199435671309377,0.47275709111471625,0.6180263199296792,55,trial_0110_learning_rate=1.0e-04,completed,[10],0.0001,0.0,[256]
results/base_cnn_kernel_sweep_2026-02-15_19-39-07/trial_0111_learning_rate=1.0e-04,cnn,0.16713903415203094,0.32188101188006424,0.3280524789891882,100223,100223,50,0.6410808118156163,0.47275709111471625,0.5434794282908101,40,trial_0111_learning_rate=1.0e-04,completed,[10],0.0001,1e-05,[64]
results/base_cnn_kernel_sweep_2026-02-15_19-39-07/trial_0112_learning_rate=1.0e-04,cnn,0.16527951443195343,0.33525470580442096,0.343665971881717,183999,183999,50,0.6847283053490014,0.47275709111471625,0.5886057062740678,50,trial_0112_learning_rate=1.0e-04,completed,[10],0.0001,1e-05,[128]
results/base_cnn_kernel_sweep_2026-02-15_19-39-07/trial_0113_learning_rate=1.0e-04,cnn,0.16293545651435853,0.3495738221892861,0.3566446560703816,351551,351551,50,0.722365313890556,0.47275709111471625,0.6175233863660629,53,trial_0113_learning_rate=1.0e-04,completed,[10],0.0001,1e-05,[256]
results/base_cnn_kernel_sweep_2026-02-15_19-39-07/trial_0114_learning_rate=1.0e-04,cnn,0.16808705449104308,0.31825740339206116,0.3251052813409615,100223,100223,50,0.629150990921513,0.47275709111471625,0.5383260578675195,38,trial_0114_learning_rate=1.0e-04,completed,[10],0.0001,0.0001,[64]
results/base_cnn_kernel_sweep_2026-02-15_19-39-07/trial_0115_learning_rate=1.0e-04,cnn,0.16464251244068145,0.3379226160205741,0.3448109382259322,183999,183999,50,0.6834037584499302,0.47275709111471625,0.5838574227796014,48,trial_0115_learning_rate=1.0e-04,completed,[10],0.0001,0.0001,[128]
results/base_cnn_kernel_sweep_2026-02-15_19-39-07/trial_0116_learning_rate=1.0e-04,cnn,0.1632379243373871,0.3474163713311084,0.3546842174903274,351551,351551,50,0.7196811948739625,0.47275709111471625,0.6191695067826261,54,trial_0116_learning_rate=1.0e-04,completed,[10],0.0001,0.0001,[256]
results/base_cnn_kernel_sweep_2026-02-15_19-39-07/trial_0117_learning_rate=1.0e-04,cnn,0.1679288934469223,0.3192219552304477,0.32591460574411224,100223,100223,50,0.6354999333173703,0.47275709111471625,0.5436086036148509,40,trial_0117_learning_rate=1.0e-04,completed,[10],0.0001,0.001,[64]
results/base_cnn_kernel_sweep_2026-02-15_19-39-07/trial_0118_learning_rate=1.0e-04,cnn,0.16504988837242127,0.33659005895003774,0.34266223834506193,183999,183999,50,0.6839380201641395,0.47275709111471625,0.5864486227847042,52,trial_0118_learning_rate=1.0e-04,completed,[10],0.0001,0.001,[128]
results/base_cnn_kernel_sweep_2026-02-15_19-39-07/trial_0119_learning_rate=1.0e-04,cnn,0.1627483777999878,0.35001869327501417,0.3576980951470851,351551,351551,50,0.7225029234133192,0.47275709111471625,0.6178015720561915,53,trial_0119_learning_rate=1.0e-04,completed,[10],0.0001,0.001,[256]
results/base_cnn_kernel_sweep_2026-02-15_19-39-07/trial_0120_learning_rate=1.0e-03,cnn,0.1627481971979141,0.3460340229939918,0.3526466484176635,100223,100223,50,0.6823173711813534,0.47275709111471625,0.5540015796556946,40,trial_0120_learning_rate=1.0e-03,completed,[10],0.001,0.0,[64]
results/base_cnn_kernel_sweep_2026-02-15_19-39-07/trial_0121_learning_rate=1.0e-03,cnn,0.16156816804409027,0.35788565795125205,0.3623949022881885,183999,183999,48,0.7203061256349971,0.47275709111471625,0.5907095147334939,51,trial_0121_learning_rate=1.0e-03,completed,[10],0.001,0.0,[128]
results/base_cnn_kernel_sweep_2026-02-15_19-39-07/trial_0122_learning_rate=1.0e-03,cnn,0.16082039725780486,0.3629751315158516,0.36836383285378427,351551,351551,35,0.7543239222741676,0.47275709111471625,0.6223703672278986,54,trial_0122_learning_rate=1.0e-03,completed,[10],0.001,0.0,[256]
results/base_cnn_kernel_sweep_2026-02-15_19-39-07/trial_0123_learning_rate=1.0e-03,cnn,0.16294338941574096,0.34798728497181075,0.35411164594821853,100223,100223,50,0.6881118944198626,0.47275709111471625,0.5597916152009665,44,trial_0123_learning_rate=1.0e-03,completed,[10],0.001,1e-05,[64]
results/base_cnn_kernel_sweep_2026-02-15_19-39-07/trial_0124_learning_rate=1.0e-03,cnn,0.1612534509897232,0.3588883396210268,0.36421561574434946,183999,183999,45,0.7311440566737477,0.47275709111471625,0.5958479769147077,51,trial_0124_learning_rate=1.0e-03,completed,[10],0.001,1e-05,[128]
results/base_cnn_kernel_sweep_2026-02-15_19-39-07/trial_0125_learning_rate=1.0e-03,cnn,0.16098343145847321,0.36243007499702984,0.3695796960204278,351551,351551,36,0.7478891624452171,0.47275709111471625,0.6193523069133161,54,trial_0125_learning_rate=1.0e-03,completed,[10],0.001,1e-05,[256]
results/base_cnn_kernel_sweep_2026-02-15_19-39-07/trial_0126_learning_rate=1.0e-03,cnn,0.16296223199367524,0.34665190350897185,0.3518798884726331,100223,100223,50,0.6775907520009656,0.47275709111471625,0.5494213140650239,41,trial_0126_learning_rate=1.0e-03,completed,[10],0.001,0.0001,[64]
results/base_cnn_kernel_sweep_2026-02-15_19-39-07/trial_0127_learning_rate=1.0e-03,cnn,0.1614582052230835,0.3588306139364409,0.363468885848945,183999,183999,48,0.7320613086360855,0.47275709111471625,0.595125936537262,51,trial_0127_learning_rate=1.0e-03,completed,[10],0.001,0.0001,[128]
results/base_cnn_kernel_sweep_2026-02-15_19-39-07/trial_0128_learning_rate=1.0e-03,cnn,0.1613738113641739,0.36177595294650955,0.3682808419724035,351551,351551,43,0.7505369629559125,0.47275709111471625,0.6160026633534637,53,trial_0128_learning_rate=1.0e-03,completed,[10],0.001,0.0001,[256]
results/base_cnn_kernel_sweep_2026-02-15_19-39-07/trial_0129_learning_rate=1.0e-03,cnn,0.16261584186553954,0.3464208793223125,0.3528543536450874,100223,100223,50,0.685209178584668,0.47275709111471625,0.5511373736327145,41,trial_0129_learning_rate=1.0e-03,completed,[10],0.001,0.001,[64]
results/base_cnn_kernel_sweep_2026-02-15_19-39-07/trial_0130_learning_rate=1.0e-03,cnn,0.16170439350605012,0.3569674462193823,0.36386894946614384,183999,183999,50,0.7236493185657584,0.47275709111471625,0.5936701061229223,48,trial_0130_learning_rate=1.0e-03,completed,[10],0.001,0.001,[128]
results/base_cnn_kernel_sweep_2026-02-15_19-39-07/trial_0131_learning_rate=1.0e-03,cnn,0.16121962440013884,0.36195824598645965,0.3696530715964736,351551,351551,38,0.7466579294901453,0.47275709111471625,0.6129258732042356,52,trial_0131_learning_rate=1.0e-03,completed,[10],0.001,0.001,[256]
results/base_cnn_kernel_sweep_2026-02-15_19-39-07/trial_0132_learning_rate=0.01,cnn,0.1626563152074814,0.34575012060466936,0.35072574632802234,100223,100223,29,0.6651487164903416,0.47275709111471625,0.5245524296993136,41,trial_0132_learning_rate=0.01,completed,[10],0.01,0.0,[64]
results/base_cnn_kernel_sweep_2026-02-15_19-39-07/trial_0133_learning_rate=0.01,cnn,0.1620429368019104,0.35799338903662353,0.36059186832731543,183999,183999,50,0.7128901709638795,0.47275709111471625,0.5596688726185084,45,trial_0133_learning_rate=0.01,completed,[10],0.01,0.0,[128]
results/base_cnn_kernel_sweep_2026-02-15_19-39-07/trial_0134_learning_rate=0.01,cnn,0.16269793927669526,0.35499319840475263,0.3596173729298478,351551,351551,29,0.7093257552130068,0.47275709111471625,0.5592163847648708,41,trial_0134_learning_rate=0.01,completed,[10],0.01,0.0,[256]
results/base_cnn_kernel_sweep_2026-02-15_19-39-07/trial_0135_learning_rate=0.01,cnn,0.16276044988632202,0.34469803918973396,0.3497028264060588,100223,100223,40,0.6734638505048874,0.47275709111471625,0.5322387541281034,37,trial_0135_learning_rate=0.01,completed,[10],0.01,1e-05,[64]
results/base_cnn_kernel_sweep_2026-02-15_19-39-07/trial_0136_learning_rate=0.01,cnn,0.16229464161396026,0.35651324674269835,0.36030914304140527,183999,183999,50,0.720514695934976,0.47275709111471625,0.5640769953945148,48,trial_0136_learning_rate=0.01,completed,[10],0.01,1e-05,[128]
results/base_cnn_kernel_sweep_2026-02-15_19-39-07/trial_0137_learning_rate=0.01,cnn,0.16268745505809784,0.35555918377704787,0.3602478609426565,351551,351551,28,0.7147602567251202,0.47275709111471625,0.5663577462073008,42,trial_0137_learning_rate=0.01,completed,[10],0.01,1e-05,[256]
results/base_cnn_kernel_sweep_2026-02-15_19-39-07/trial_0138_learning_rate=0.01,cnn,0.16200869476795196,0.3487987800149715,0.35486849270129633,100223,100223,50,0.6823154150698102,0.47275709111471625,0.5370561526079396,40,trial_0138_learning_rate=0.01,completed,[10],0.01,0.0001,[64]
results/base_cnn_kernel_sweep_2026-02-15_19-39-07/trial_0139_learning_rate=0.01,cnn,0.16267351639270783,0.3554390913177024,0.36134478331983966,183999,183999,50,0.7082442210850772,0.47275709111471625,0.5598559166922867,47,trial_0139_learning_rate=0.01,completed,[10],0.01,0.0001,[128]
results/base_cnn_kernel_sweep_2026-02-15_19-39-07/trial_0140_learning_rate=0.01,cnn,0.1626744455099106,0.3549221475573725,0.3611303521853874,351551,351551,28,0.7173046684012384,0.47275709111471625,0.5639857256203321,43,trial_0140_learning_rate=0.01,completed,[10],0.01,0.0001,[256]
results/base_cnn_kernel_sweep_2026-02-15_19-39-07/trial_0141_learning_rate=0.01,cnn,0.16262131023406984,0.3438514668579397,0.35070802220112446,100223,100223,35,0.671478700439538,0.47275709111471625,0.5325070370714804,40,trial_0141_learning_rate=0.01,completed,[10],0.01,0.001,[64]
results/base_cnn_kernel_sweep_2026-02-15_19-39-07/trial_0142_learning_rate=0.01,cnn,0.16181474649906158,0.3566421540492143,0.36310888076007575,183999,183999,39,0.7147440794520825,0.47275709111471625,0.5630019364988719,44,trial_0142_learning_rate=0.01,completed,[10],0.01,0.001,[128]
results/base_cnn_kernel_sweep_2026-02-15_19-39-07/trial_0143_learning_rate=0.01,cnn,0.16252699160575867,0.3561104479135136,0.3604403693191251,351551,351551,29,0.7179014525811351,0.47275709111471625,0.5657267752761934,43,trial_0143_learning_rate=0.01,completed,[10],0.01,0.001,[256]
results/base_cnn_kernel_sweep_2026-02-15_19-39-07/trial_0144_learning_rate=1.0e-04,cnn,0.16920868754386903,0.30702686786316463,0.31257904630680594,234623,234623,50,0.5673192554441846,0.47275709111471625,0.5053270730531136,35,trial_0144_learning_rate=1.0e-04,completed,[30],0.0001,0.0,[64]
results/base_cnn_kernel_sweep_2026-02-15_19-39-07/trial_0145_learning_rate=1.0e-04,cnn,0.16818291020393372,0.3171365379690446,0.323959344011202,452799,452799,50,0.608075340833796,0.47275709111471625,0.5477638434361228,40,trial_0145_learning_rate=1.0e-04,completed,[30],0.0001,0.0,[128]
results/base_cnn_kernel_sweep_2026-02-15_19-39-07/trial_0146_learning_rate=1.0e-04,cnn,0.1671518952846527,0.323725568378083,0.3304727136590956,889151,889151,46,0.6475528738484467,0.47275709111471625,0.5851967077953444,50,trial_0146_learning_rate=1.0e-04,completed,[30],0.0001,0.0,[256]
results/base_cnn_kernel_sweep_2026-02-15_19-39-07/trial_0147_learning_rate=1.0e-04,cnn,0.16964695358276366,0.3043401213772652,0.3108823873335962,234623,234623,50,0.5731822071942105,0.47275709111471625,0.507964464734525,34,trial_0147_learning_rate=1.0e-04,completed,[30],0.0001,1e-05,[64]
results/base_cnn_kernel_sweep_2026-02-15_19-39-07/trial_0148_learning_rate=1.0e-04,cnn,0.16853687310218812,0.31683594113254326,0.3233009897223601,452799,452799,50,0.6031344824203009,0.47275709111471625,0.5459683606179645,37,trial_0148_learning_rate=1.0e-04,completed,[30],0.0001,1e-05,[128]
results/base_cnn_kernel_sweep_2026-02-15_19-39-07/trial_0149_learning_rate=1.0e-04,cnn,0.16723020482063294,0.3225720973063703,0.33037915887630176,889151,889151,47,0.6470624466307492,0.47275709111471625,0.5865279839306639,46,trial_0149_learning_rate=1.0e-04,completed,[30],0.0001,1e-05,[256]
results/base_cnn_kernel_sweep_2026-02-15_19-39-07/trial_0150_learning_rate=1.0e-04,cnn,0.1693821041584015,0.3069959161676552,0.3134611441709746,234623,234623,50,0.5713322976623805,0.47275709111471625,0.5026235212686327,33,trial_0150_learning_rate=1.0e-04,completed,[30],0.0001,0.0001,[64]
results/base_cnn_kernel_sweep_2026-02-15_19-39-07/trial_0151_learning_rate=1.0e-04,cnn,0.168476455450058,0.31814926902478585,0.32455903816864584,452799,452799,50,0.6141848593293753,0.47275709111471625,0.5504305723302751,40,trial_0151_learning_rate=1.0e-04,completed,[30],0.0001,0.0001,[128]
results/base_cnn_kernel_sweep_2026-02-15_19-39-07/trial_0152_learning_rate=1.0e-04,cnn,0.16752680563926697,0.32107033039686994,0.33067079717435577,889151,889151,50,0.6546262400527348,0.47275709111471625,0.5909612508345062,49,trial_0152_learning_rate=1.0e-04,completed,[30],0.0001,0.0001,[256]
results/base_cnn_kernel_sweep_2026-02-15_19-39-07/trial_0153_learning_rate=1.0e-04,cnn,0.16958754503726958,0.3062577478476286,0.31191155724496383,234623,234623,50,0.5719204798895771,0.47275709111471625,0.5110342656027043,34,trial_0153_learning_rate=1.0e-04,completed,[30],0.0001,0.001,[64]
results/base_cnn_kernel_sweep_2026-02-15_19-39-07/trial_0154_learning_rate=1.0e-04,cnn,0.167906902551651,0.3213149802722909,0.3267355515801552,452799,452799,50,0.6042264798022682,0.47275709111471625,0.5444663955269791,40,trial_0154_learning_rate=1.0e-04,completed,[30],0.0001,0.001,[128]
results/base_cnn_kernel_sweep_2026-02-15_19-39-07/trial_0155_learning_rate=1.0e-04,cnn,0.16788409912586214,0.3202029688141079,0.3274546891874201,889151,889151,49,0.6503842018905646,0.47275709111471625,0.5851285334080814,49,trial_0155_learning_rate=1.0e-04,completed,[30],0.0001,0.001,[256]
results/base_cnn_kernel_sweep_2026-02-15_19-39-07/trial_0156_learning_rate=1.0e-03,cnn,0.16761208510398865,0.32040869847199926,0.324981969644589,234623,234623,40,0.6138424351889686,0.47275709111471625,0.5190755411911339,34,trial_0156_learning_rate=1.0e-03,completed,[30],0.001,0.0,[64]
results/base_cnn_kernel_sweep_2026-02-15_19-39-07/trial_0157_learning_rate=1.0e-03,cnn,0.16570011579990387,0.3349891336219924,0.34028870937442546,452799,452799,33,0.6569093578543124,0.47275709111471625,0.561130085836597,42,trial_0157_learning_rate=1.0e-03,completed,[30],0.001,0.0,[128]
results/base_cnn_kernel_sweep_2026-02-15_19-39-07/trial_0158_learning_rate=1.0e-03,cnn,0.16437750792503356,0.3408368294837549,0.34539330284415065,889151,889151,23,0.6617950948617359,0.47275709111471625,0.5742583110928533,45,trial_0158_learning_rate=1.0e-03,completed,[30],0.001,0.0,[256]
results/base_cnn_kernel_sweep_2026-02-15_19-39-07/trial_0159_learning_rate=1.0e-03,cnn,0.16719345939159394,0.324523368035504,0.3270238516490081,234623,234623,39,0.6265404820958125,0.47275709111471625,0.5239550913988723,34,trial_0159_learning_rate=1.0e-03,completed,[30],0.001,1e-05,[64]
results/base_cnn_kernel_sweep_2026-02-15_19-39-07/trial_0160_learning_rate=1.0e-03,cnn,0.1653031793832779,0.3355763188074052,0.34012540321529044,452799,452799,32,0.6653455688606283,0.47275709111471625,0.5679266670454332,43,trial_0160_learning_rate=1.0e-03,completed,[30],0.001,1e-05,[128]
results/base_cnn_kernel_sweep_2026-02-15_19-39-07/trial_0161_learning_rate=1.0e-03,cnn,0.16534407532215117,0.3366404178499497,0.3433366208996461,889151,889151,23,0.6570980570632873,0.47275709111471625,0.5727663603341873,43,trial_0161_learning_rate=1.0e-03,completed,[30],0.001,1e-05,[256]
results/base_cnn_kernel_sweep_2026-02-15_19-39-07/trial_0162_learning_rate=1.0e-03,cnn,0.16732524466514587,0.319927903477792,0.324791790710916,234623,234623,39,0.614667617466499,0.47275709111471625,0.5188397549159738,35,trial_0162_learning_rate=1.0e-03,completed,[30],0.001,0.0001,[64]
results/base_cnn_kernel_sweep_2026-02-15_19-39-07/trial_0163_learning_rate=1.0e-03,cnn,0.16650971579551696,0.33199453344944463,0.3382157275226387,452799,452799,33,0.6500989881306722,0.47275709111471625,0.5574004678644473,39,trial_0163_learning_rate=1.0e-03,completed,[30],0.001,0.0001,[128]
results/base_cnn_kernel_sweep_2026-02-15_19-39-07/trial_0164_learning_rate=1.0e-03,cnn,0.16476851630210876,0.33807987216530044,0.3471869748566796,889151,889151,21,0.6576967403660485,0.47275709111471625,0.5720618252437594,44,trial_0164_learning_rate=1.0e-03,completed,[30],0.001,0.0001,[256]
results/base_cnn_kernel_sweep_2026-02-15_19-39-07/trial_0165_learning_rate=1.0e-03,cnn,0.1677548577785492,0.3173325211244257,0.3226094825396032,234623,234623,35,0.5962640688145989,0.47275709111471625,0.5113639053085773,35,trial_0165_learning_rate=1.0e-03,completed,[30],0.001,0.001,[64]
results/base_cnn_kernel_sweep_2026-02-15_19-39-07/trial_0166_learning_rate=1.0e-03,cnn,0.16584524309635162,0.3344742900465972,0.34049818703936735,452799,452799,35,0.6686744249856243,0.47275709111471625,0.56526987834997,45,trial_0166_learning_rate=1.0e-03,completed,[30],0.001,0.001,[128]
results/base_cnn_kernel_sweep_2026-02-15_19-39-07/trial_0167_learning_rate=1.0e-03,cnn,0.16502268719673158,0.33735416434005205,0.3447487758787045,889151,889151,23,0.6588111919435055,0.47275709111471625,0.573621618893289,45,trial_0167_learning_rate=1.0e-03,completed,[30],0.001,0.001,[256]
results/base_cnn_kernel_sweep_2026-02-15_19-39-07/trial_0168_learning_rate=0.01,cnn,0.16808201277256013,0.31723631927523754,0.32080407323843396,234623,234623,34,0.6060000871251978,0.47275709111471625,0.493810799422036,33,trial_0168_learning_rate=0.01,completed,[30],0.01,0.0,[64]
results/base_cnn_kernel_sweep_2026-02-15_19-39-07/trial_0169_learning_rate=0.01,cnn,0.16577172136306761,0.33284062049855623,0.3365809807536508,452799,452799,24,0.6289454148166571,0.47275709111471625,0.5148345668696281,36,trial_0169_learning_rate=0.01,completed,[30],0.01,0.0,[128]
results/base_cnn_kernel_sweep_2026-02-15_19-39-07/trial_0170_learning_rate=0.01,cnn,0.16753457880020142,0.333448949416015,0.33835075584349744,889151,889151,23,0.6469493858419402,0.47275709111471625,0.5248590510666854,36,trial_0170_learning_rate=0.01,completed,[30],0.01,0.0,[256]
results/base_cnn_kernel_sweep_2026-02-15_19-39-07/trial_0171_learning_rate=0.01,cnn,0.16864837050437928,0.31607700896402574,0.3197717514186767,234623,234623,31,0.6055419387867322,0.47275709111471625,0.4932190035429606,33,trial_0171_learning_rate=0.01,completed,[30],0.01,1e-05,[64]
results/base_cnn_kernel_sweep_2026-02-15_19-39-07/trial_0172_learning_rate=0.01,cnn,0.16625263130664825,0.33215536838235143,0.3343014146154516,452799,452799,24,0.6352965279195796,0.47275709111471625,0.5166173208388025,34,trial_0172_learning_rate=0.01,completed,[30],0.01,1e-05,[128]
results/base_cnn_kernel_sweep_2026-02-15_19-39-07/trial_0173_learning_rate=0.01,cnn,0.16561565399169922,0.33337238469460706,0.33691321811176234,889151,889151,19,0.6274392120485105,0.47275709111471625,0.5127677618723042,33,trial_0173_learning_rate=0.01,completed,[30],0.01,1e-05,[256]
results/base_cnn_kernel_sweep_2026-02-15_19-39-07/trial_0174_learning_rate=0.01,cnn,0.16704860186576842,0.3199059546568867,0.32231501378242544,234623,234623,26,0.6016246183256093,0.47275709111471625,0.4890681373927351,32,trial_0174_learning_rate=0.01,completed,[30],0.01,0.0001,[64]
results/base_cnn_kernel_sweep_2026-02-15_19-39-07/trial_0175_learning_rate=0.01,cnn,0.16645007872581483,0.33380700413188524,0.3377260214065996,452799,452799,26,0.6363122392153617,0.47275709111471625,0.5189939640944083,35,trial_0175_learning_rate=0.01,completed,[30],0.01,0.0001,[128]
results/base_cnn_kernel_sweep_2026-02-15_19-39-07/trial_0176_learning_rate=0.01,cnn,0.16838650155067444,0.3322443777910037,0.3383329054679447,889151,889151,23,0.6560377867474384,0.47275709111471625,0.534531162569048,38,trial_0176_learning_rate=0.01,completed,[30],0.01,0.0001,[256]
results/base_cnn_kernel_sweep_2026-02-15_19-39-07/trial_0177_learning_rate=0.01,cnn,0.16694887578487397,0.3204256421513042,0.32496972004570096,234623,234623,32,0.6202232097508188,0.47275709111471625,0.4985751511954821,33,trial_0177_learning_rate=0.01,completed,[30],0.01,0.001,[64]
results/base_cnn_kernel_sweep_2026-02-15_19-39-07/trial_0178_learning_rate=0.01,cnn,0.16763042283058166,0.3324815980849816,0.3364960265997106,452799,452799,27,0.6552258615376739,0.47275709111471625,0.5257771678812831,36,trial_0178_learning_rate=0.01,completed,[30],0.01,0.001,[128]
results/base_cnn_kernel_sweep_2026-02-15_19-39-07/trial_0179_learning_rate=0.01,cnn,0.16715799582004548,0.3338269564930307,0.3366286707877643,889151,889151,23,0.6438898568023206,0.47275709111471625,0.5236187902807989,37,trial_0179_learning_rate=0.01,completed,[30],0.01,0.001,[256]
results/base_cnn_kernel_sweep_2026-02-15_19-39-07/trial_0180_learning_rate=1.0e-04,cnn,0.17167384743690492,0.2984018104457389,0.3011611034888878,436223,436223,50,0.5356017643202701,0.47275709111471625,0.4817228475278035,31,trial_0180_learning_rate=1.0e-04,completed,[60],0.0001,0.0,[64]
results/base_cnn_kernel_sweep_2026-02-15_19-39-07/trial_0181_learning_rate=1.0e-04,cnn,0.1714828542470932,0.30600567844816856,0.30863690371675595,855999,855999,49,0.5543626673257106,0.47275709111471625,0.5192371848028949,36,trial_0181_learning_rate=1.0e-04,completed,[60],0.0001,0.0,[128]
results/base_cnn_kernel_sweep_2026-02-15_19-39-07/trial_0182_learning_rate=1.0e-04,cnn,0.16989096903800965,0.3061082810027993,0.3109134917913535,1695551,1695551,31,0.5554910046956221,0.47275709111471625,0.5291961099379828,38,trial_0182_learning_rate=1.0e-04,completed,[60],0.0001,0.0,[256]
results/base_cnn_kernel_sweep_2026-02-15_19-39-07/trial_0183_learning_rate=1.0e-04,cnn,0.1720376614332199,0.2955904781878174,0.3008734598083354,436223,436223,50,0.5275377222927772,0.47275709111471625,0.48138310643258697,32,trial_0183_learning_rate=1.0e-04,completed,[60],0.0001,1e-05,[64]
results/base_cnn_kernel_sweep_2026-02-15_19-39-07/trial_0184_learning_rate=1.0e-04,cnn,0.17078602242469787,0.3051671312998167,0.3096009351944362,855999,855999,41,0.5434341554923823,0.47275709111471625,0.5139202324506819,36,trial_0184_learning_rate=1.0e-04,completed,[60],0.0001,1e-05,[128]
results/base_cnn_kernel_sweep_2026-02-15_19-39-07/trial_0185_learning_rate=1.0e-04,cnn,0.1703194431066513,0.3057743949595635,0.3128570476824257,1695551,1695551,31,0.5551040172029447,0.47275709111471625,0.5270855990653829,38,trial_0185_learning_rate=1.0e-04,completed,[60],0.0001,1e-05,[256]
results/base_cnn_kernel_sweep_2026-02-15_19-39-07/trial_0186_learning_rate=1.0e-04,cnn,0.17207417404651643,0.2940564455460119,0.2995992839598547,436223,436223,50,0.5298729767659244,0.47275709111471625,0.47617920730844854,34,trial_0186_learning_rate=1.0e-04,completed,[60],0.0001,0.0001,[64]
results/base_cnn_kernel_sweep_2026-02-15_19-39-07/trial_0187_learning_rate=1.0e-04,cnn,0.17135550963878632,0.3023389571218246,0.30664278410826823,855999,855999,42,0.5575214175218006,0.47275709111471625,0.5193338909665863,35,trial_0187_learning_rate=1.0e-04,completed,[60],0.0001,0.0001,[128]
results/base_cnn_kernel_sweep_2026-02-15_19-39-07/trial_0188_learning_rate=1.0e-04,cnn,0.17022454476356505,0.3086361160253114,0.3129684883131239,1695551,1695551,34,0.5930486345386409,0.47275709111471625,0.551521788531166,41,trial_0188_learning_rate=1.0e-04,completed,[60],0.0001,0.0001,[256]
results/base_cnn_kernel_sweep_2026-02-15_19-39-07/trial_0189_learning_rate=1.0e-04,cnn,0.17159240257740022,0.2972794732856045,0.3009980486356622,436223,436223,50,0.5297005030004841,0.47275709111471625,0.4844629814998234,32,trial_0189_learning_rate=1.0e-04,completed,[60],0.0001,0.001,[64]
results/base_cnn_kernel_sweep_2026-02-15_19-39-07/trial_0190_learning_rate=1.0e-04,cnn,0.17141243374347687,0.30116010913719704,0.30635710639094155,855999,855999,42,0.5379174591641588,0.47275709111471625,0.5068377090869677,34,trial_0190_learning_rate=1.0e-04,completed,[60],0.0001,0.001,[128]
results/base_cnn_kernel_sweep_2026-02-15_19-39-07/trial_0191_learning_rate=1.0e-04,cnn,0.16997837352752684,0.3061871000342482,0.3122054242558805,1695551,1695551,28,0.5406678231549003,0.47275709111471625,0.5212690870032801,38,trial_0191_learning_rate=1.0e-04,completed,[60],0.0001,0.001,[256]
results/base_cnn_kernel_sweep_2026-02-15_19-39-07/trial_0192_learning_rate=1.0e-03,cnn,0.16936451923847198,0.309282684492292,0.312958048363581,436223,436223,29,0.5712836162568207,0.47275709111471625,0.5010044488011828,32,trial_0192_learning_rate=1.0e-03,completed,[60],0.001,0.0,[64]
results/base_cnn_kernel_sweep_2026-02-15_19-39-07/trial_0193_learning_rate=1.0e-03,cnn,0.1680657147169113,0.3199290275325064,0.3246802225686665,855999,855999,24,0.5841439298770494,0.47275709111471625,0.5219082880704101,38,trial_0193_learning_rate=1.0e-03,completed,[60],0.001,0.0,[128]
results/base_cnn_kernel_sweep_2026-02-15_19-39-07/trial_0194_learning_rate=1.0e-03,cnn,0.16778627252578734,0.3241506236813341,0.3302360450274815,1695551,1695551,20,0.5917690738390873,0.47275709111471625,0.5379692844845291,40,trial_0194_learning_rate=1.0e-03,completed,[60],0.001,0.0,[256]
results/base_cnn_kernel_sweep_2026-02-15_19-39-07/trial_0195_learning_rate=1.0e-03,cnn,0.1689850035905838,0.3104139379976652,0.3126453295777378,436223,436223,27,0.5629930541848063,0.47275709111471625,0.4954295006297945,34,trial_0195_learning_rate=1.0e-03,completed,[60],0.001,1e-05,[64]
results/base_cnn_kernel_sweep_2026-02-15_19-39-07/trial_0196_learning_rate=1.0e-03,cnn,0.1681769185066223,0.3220603807522217,0.3249297338633101,855999,855999,25,0.6017110090660376,0.47275709111471625,0.5354946754101061,36,trial_0196_learning_rate=1.0e-03,completed,[60],0.001,1e-05,[128]
results/base_cnn_kernel_sweep_2026-02-15_19-39-07/trial_0197_learning_rate=1.0e-03,cnn,0.1675664553642273,0.3248289857880808,0.3298058790317483,1695551,1695551,20,0.5924763444477786,0.47275709111471625,0.5379311303106807,38,trial_0197_learning_rate=1.0e-03,completed,[60],0.001,1e-05,[256]
results/base_cnn_kernel_sweep_2026-02-15_19-39-07/trial_0198_learning_rate=1.0e-03,cnn,0.16928864789009093,0.3100775400888526,0.3139339433694992,436223,436223,29,0.5635241116984837,0.47275709111471625,0.4941372015989054,33,trial_0198_learning_rate=1.0e-03,completed,[60],0.001,0.0001,[64]
results/base_cnn_kernel_sweep_2026-02-15_19-39-07/trial_0199_learning_rate=1.0e-03,cnn,0.16745178389549256,0.3233435331148924,0.3279237063234357,855999,855999,24,0.6131900916047356,0.47275709111471625,0.5370879986927853,40,trial_0199_learning_rate=1.0e-03,completed,[60],0.001,0.0001,[128]
results/base_cnn_kernel_sweep_2026-02-15_19-39-07/trial_0200_learning_rate=1.0e-03,cnn,0.1671091401576996,0.32511628852842234,0.33128984379475895,1695551,1695551,18,0.5848069025218946,0.47275709111471625,0.5348687459323944,38,trial_0200_learning_rate=1.0e-03,completed,[60],0.001,0.0001,[256]
results/base_cnn_kernel_sweep_2026-02-15_19-39-07/trial_0201_learning_rate=1.0e-03,cnn,0.16949894332885743,0.30678194526559843,0.3114292005096105,436223,436223,27,0.5656148547672148,0.47275709111471625,0.4949176274921214,32,trial_0201_learning_rate=1.0e-03,completed,[60],0.001,0.001,[64]
results/base_cnn_kernel_sweep_2026-02-15_19-39-07/trial_0202_learning_rate=1.0e-03,cnn,0.16837246096134187,0.31924798678963956,0.32450856794872784,855999,855999,25,0.6016408719075519,0.47275709111471625,0.5305218812444383,39,trial_0202_learning_rate=1.0e-03,completed,[60],0.001,0.001,[128]
results/base_cnn_kernel_sweep_2026-02-15_19-39-07/trial_0203_learning_rate=1.0e-03,cnn,0.16732035779953003,0.3269713432061046,0.33076951434168705,1695551,1695551,19,0.59295285676923,0.47275709111471625,0.5339058328288593,38,trial_0203_learning_rate=1.0e-03,completed,[60],0.001,0.001,[256]
results/base_cnn_kernel_sweep_2026-02-15_19-39-07/trial_0204_learning_rate=0.01,cnn,0.1706227594614029,0.30460047882579916,0.30358059710662383,436223,436223,25,0.5527877932951033,0.47275709111471625,0.46238018088940885,29,trial_0204_learning_rate=0.01,completed,[60],0.01,0.0,[64]
results/base_cnn_kernel_sweep_2026-02-15_19-39-07/trial_0205_learning_rate=0.01,cnn,0.16980274713039398,0.31898487654130664,0.3208120280010733,855999,855999,23,0.5948414127185461,0.47275709111471625,0.4925667095933954,33,trial_0205_learning_rate=0.01,completed,[60],0.01,0.0,[128]
results/base_cnn_kernel_sweep_2026-02-15_19-39-07/trial_0206_learning_rate=0.01,cnn,0.16853886771202087,0.3221675032989729,0.3241391206218892,1695551,1695551,18,0.6037123242551762,0.47275709111471625,0.5008652020816773,33,trial_0206_learning_rate=0.01,completed,[60],0.01,0.0,[256]
results/base_cnn_kernel_sweep_2026-02-15_19-39-07/trial_0207_learning_rate=0.01,cnn,0.17135491156578064,0.3021385569551537,0.30490732365192036,436223,436223,26,0.5424172297480141,0.47275709111471625,0.45627378610591224,27,trial_0207_learning_rate=0.01,completed,[60],0.01,1e-05,[64]
results/base_cnn_kernel_sweep_2026-02-15_19-39-07/trial_0208_learning_rate=0.01,cnn,0.17005203235149383,0.31918218191978287,0.3193896980652958,855999,855999,24,0.571379579198865,0.47275709111471625,0.48037102614570754,32,trial_0208_learning_rate=0.01,completed,[60],0.01,1e-05,[128]
results/base_cnn_kernel_sweep_2026-02-15_19-39-07/trial_0209_learning_rate=0.01,cnn,0.16735727202892303,0.32367008232002764,0.32642348702002383,1695551,1695551,17,0.5804393182999098,0.47275709111471625,0.48903571883038777,33,trial_0209_learning_rate=0.01,completed,[60],0.01,1e-05,[256]
results/base_cnn_kernel_sweep_2026-02-15_19-39-07/trial_0210_learning_rate=0.01,cnn,0.16916959273815155,0.30810338889020394,0.3091343590711787,436223,436223,24,0.5502717512346803,0.47275709111471625,0.4631469131392045,30,trial_0210_learning_rate=0.01,completed,[60],0.01,0.0001,[64]
results/base_cnn_kernel_sweep_2026-02-15_19-39-07/trial_0211_learning_rate=0.01,cnn,0.17010874247550964,0.3189975575384452,0.3180927637334545,855999,855999,24,0.589639539275419,0.47275709111471625,0.4914408851293282,33,trial_0211_learning_rate=0.01,completed,[60],0.01,0.0001,[128]
results/base_cnn_kernel_sweep_2026-02-15_19-39-07/trial_0212_learning_rate=0.01,cnn,0.16694071912765504,0.32756150995617295,0.3271178709870455,1695551,1695551,17,0.5968342155644191,0.47275709111471625,0.49785836284520224,30,trial_0212_learning_rate=0.01,completed,[60],0.01,0.0001,[256]
results/base_cnn_kernel_sweep_2026-02-15_19-39-07/trial_0213_learning_rate=0.01,cnn,0.1700866594314575,0.3059840234166153,0.3076857451313082,436223,436223,26,0.5507142606845443,0.47275709111471625,0.4660259150894022,29,trial_0213_learning_rate=0.01,completed,[60],0.01,0.001,[64]
results/base_cnn_kernel_sweep_2026-02-15_19-39-07/trial_0214_learning_rate=0.01,cnn,0.1686967898607254,0.31571050579689464,0.31922260826512155,855999,855999,20,0.5770980028355356,0.47275709111471625,0.4801959828117286,30,trial_0214_learning_rate=0.01,completed,[60],0.01,0.001,[128]
results/base_cnn_kernel_sweep_2026-02-15_19-39-07/trial_0215_learning_rate=0.01,cnn,0.16734655106067658,0.3221382812516752,0.3246549795133266,1695551,1695551,18,0.5916565830832589,0.47275709111471625,0.4988174442454465,32,trial_0215_learning_rate=0.01,completed,[60],0.01,0.001,[256]
