run_dir,model_type,test_loss,test_corr,best_val_corr,total_params,trainable_params,epochs_trained,mean_pattern_corr,loo_avg_mean_corr,model_avg_mean_corr,neurons_model_beats_loo_avg,loo_temporal_mean_corr,model_temporal_mean_corr,neurons_model_beats_loo_temporal,experiment,status,kernel_sizes,weight_decay,conv_channels,history
results/hist_cnn_v3_2026-02-19_14-35-39/trial_0000_history=1,cnn,0.16044767582416533,0.28946903819992104,0.2953845873440109,163391,163391,50,0.7562854367928225,0.47275709111471625,0.6081191242933863,51,0.3815135061740875,0.2986907660961151,5,trial_0000_history=1,completed,[3],0.0,[256],1
results/hist_cnn_v3_2026-02-19_14-35-39/trial_0001_history=2,cnn,0.16348614037036896,0.2756455382995798,0.28389926825363493,163391,163391,50,0.7648564395764961,0.47275709111471625,0.6217667549603664,55,0.3815135061740875,0.28555828332901,4,trial_0001_history=2,completed,[3],0.0,[256],2
results/hist_cnn_v3_2026-02-19_14-35-39/trial_0002_history=3,cnn,0.169857724070549,0.23144519176779468,0.23445684640560066,163391,163391,50,0.7130192133833559,0.47275709111471625,0.5123490797739508,33,0.3815135061740875,0.23799999058246613,2,trial_0002_history=3,completed,[3],0.0,[256],3
results/hist_cnn_v3_2026-02-19_14-35-39/trial_0003_history=4,cnn,0.16959282040596008,0.23187365725438894,0.23305465346455528,163391,163391,50,0.6922456283266459,0.47275709111471625,0.5018086392193547,35,0.3815135061740875,0.23893406987190247,1,trial_0003_history=4,completed,[3],0.0,[256],4
results/hist_cnn_v3_2026-02-19_14-35-39/trial_0004_history=5,cnn,0.1728221733570099,0.21240843942223017,0.2090605255263163,163391,163391,50,0.6721292879644117,0.47275709111471625,0.43520537981755714,16,0.3815135061740875,0.21721380949020386,1,trial_0004_history=5,completed,[3],0.0,[256],5
results/hist_cnn_v3_2026-02-19_14-35-39/trial_0005_history=6,cnn,0.17347839617729188,0.20808342037363248,0.2047934106256333,163391,163391,42,0.6504834183190737,0.47275709111471625,0.4192332077057164,14,0.3815135061740875,0.2127901315689087,1,trial_0005_history=6,completed,[3],0.0,[256],6
results/hist_cnn_v3_2026-02-19_14-35-39/trial_0006_history=10,cnn,0.17384990513324738,0.20909967514116606,0.20554863308722499,163391,163391,46,0.6334647763583492,0.47275709111471625,0.4001284095195297,7,0.3815135061740875,0.21347011625766754,1,trial_0006_history=10,completed,[3],0.0,[256],10
results/hist_cnn_v3_2026-02-19_14-35-39/trial_0007_history=20,cnn,0.17346733391284944,0.2173041199087364,0.22107564792587647,163391,163391,50,0.6037671044870733,0.47275709111471625,0.3892449080592637,8,0.3815135061740875,0.22172293066978455,0,trial_0007_history=20,completed,[3],0.0,[256],20
results/hist_cnn_v3_2026-02-19_14-35-39/trial_0008_history=1,cnn,0.16055797362327576,0.2886899503743343,0.2957471563808476,163391,163391,50,0.7630880281475612,0.47275709111471625,0.6135264475902021,52,0.3815135061740875,0.2982216775417328,5,trial_0008_history=1,completed,[3],0.0001,[256],1
results/hist_cnn_v3_2026-02-19_14-35-39/trial_0009_history=2,cnn,0.16326097869873046,0.275997626611344,0.28381886147828,163391,163391,50,0.7675413582173168,0.47275709111471625,0.6247479807337313,56,0.3815135061740875,0.2859332859516144,4,trial_0009_history=2,completed,[3],0.0001,[256],2
results/hist_cnn_v3_2026-02-19_14-35-39/trial_0010_history=3,cnn,0.16967906653881074,0.2344835293005268,0.23413847265439527,163391,163391,50,0.7155066375343524,0.47275709111471625,0.5192351309015864,34,0.3815135061740875,0.24156922101974487,1,trial_0010_history=3,completed,[3],0.0001,[256],3
results/hist_cnn_v3_2026-02-19_14-35-39/trial_0011_history=4,cnn,0.16970453476905822,0.23183035665951,0.2329838678715682,163391,163391,50,0.6947492297626627,0.47275709111471625,0.5060501439901823,32,0.3815135061740875,0.23920384049415588,1,trial_0011_history=4,completed,[3],0.0001,[256],4
results/hist_cnn_v3_2026-02-19_14-35-39/trial_0012_history=5,cnn,0.17314456117153168,0.21100067971575867,0.20647384537503613,163391,163391,50,0.6478447197951853,0.47275709111471625,0.42836223354011044,16,0.3815135061740875,0.21531938016414642,1,trial_0012_history=5,completed,[3],0.0001,[256],5
results/hist_cnn_v3_2026-02-19_14-35-39/trial_0013_history=6,cnn,0.17324141621589662,0.2082502426693983,0.20490494095528478,163391,163391,42,0.6602366279071714,0.47275709111471625,0.4239791673213149,14,0.3815135061740875,0.21263571083545685,1,trial_0013_history=6,completed,[3],0.0001,[256],6
results/hist_cnn_v3_2026-02-19_14-35-39/trial_0014_history=10,cnn,0.1734925229549408,0.21008659482339076,0.20638626511291122,163391,163391,50,0.6449693390112041,0.47275709111471625,0.41249923996885746,11,0.3815135061740875,0.21462731063365936,1,trial_0014_history=10,completed,[3],0.0001,[256],10
results/hist_cnn_v3_2026-02-19_14-35-39/trial_0015_history=20,cnn,0.17319812560081482,0.21786802261443025,0.2191686632883364,163391,163391,50,0.6053694837414946,0.47275709111471625,0.3878816668943371,10,0.3815135061740875,0.22180680930614471,0,trial_0015_history=20,completed,[3],0.0001,[256],20
results/hist_cnn_v3_2026-02-19_14-35-39/trial_0016_history=1,cnn,0.16089053976535797,0.2848085639559997,0.29185704863621764,217151,217151,47,0.7611475843508927,0.47275709111471625,0.618343159920535,52,0.3815135061740875,0.2948721647262573,5,trial_0016_history=1,completed,[5],0.0,[256],1
results/hist_cnn_v3_2026-02-19_14-35-39/trial_0017_history=2,cnn,0.16189869570732116,0.2827408326610073,0.2900626537509674,217151,217151,42,0.7616058881593443,0.47275709111471625,0.6188668026867955,54,0.3815135061740875,0.29298681020736694,5,trial_0017_history=2,completed,[5],0.0,[256],2
results/hist_cnn_v3_2026-02-19_14-35-39/trial_0018_history=3,cnn,0.16768640434741974,0.24475385440214265,0.24657572733804956,217151,217151,50,0.6962578062453443,0.47275709111471625,0.5029280767594742,31,0.3815135061740875,0.25249218940734863,2,trial_0018_history=3,completed,[5],0.0,[256],3
results/hist_cnn_v3_2026-02-19_14-35-39/trial_0019_history=4,cnn,0.16882675909996034,0.2355344703329415,0.23670985626259194,217151,217151,46,0.6963519293152052,0.47275709111471625,0.5045858532107562,30,0.3815135061740875,0.24275782704353333,1,trial_0019_history=4,completed,[5],0.0,[256],4
results/hist_cnn_v3_2026-02-19_14-35-39/trial_0020_history=5,cnn,0.17191111516952515,0.21476269935895176,0.21291361585140942,217151,217151,42,0.6548829053316665,0.47275709111471625,0.4278766634073172,14,0.3815135061740875,0.22033311426639557,1,trial_0020_history=5,completed,[5],0.0,[256],5
results/hist_cnn_v3_2026-02-19_14-35-39/trial_0021_history=6,cnn,0.1724760775566101,0.21115734823182655,0.20852483199065036,217151,217151,38,0.645763698046864,0.47275709111471625,0.41699242479200577,15,0.3815135061740875,0.21609795093536377,1,trial_0021_history=6,completed,[5],0.0,[256],6
results/hist_cnn_v3_2026-02-19_14-35-39/trial_0022_history=10,cnn,0.17281911325454713,0.2116976344359571,0.21321928167297816,217151,217151,44,0.6367684965076866,0.47275709111471625,0.4120106219056588,11,0.3815135061740875,0.21672116219997406,1,trial_0022_history=10,completed,[5],0.0,[256],10
results/hist_cnn_v3_2026-02-19_14-35-39/trial_0023_history=20,cnn,0.17249543261528016,0.21926239516393894,0.22168174488856826,217151,217151,50,0.6143338938110099,0.47275709111471625,0.4001362953127169,10,0.3815135061740875,0.22437581419944763,0,trial_0023_history=20,completed,[5],0.0,[256],20
results/hist_cnn_v3_2026-02-19_14-35-39/trial_0024_history=1,cnn,0.16065375590324402,0.2867768395950007,0.29360625720184186,217151,217151,41,0.7673830942904192,0.47275709111471625,0.6219771865128986,53,0.3815135061740875,0.29682502150535583,5,trial_0024_history=1,completed,[5],0.0001,[256],1
results/hist_cnn_v3_2026-02-19_14-35-39/trial_0025_history=2,cnn,0.16197865629196168,0.2821166778277139,0.29093120831849395,217151,217151,42,0.7620255089758143,0.47275709111471625,0.6197628254573717,56,0.3815135061740875,0.29249387979507446,4,trial_0025_history=2,completed,[5],0.0001,[256],2
results/hist_cnn_v3_2026-02-19_14-35-39/trial_0026_history=3,cnn,0.16762698471546172,0.24431282524699477,0.24421951452279933,217151,217151,50,0.7146885070020732,0.47275709111471625,0.5131189919369213,34,0.3815135061740875,0.2516244947910309,2,trial_0026_history=3,completed,[5],0.0001,[256],3
results/hist_cnn_v3_2026-02-19_14-35-39/trial_0027_history=4,cnn,0.16948818469047547,0.2318251612544026,0.23478027123270034,217151,217151,46,0.6875158903736343,0.47275709111471625,0.49727371970738915,31,0.3815135061740875,0.2391965091228485,1,trial_0027_history=4,completed,[5],0.0001,[256],4
results/hist_cnn_v3_2026-02-19_14-35-39/trial_0028_history=5,cnn,0.17201398956775665,0.21416557252000706,0.21413108866701958,217151,217151,44,0.6592990026296378,0.47275709111471625,0.43191172682028245,19,0.3815135061740875,0.2196960300207138,1,trial_0028_history=5,completed,[5],0.0001,[256],5
results/hist_cnn_v3_2026-02-19_14-35-39/trial_0029_history=6,cnn,0.17238038992881774,0.21118357234618026,0.20941321985025296,217151,217151,43,0.6643591707106851,0.47275709111471625,0.4311090588596202,17,0.3815135061740875,0.21649515628814697,1,trial_0029_history=6,completed,[5],0.0001,[256],6
results/hist_cnn_v3_2026-02-19_14-35-39/trial_0030_history=10,cnn,0.1725208259820938,0.21450372864610845,0.21270547715821053,217151,217151,46,0.6419645633258394,0.47275709111471625,0.4116957163791451,11,0.3815135061740875,0.21960067749023438,1,trial_0030_history=10,completed,[5],0.0001,[256],10
results/hist_cnn_v3_2026-02-19_14-35-39/trial_0031_history=20,cnn,0.17261592817306518,0.21879935039937326,0.2208891560244576,217151,217151,50,0.6126642568857393,0.47275709111471625,0.3980890263119323,8,0.3815135061740875,0.2237720787525177,0,trial_0031_history=20,completed,[5],0.0001,[256],20
results/hist_cnn_v3_2026-02-19_14-35-39/trial_0032_history=1,cnn,0.16093379068374633,0.28346771731898124,0.28969900018487715,351551,351551,37,0.7565560951759156,0.47275709111471625,0.6186763288393587,53,0.3815135061740875,0.2940506041049957,6,trial_0032_history=1,completed,[10],0.0,[256],1
results/hist_cnn_v3_2026-02-19_14-35-39/trial_0033_history=2,cnn,0.1627299484014511,0.2744871025313963,0.2821358384787639,351551,351551,35,0.7468354558412442,0.47275709111471625,0.6155735299214663,53,0.3815135061740875,0.2849915325641632,4,trial_0033_history=2,completed,[10],0.0,[256],2
results/hist_cnn_v3_2026-02-19_14-35-39/trial_0034_history=3,cnn,0.1685688145160675,0.235826376627074,0.2379854921426252,351551,351551,39,0.6773164156205077,0.47275709111471625,0.5052571147223964,32,0.3815135061740875,0.24439886212348938,2,trial_0034_history=3,completed,[10],0.0,[256],3
results/hist_cnn_v3_2026-02-19_14-35-39/trial_0035_history=4,cnn,0.16912393248081206,0.22755944212429588,0.23342140622604413,351551,351551,31,0.6671627252278185,0.47275709111471625,0.5019730398903637,31,0.3815135061740875,0.23683831095695496,1,trial_0035_history=4,completed,[10],0.0,[256],4
results/hist_cnn_v3_2026-02-19_14-35-39/trial_0036_history=5,cnn,0.17080132174491883,0.21848377078440967,0.21590748503186305,351551,351551,35,0.6454755615451658,0.47275709111471625,0.44305915617898267,19,0.3815135061740875,0.22624900937080383,1,trial_0036_history=5,completed,[10],0.0,[256],5
results/hist_cnn_v3_2026-02-19_14-35-39/trial_0037_history=6,cnn,0.17268041646480561,0.20989873314380494,0.21238150226924765,351551,351551,37,0.6451882223631008,0.47275709111471625,0.4424477351337051,20,0.3815135061740875,0.21775706112384796,1,trial_0037_history=6,completed,[10],0.0,[256],6
results/hist_cnn_v3_2026-02-19_14-35-39/trial_0038_history=10,cnn,0.17206606435775756,0.21396327917343616,0.21632257849029282,351551,351551,35,0.6472126876889642,0.47275709111471625,0.4347072249793948,18,0.3815135061740875,0.22189834713935852,1,trial_0038_history=10,completed,[10],0.0,[256],10
results/hist_cnn_v3_2026-02-19_14-35-39/trial_0039_history=20,cnn,0.17306813514232636,0.2155323536243397,0.21802326488227866,351551,351551,41,0.6160720643405199,0.47275709111471625,0.40844253816585846,14,0.3815135061740875,0.22140704095363617,1,trial_0039_history=20,completed,[10],0.0,[256],20
results/hist_cnn_v3_2026-02-19_14-35-39/trial_0040_history=1,cnn,0.16111762750148773,0.28182916025901744,0.28936034091800167,351551,351551,33,0.7498180706359333,0.47275709111471625,0.6168248987764382,53,0.3815135061740875,0.29239317774772644,6,trial_0040_history=1,completed,[10],0.0001,[256],1
results/hist_cnn_v3_2026-02-19_14-35-39/trial_0041_history=2,cnn,0.1629106969833374,0.27566184261275606,0.28286062862273215,351551,351551,35,0.7500411544858422,0.47275709111471625,0.6186583424436533,52,0.3815135061740875,0.28640779852867126,4,trial_0041_history=2,completed,[10],0.0001,[256],2
results/hist_cnn_v3_2026-02-19_14-35-39/trial_0042_history=3,cnn,0.16842288494110108,0.23426870147160722,0.23641986096588033,351551,351551,33,0.6782781429472645,0.47275709111471625,0.5036858726359782,31,0.3815135061740875,0.24304388463497162,3,trial_0042_history=3,completed,[10],0.0001,[256],3
results/hist_cnn_v3_2026-02-19_14-35-39/trial_0043_history=4,cnn,0.16897381472587586,0.22979996361422791,0.23295365161508727,351551,351551,35,0.6837809919763107,0.47275709111471625,0.5075266789175007,33,0.3815135061740875,0.23932106792926788,1,trial_0043_history=4,completed,[10],0.0001,[256],4
results/hist_cnn_v3_2026-02-19_14-35-39/trial_0044_history=5,cnn,0.17150338411331176,0.21436268012835202,0.214933906336472,351551,351551,39,0.6547402608840688,0.47275709111471625,0.44606835405604084,21,0.3815135061740875,0.22227630019187927,1,trial_0044_history=5,completed,[10],0.0001,[256],5
results/hist_cnn_v3_2026-02-19_14-35-39/trial_0045_history=6,cnn,0.17214294672012329,0.21231689957356348,0.21446354781179883,351551,351551,36,0.6622252532731078,0.47275709111471625,0.45297538901190026,20,0.3815135061740875,0.22057732939720154,1,trial_0045_history=6,completed,[10],0.0001,[256],6
results/hist_cnn_v3_2026-02-19_14-35-39/trial_0046_history=10,cnn,0.17158259975910187,0.21696135713033635,0.21929996983135538,351551,351551,36,0.6425859835744356,0.47275709111471625,0.4358791735523253,19,0.3815135061740875,0.2246657758951187,1,trial_0046_history=10,completed,[10],0.0001,[256],10
results/hist_cnn_v3_2026-02-19_14-35-39/trial_0047_history=20,cnn,0.17308234620094298,0.2157980917496173,0.21664655473034206,351551,351551,45,0.6264771597305797,0.47275709111471625,0.4112441838529358,14,0.3815135061740875,0.22168907523155212,1,trial_0047_history=20,completed,[10],0.0001,[256],20
