run_dir,model_type,test_loss,test_corr,best_val_corr,total_params,trainable_params,epochs_trained,mean_pattern_corr,loo_avg_mean_corr,model_avg_mean_corr,neurons_model_beats_loo_avg,loo_temporal_mean_corr,model_temporal_mean_corr,neurons_model_beats_loo_temporal,experiment,status,_arch
results/multilayer_cnn_hist_sweep_2026-02-23_23-15-16/trial_0000_history=1_kernel_sizes=3x3_conv_channels=256x128_fc_dims=256,cnn,0.15930797815322875,0.2960100451826156,0.3013149993497829,229311,229311,50,0.7500735102276124,0.47275709111471625,0.5785737495624003,50,0.3815135061740875,0.30528923869132996,8,trial_0000_history=1_kernel_sizes=3x3_conv_channels=256x128_fc_dims=256,completed,"{'kernel_sizes': [3, 3], 'conv_channels': [256, 128], 'fc_dims': [256], 'history': 1}"
results/multilayer_cnn_hist_sweep_2026-02-23_23-15-16/trial_0001_history=1_kernel_sizes=5x5_conv_channels=256x128_fc_dims=256,cnn,0.15801540350914,0.30000848972013566,0.30502080649986896,348607,348607,50,0.7484821416965306,0.47275709111471625,0.579442527332231,48,0.3815135061740875,0.3097028136253357,9,trial_0001_history=1_kernel_sizes=5x5_conv_channels=256x128_fc_dims=256,completed,"{'kernel_sizes': [5, 5], 'conv_channels': [256, 128], 'fc_dims': [256], 'history': 1}"
results/multilayer_cnn_hist_sweep_2026-02-23_23-15-16/trial_0002_history=1_kernel_sizes=10x10_conv_channels=256x128_fc_dims=256,cnn,0.15937036442756652,0.2850717612028322,0.29215141480517903,646847,646847,33,0.7119692062980011,0.47275709111471625,0.5593173589640411,43,0.3815135061740875,0.29661139845848083,7,trial_0002_history=1_kernel_sizes=10x10_conv_channels=256x128_fc_dims=256,completed,"{'kernel_sizes': [10, 10], 'conv_channels': [256, 128], 'fc_dims': [256], 'history': 1}"
results/multilayer_cnn_hist_sweep_2026-02-23_23-15-16/trial_0003_history=1_kernel_sizes=3x5_conv_channels=256x128_fc_dims=256,cnn,0.15748001062870026,0.30330707941489354,0.3075641893271551,294847,294847,50,0.7485043476879245,0.47275709111471625,0.5792132509926209,49,0.3815135061740875,0.3124173581600189,8,trial_0003_history=1_kernel_sizes=3x5_conv_channels=256x128_fc_dims=256,completed,"{'kernel_sizes': [3, 5], 'conv_channels': [256, 128], 'fc_dims': [256], 'history': 1}"
results/multilayer_cnn_hist_sweep_2026-02-23_23-15-16/trial_0004_history=1_kernel_sizes=5x10_conv_channels=256x128_fc_dims=256,cnn,0.15791475880146028,0.2960215460871885,0.3030290017370931,512447,512447,41,0.7261048241288793,0.47275709111471625,0.5678343508969443,46,0.3815135061740875,0.3063676357269287,8,trial_0004_history=1_kernel_sizes=5x10_conv_channels=256x128_fc_dims=256,completed,"{'kernel_sizes': [5, 10], 'conv_channels': [256, 128], 'fc_dims': [256], 'history': 1}"
results/multilayer_cnn_hist_sweep_2026-02-23_23-15-16/trial_0005_history=1_kernel_sizes=3x3_conv_channels=128x64_fc_dims=256,cnn,0.16018258953094483,0.28730039205213087,0.2902669192352596,98303,98303,50,0.7013037321765233,0.47275709111471625,0.5339365771481805,41,0.3815135061740875,0.2953782081604004,5,trial_0005_history=1_kernel_sizes=3x3_conv_channels=128x64_fc_dims=256,completed,"{'kernel_sizes': [3, 3], 'conv_channels': [128, 64], 'fc_dims': [256], 'history': 1}"
results/multilayer_cnn_hist_sweep_2026-02-23_23-15-16/trial_0006_history=1_kernel_sizes=5x5_conv_channels=128x64_fc_dims=256,cnn,0.15847146093845368,0.2928142743424018,0.29706830009748086,141567,141567,50,0.6990135639558597,0.47275709111471625,0.537628812060242,40,0.3815135061740875,0.3022565245628357,7,trial_0006_history=1_kernel_sizes=5x5_conv_channels=128x64_fc_dims=256,completed,"{'kernel_sizes': [5, 5], 'conv_channels': [128, 64], 'fc_dims': [256], 'history': 1}"
results/multilayer_cnn_hist_sweep_2026-02-23_23-15-16/trial_0007_history=1_kernel_sizes=10x10_conv_channels=128x64_fc_dims=256,cnn,0.15917189407348634,0.28192239211784137,0.2883436577962174,249727,249727,50,0.6843637743418649,0.47275709111471625,0.5319110001444467,39,0.3815135061740875,0.2924298346042633,7,trial_0007_history=1_kernel_sizes=10x10_conv_channels=128x64_fc_dims=256,completed,"{'kernel_sizes': [10, 10], 'conv_channels': [128, 64], 'fc_dims': [256], 'history': 1}"
results/multilayer_cnn_hist_sweep_2026-02-23_23-15-16/trial_0008_history=1_kernel_sizes=3x5_conv_channels=128x64_fc_dims=256,cnn,0.1586130460500717,0.29333044471985126,0.2964596624622187,114687,114687,50,0.7041032438321806,0.47275709111471625,0.5407177229415667,42,0.3815135061740875,0.3020378053188324,9,trial_0008_history=1_kernel_sizes=3x5_conv_channels=128x64_fc_dims=256,completed,"{'kernel_sizes': [3, 5], 'conv_channels': [128, 64], 'fc_dims': [256], 'history': 1}"
results/multilayer_cnn_hist_sweep_2026-02-23_23-15-16/trial_0009_history=1_kernel_sizes=5x10_conv_channels=128x64_fc_dims=256,cnn,0.15764987528324126,0.2921272377416148,0.2983740760844554,182527,182527,50,0.6980813175530882,0.47275709111471625,0.5366082893577678,40,0.3815135061740875,0.3022232949733734,8,trial_0009_history=1_kernel_sizes=5x10_conv_channels=128x64_fc_dims=256,completed,"{'kernel_sizes': [5, 10], 'conv_channels': [128, 64], 'fc_dims': [256], 'history': 1}"
results/multilayer_cnn_hist_sweep_2026-02-23_23-15-16/trial_0010_history=2_kernel_sizes=3x3_conv_channels=256x128_fc_dims=256,cnn,0.16068496561050416,0.28927237630381,0.29617049648468163,229311,229311,50,0.7378216399491443,0.47275709111471625,0.5710226084454304,48,0.3815135061740875,0.2984905540943146,5,trial_0010_history=2_kernel_sizes=3x3_conv_channels=256x128_fc_dims=256,completed,"{'kernel_sizes': [3, 3], 'conv_channels': [256, 128], 'fc_dims': [256], 'history': 2}"
results/multilayer_cnn_hist_sweep_2026-02-23_23-15-16/trial_0011_history=2_kernel_sizes=5x5_conv_channels=256x128_fc_dims=256,cnn,0.15981922245025634,0.29141223026000995,0.2964018877815428,348607,348607,50,0.7438043583878539,0.47275709111471625,0.5741427804667596,50,0.3815135061740875,0.3011278510093689,6,trial_0011_history=2_kernel_sizes=5x5_conv_channels=256x128_fc_dims=256,completed,"{'kernel_sizes': [5, 5], 'conv_channels': [256, 128], 'fc_dims': [256], 'history': 2}"
results/multilayer_cnn_hist_sweep_2026-02-23_23-15-16/trial_0012_history=2_kernel_sizes=10x10_conv_channels=256x128_fc_dims=256,cnn,0.16110558438301087,0.27748445015115947,0.2844977489126634,646847,646847,33,0.7068999707613562,0.47275709111471625,0.550685859174174,42,0.3815135061740875,0.2885604202747345,5,trial_0012_history=2_kernel_sizes=10x10_conv_channels=256x128_fc_dims=256,completed,"{'kernel_sizes': [10, 10], 'conv_channels': [256, 128], 'fc_dims': [256], 'history': 2}"
results/multilayer_cnn_hist_sweep_2026-02-23_23-15-16/trial_0013_history=2_kernel_sizes=3x5_conv_channels=256x128_fc_dims=256,cnn,0.15969706666469574,0.2935204664941673,0.2996175567780664,294847,294847,50,0.7434240617471449,0.47275709111471625,0.5752732755558654,49,0.3815135061740875,0.3027750551700592,5,trial_0013_history=2_kernel_sizes=3x5_conv_channels=256x128_fc_dims=256,completed,"{'kernel_sizes': [3, 5], 'conv_channels': [256, 128], 'fc_dims': [256], 'history': 2}"
results/multilayer_cnn_hist_sweep_2026-02-23_23-15-16/trial_0014_history=2_kernel_sizes=5x10_conv_channels=256x128_fc_dims=256,cnn,0.15932076501846312,0.2887560221767447,0.2954453356714677,512447,512447,43,0.7222577513572352,0.47275709111471625,0.5590235304763531,46,0.3815135061740875,0.29944074153900146,6,trial_0014_history=2_kernel_sizes=5x10_conv_channels=256x128_fc_dims=256,completed,"{'kernel_sizes': [5, 10], 'conv_channels': [256, 128], 'fc_dims': [256], 'history': 2}"
results/multilayer_cnn_hist_sweep_2026-02-23_23-15-16/trial_0015_history=2_kernel_sizes=3x3_conv_channels=128x64_fc_dims=256,cnn,0.16126110351085662,0.28294639523993204,0.28740525219565205,98303,98303,50,0.707821546430385,0.47275709111471625,0.5420589894129348,43,0.3815135061740875,0.29090747237205505,4,trial_0015_history=2_kernel_sizes=3x3_conv_channels=128x64_fc_dims=256,completed,"{'kernel_sizes': [3, 3], 'conv_channels': [128, 64], 'fc_dims': [256], 'history': 2}"
results/multilayer_cnn_hist_sweep_2026-02-23_23-15-16/trial_0016_history=2_kernel_sizes=5x5_conv_channels=128x64_fc_dims=256,cnn,0.1603112815618515,0.2837314070735276,0.2886457030686919,141567,141567,50,0.7025852507827008,0.47275709111471625,0.5361798368043242,41,0.3815135061740875,0.29305151104927063,5,trial_0016_history=2_kernel_sizes=5x5_conv_channels=128x64_fc_dims=256,completed,"{'kernel_sizes': [5, 5], 'conv_channels': [128, 64], 'fc_dims': [256], 'history': 2}"
results/multilayer_cnn_hist_sweep_2026-02-23_23-15-16/trial_0017_history=2_kernel_sizes=10x10_conv_channels=128x64_fc_dims=256,cnn,0.1602956453561783,0.2767124659330378,0.28092865638095016,249727,249727,50,0.6913271989211607,0.47275709111471625,0.5282418377896357,41,0.3815135061740875,0.28755462169647217,5,trial_0017_history=2_kernel_sizes=10x10_conv_channels=128x64_fc_dims=256,completed,"{'kernel_sizes': [10, 10], 'conv_channels': [128, 64], 'fc_dims': [256], 'history': 2}"
results/multilayer_cnn_hist_sweep_2026-02-23_23-15-16/trial_0018_history=2_kernel_sizes=3x5_conv_channels=128x64_fc_dims=256,cnn,0.1597151081562042,0.2878273509830745,0.2937309142044092,114687,114687,50,0.7129375262010312,0.47275709111471625,0.5451415444209536,42,0.3815135061740875,0.29684874415397644,5,trial_0018_history=2_kernel_sizes=3x5_conv_channels=128x64_fc_dims=256,completed,"{'kernel_sizes': [3, 5], 'conv_channels': [128, 64], 'fc_dims': [256], 'history': 2}"
results/multilayer_cnn_hist_sweep_2026-02-23_23-15-16/trial_0019_history=2_kernel_sizes=5x10_conv_channels=128x64_fc_dims=256,cnn,0.1587695233821869,0.2861227543504957,0.29164672975918027,182527,182527,50,0.6947730110153635,0.47275709111471625,0.5325250165783466,39,0.3815135061740875,0.29618918895721436,7,trial_0019_history=2_kernel_sizes=5x10_conv_channels=128x64_fc_dims=256,completed,"{'kernel_sizes': [5, 10], 'conv_channels': [128, 64], 'fc_dims': [256], 'history': 2}"
results/multilayer_cnn_hist_sweep_2026-02-23_23-15-16/trial_0020_history=5_kernel_sizes=3x3_conv_channels=256x128_fc_dims=256,cnn,0.17132937824726105,0.2240379213809261,0.2235801219854315,229311,229311,47,0.6697163377243702,0.47275709111471625,0.42481955111703956,15,0.3815135061740875,0.2291887253522873,1,trial_0020_history=5_kernel_sizes=3x3_conv_channels=256x128_fc_dims=256,completed,"{'kernel_sizes': [3, 3], 'conv_channels': [256, 128], 'fc_dims': [256], 'history': 5}"
results/multilayer_cnn_hist_sweep_2026-02-23_23-15-16/trial_0021_history=5_kernel_sizes=5x5_conv_channels=256x128_fc_dims=256,cnn,0.17010626661777498,0.2281030829743816,0.23086438279445565,348607,348607,42,0.6691859357660213,0.47275709111471625,0.441314707622312,20,0.3815135061740875,0.23488037288188934,1,trial_0021_history=5_kernel_sizes=5x5_conv_channels=256x128_fc_dims=256,completed,"{'kernel_sizes': [5, 5], 'conv_channels': [256, 128], 'fc_dims': [256], 'history': 5}"
results/multilayer_cnn_hist_sweep_2026-02-23_23-15-16/trial_0022_history=5_kernel_sizes=10x10_conv_channels=256x128_fc_dims=256,cnn,0.16819939851760865,0.2321686769405428,0.2367293687210484,646847,646847,32,0.6229115780082127,0.47275709111471625,0.44065220103013414,20,0.3815135061740875,0.2425014227628708,2,trial_0022_history=5_kernel_sizes=10x10_conv_channels=256x128_fc_dims=256,completed,"{'kernel_sizes': [10, 10], 'conv_channels': [256, 128], 'fc_dims': [256], 'history': 5}"
results/multilayer_cnn_hist_sweep_2026-02-23_23-15-16/trial_0023_history=5_kernel_sizes=3x5_conv_channels=256x128_fc_dims=256,cnn,0.16997029972076416,0.2277307669381823,0.22725800637945204,294847,294847,45,0.6639657208378753,0.47275709111471625,0.4376529350002015,18,0.3815135061740875,0.23376859724521637,1,trial_0023_history=5_kernel_sizes=3x5_conv_channels=256x128_fc_dims=256,completed,"{'kernel_sizes': [3, 5], 'conv_channels': [256, 128], 'fc_dims': [256], 'history': 5}"
results/multilayer_cnn_hist_sweep_2026-02-23_23-15-16/trial_0024_history=5_kernel_sizes=5x10_conv_channels=256x128_fc_dims=256,cnn,0.16753902626037598,0.24060172652346132,0.2408181510336109,512447,512447,40,0.6617790026971444,0.47275709111471625,0.45086583012972864,19,0.3815135061740875,0.2487783282995224,4,trial_0024_history=5_kernel_sizes=5x10_conv_channels=256x128_fc_dims=256,completed,"{'kernel_sizes': [5, 10], 'conv_channels': [256, 128], 'fc_dims': [256], 'history': 5}"
results/multilayer_cnn_hist_sweep_2026-02-23_23-15-16/trial_0025_history=5_kernel_sizes=3x3_conv_channels=128x64_fc_dims=256,cnn,0.1711284512281418,0.2209390311077625,0.21930885003029052,98303,98303,50,0.6411466895779867,0.47275709111471625,0.4041903971639332,15,0.3815135061740875,0.22542348504066467,1,trial_0025_history=5_kernel_sizes=3x3_conv_channels=128x64_fc_dims=256,completed,"{'kernel_sizes': [3, 3], 'conv_channels': [128, 64], 'fc_dims': [256], 'history': 5}"
results/multilayer_cnn_hist_sweep_2026-02-23_23-15-16/trial_0026_history=5_kernel_sizes=5x5_conv_channels=128x64_fc_dims=256,cnn,0.16907645535469054,0.22815451252942615,0.2266137193546063,141567,141567,50,0.6417725952169435,0.47275709111471625,0.4254681312394384,16,0.3815135061740875,0.23439110815525055,2,trial_0026_history=5_kernel_sizes=5x5_conv_channels=128x64_fc_dims=256,completed,"{'kernel_sizes': [5, 5], 'conv_channels': [128, 64], 'fc_dims': [256], 'history': 5}"
results/multilayer_cnn_hist_sweep_2026-02-23_23-15-16/trial_0027_history=5_kernel_sizes=10x10_conv_channels=128x64_fc_dims=256,cnn,0.16807491505146027,0.23285834043897408,0.23457313567208976,249727,249727,50,0.6101411053297722,0.47275709111471625,0.4269036964506255,19,0.3815135061740875,0.24171967804431915,3,trial_0027_history=5_kernel_sizes=10x10_conv_channels=128x64_fc_dims=256,completed,"{'kernel_sizes': [10, 10], 'conv_channels': [128, 64], 'fc_dims': [256], 'history': 5}"
results/multilayer_cnn_hist_sweep_2026-02-23_23-15-16/trial_0028_history=5_kernel_sizes=3x5_conv_channels=128x64_fc_dims=256,cnn,0.16939520657062532,0.22925200733691,0.2267706778484613,114687,114687,50,0.6440652306722494,0.47275709111471625,0.414638439998957,17,0.3815135061740875,0.23480869829654694,2,trial_0028_history=5_kernel_sizes=3x5_conv_channels=128x64_fc_dims=256,completed,"{'kernel_sizes': [3, 5], 'conv_channels': [128, 64], 'fc_dims': [256], 'history': 5}"
results/multilayer_cnn_hist_sweep_2026-02-23_23-15-16/trial_0029_history=5_kernel_sizes=5x10_conv_channels=128x64_fc_dims=256,cnn,0.166892192363739,0.23801783022473982,0.237116806941658,182527,182527,50,0.6359572723996576,0.47275709111471625,0.4318555957213181,18,0.3815135061740875,0.2459862381219864,4,trial_0029_history=5_kernel_sizes=5x10_conv_channels=128x64_fc_dims=256,completed,"{'kernel_sizes': [5, 10], 'conv_channels': [128, 64], 'fc_dims': [256], 'history': 5}"
results/multilayer_cnn_hist_sweep_2026-02-23_23-15-16/trial_0030_history=10_kernel_sizes=3x3_conv_channels=256x128_fc_dims=256,cnn,0.17203767669200898,0.21928926906464463,0.22192165029879818,229311,229311,42,0.6414059028627133,0.47275709111471625,0.41059729558694935,14,0.3815135061740875,0.22461764514446259,1,trial_0030_history=10_kernel_sizes=3x3_conv_channels=256x128_fc_dims=256,completed,"{'kernel_sizes': [3, 3], 'conv_channels': [256, 128], 'fc_dims': [256], 'history': 10}"
results/multilayer_cnn_hist_sweep_2026-02-23_23-15-16/trial_0031_history=10_kernel_sizes=5x5_conv_channels=256x128_fc_dims=256,cnn,0.17032509231567383,0.2267788617780721,0.22964723634870746,348607,348607,34,0.6568089793080671,0.47275709111471625,0.4320455345377957,17,0.3815135061740875,0.2334737926721573,1,trial_0031_history=10_kernel_sizes=5x5_conv_channels=256x128_fc_dims=256,completed,"{'kernel_sizes': [5, 5], 'conv_channels': [256, 128], 'fc_dims': [256], 'history': 10}"
results/multilayer_cnn_hist_sweep_2026-02-23_23-15-16/trial_0032_history=10_kernel_sizes=10x10_conv_channels=256x128_fc_dims=256,cnn,0.16899159693717958,0.22857841950055502,0.23168113746565264,646847,646847,28,0.6316903192613565,0.47275709111471625,0.4447495823814725,17,0.3815135061740875,0.23822025954723358,2,trial_0032_history=10_kernel_sizes=10x10_conv_channels=256x128_fc_dims=256,completed,"{'kernel_sizes': [10, 10], 'conv_channels': [256, 128], 'fc_dims': [256], 'history': 10}"
results/multilayer_cnn_hist_sweep_2026-02-23_23-15-16/trial_0033_history=10_kernel_sizes=3x5_conv_channels=256x128_fc_dims=256,cnn,0.1717801524400711,0.22766241312124058,0.22907755719356682,294847,294847,36,0.6602280020142625,0.47275709111471625,0.429972268155105,15,0.3815135061740875,0.23383386433124542,1,trial_0033_history=10_kernel_sizes=3x5_conv_channels=256x128_fc_dims=256,completed,"{'kernel_sizes': [3, 5], 'conv_channels': [256, 128], 'fc_dims': [256], 'history': 10}"
results/multilayer_cnn_hist_sweep_2026-02-23_23-15-16/trial_0034_history=10_kernel_sizes=5x10_conv_channels=256x128_fc_dims=256,cnn,0.16816954946517945,0.2360253313739573,0.23746558847195734,512447,512447,39,0.6559864167565564,0.47275709111471625,0.44611552709215796,18,0.3815135061740875,0.24428890645503998,2,trial_0034_history=10_kernel_sizes=5x10_conv_channels=256x128_fc_dims=256,completed,"{'kernel_sizes': [5, 10], 'conv_channels': [256, 128], 'fc_dims': [256], 'history': 10}"
results/multilayer_cnn_hist_sweep_2026-02-23_23-15-16/trial_0035_history=10_kernel_sizes=3x3_conv_channels=128x64_fc_dims=256,cnn,0.17097753179073333,0.22131504037865124,0.21813522928153706,98303,98303,50,0.6155992090761816,0.47275709111471625,0.39269204977276334,13,0.3815135061740875,0.22623899579048157,1,trial_0035_history=10_kernel_sizes=3x3_conv_channels=128x64_fc_dims=256,completed,"{'kernel_sizes': [3, 3], 'conv_channels': [128, 64], 'fc_dims': [256], 'history': 10}"
results/multilayer_cnn_hist_sweep_2026-02-23_23-15-16/trial_0036_history=10_kernel_sizes=5x5_conv_channels=128x64_fc_dims=256,cnn,0.17033929097652437,0.22380964054687416,0.22667532874495994,141567,141567,50,0.627780405610044,0.47275709111471625,0.41114232622481894,12,0.3815135061740875,0.23018616437911987,1,trial_0036_history=10_kernel_sizes=5x5_conv_channels=128x64_fc_dims=256,completed,"{'kernel_sizes': [5, 5], 'conv_channels': [128, 64], 'fc_dims': [256], 'history': 10}"
results/multilayer_cnn_hist_sweep_2026-02-23_23-15-16/trial_0037_history=10_kernel_sizes=10x10_conv_channels=128x64_fc_dims=256,cnn,0.16874908244609832,0.22926441983759435,0.23026297873367763,249727,249727,50,0.6128597747905968,0.47275709111471625,0.4242222345410204,18,0.3815135061740875,0.23811569809913635,2,trial_0037_history=10_kernel_sizes=10x10_conv_channels=128x64_fc_dims=256,completed,"{'kernel_sizes': [10, 10], 'conv_channels': [128, 64], 'fc_dims': [256], 'history': 10}"
results/multilayer_cnn_hist_sweep_2026-02-23_23-15-16/trial_0038_history=10_kernel_sizes=3x5_conv_channels=128x64_fc_dims=256,cnn,0.16984973692893982,0.22558228899724977,0.22676987632477955,114687,114687,50,0.6433990278052445,0.47275709111471625,0.41514602344581314,13,0.3815135061740875,0.23119579255580902,1,trial_0038_history=10_kernel_sizes=3x5_conv_channels=128x64_fc_dims=256,completed,"{'kernel_sizes': [3, 5], 'conv_channels': [128, 64], 'fc_dims': [256], 'history': 10}"
results/multilayer_cnn_hist_sweep_2026-02-23_23-15-16/trial_0039_history=10_kernel_sizes=5x10_conv_channels=128x64_fc_dims=256,cnn,0.16775902128219605,0.23249467540191696,0.23584271814384664,182527,182527,50,0.625859553545519,0.47275709111471625,0.4269260807006314,19,0.3815135061740875,0.2408178299665451,3,trial_0039_history=10_kernel_sizes=5x10_conv_channels=128x64_fc_dims=256,completed,"{'kernel_sizes': [5, 10], 'conv_channels': [128, 64], 'fc_dims': [256], 'history': 10}"
