config_id,batch_avg_test_loss_mean,batch_avg_test_loss_sem,batch_avg_test_loss_count,batch_avg_test_corr_mean,batch_avg_test_corr_sem,batch_avg_test_corr_count,all_test_fve_mean,all_test_fve_sem,all_test_fve_count,AR_FVE_mean,AR_FVE_sem,AR_FVE_count,AR_test_correlation_mean,AR_test_correlation_sem,AR_test_correlation_count,best_val_corr_mean,best_val_corr_sem,best_val_corr_count,total_params_mean,total_params_sem,total_params_count,trainable_params_mean,trainable_params_sem,trainable_params_count,epochs_trained_mean,epochs_trained_sem,epochs_trained_count,mean_pattern_corr_mean,mean_pattern_corr_sem,mean_pattern_corr_count,history_mean,history_sem,history_count,loo_avg_mean_corr_mean,loo_avg_mean_corr_sem,loo_avg_mean_corr_count,model_avg_mean_corr_mean,model_avg_mean_corr_sem,model_avg_mean_corr_count,neurons_model_beats_loo_avg_mean,neurons_model_beats_loo_avg_sem,neurons_model_beats_loo_avg_count,loo_temporal_mean_corr_mean,loo_temporal_mean_corr_sem,loo_temporal_mean_corr_count,all_test_corr_mean,all_test_corr_sem,all_test_corr_count,neurons_model_beats_loo_temporal_mean,neurons_model_beats_loo_temporal_sem,neurons_model_beats_loo_temporal_count,wall_time_s_mean,wall_time_s_sem,wall_time_s_count
008664747b,0.16940759607156117,8.172728151613604e-05,3,0.13165697217924166,0.000341350917403309,3,0.018965432252833453,0.0006898609777987486,3,,,0,,,0,0.13242963358130286,0.0022747515010608493,3,65727.0,0.0,3,65727.0,0.0,3,41.333333333333336,3.711842908553348,3,0.4733920802313842,0.004992356454494897,3,0.0,0.0,3,0.45456832695830385,0.0,3,0.28108475082407636,0.0015384949365834268,3,1.0,0.0,3,0.31855225563049316,0.0,3,0.13333556056022644,0.0004016731107323015,3,0.0,0.0,3,250.43333333333337,7.394216959519411,3
02e81db1a1,0.17339608359336853,0.00027334879474103175,3,0.1197313494918626,0.0007169510836373658,3,0.006006421550871835,0.0009864200748479234,3,,,0,,,0,0.11489332911423573,0.0021343252644153037,3,536767.0,0.0,3,536767.0,0.0,3,32.0,1.7320508075688772,3,0.3358259896759422,0.010824069186708002,3,0.0,0.0,3,0.45456832695830385,0.0,3,0.1932557147060372,0.007569561926007475,3,0.6666666666666666,0.33333333333333337,3,0.31855225563049316,0.0,3,0.12108553449312846,0.0010052184368225527,3,0.0,0.0,3,383.06666666666666,13.322203688245844,3
04ce206687,0.17091177372137703,0.00012458752168774187,3,0.10384286956330628,0.002322449903223409,3,0.011528585638318744,0.000527745334963602,3,,,0,,,0,0.09836892393356562,0.0013539440733000409,3,330111.0,0.0,3,330111.0,0.0,3,50.0,0.0,3,0.299572000277068,0.013170176421861189,3,0.0,0.0,3,0.45456832695830385,0.0,3,0.165969711881104,0.007768918518808985,3,0.6666666666666666,0.33333333333333337,3,0.31855225563049316,0.0,3,0.1040209208925565,0.002354461577027833,3,0.0,0.0,3,362.43333333333334,3.841151447736015,3
0784ded953,0.16951720070838927,0.00036435148203739623,3,0.13025958553054154,0.0008434282514737786,3,0.017812294619424,0.0019479254092633728,3,,,0,,,0,0.132404510200024,0.0022509425151628916,3,76479.0,0.0,3,76479.0,0.0,3,27.666666666666668,1.855921454276674,3,0.46422222894399273,0.006439251983138639,3,0.0,0.0,3,0.45456832695830385,0.0,3,0.2736916635229259,0.002656362485384961,3,1.0,0.0,3,0.31855225563049316,0.0,3,0.13151192665100098,0.0009151106887659798,3,0.0,0.0,3,209.5666666666667,4.836091167231837,3
082bc59402,0.1707193266948064,0.00028900908249300815,3,0.11424893258995276,0.0013258895195786195,3,0.012425772412113413,0.000918886130557542,3,,,0,,,0,0.11309654737094055,0.0028198132313662872,3,330111.0,0.0,3,330111.0,0.0,3,32.333333333333336,0.8819171036881973,3,0.3528715471978166,0.01306907038230284,3,0.0,0.0,3,0.45456832695830385,0.0,3,0.19808352861706915,0.006808260947331021,3,2.0,0.5773502691896257,3,0.31855225563049316,0.0,3,0.11464979747931163,0.0014807538119760864,3,0.0,0.0,3,279.6666666666667,3.6780127484523213,3
0a629f8b8a,0.17264270194371542,0.0002400555733391372,3,0.10547936570279615,0.0010334868450612184,3,0.0037572784398598644,0.0004924982824363188,3,,,0,,,0,0.09818878539894144,0.002047153233159649,3,536767.0,0.0,3,536767.0,0.0,3,50.0,0.0,3,0.28328254959045135,0.0030025902461757958,3,0.0,0.0,3,0.45456832695830385,0.0,3,0.16040327418932546,0.0023054594215693325,3,0.0,0.0,3,0.31855225563049316,0.0,3,0.10615862905979156,0.0009636977074871792,3,0.0,0.0,3,457.8333333333333,7.016726048838202,3
0c79b032b3,0.17013790130615236,8.877948775546289e-05,3,0.11556801417055867,0.0006285241853188389,3,0.016218032786455106,0.00036193072016488964,3,,,0,,,0,0.1177648156178981,0.0021112608179242216,3,65727.0,0.0,3,65727.0,0.0,3,50.0,0.0,3,0.4282154801525169,0.0046635784300490075,3,0.0,0.0,3,0.45456832695830385,0.0,3,0.25313790314678414,0.0026157209949038604,3,1.0,0.0,3,0.31855225563049316,0.0,3,0.11679039150476456,0.000577914000331353,3,0.0,0.0,3,230.33333333333334,1.7052207416571465,3
0cd40cd8c4,0.17097981162865958,0.00048333375989493887,3,0.122387227502977,0.0011693840935092755,3,0.006358195234228064,0.002761110171488574,3,,,0,,,0,0.1257907772601168,0.002442429980528216,3,256191.0,0.0,3,256191.0,0.0,3,40.0,1.0,3,0.4485523388977826,0.004957895055400072,3,0.0,0.0,3,0.45456832695830385,0.0,3,0.2597912152007372,0.002763169480923636,3,1.6666666666666667,0.3333333333333333,3,0.31855225563049316,0.0,3,0.12306654204924901,0.001343483983138354,3,0.0,0.0,3,286.40000000000003,0.1154700538379309,3
0f155b70e6,0.16893264909585315,0.00035123259481813923,3,0.13127023505807567,0.0007168138767321073,3,0.019434751656951094,0.00076847387765981,3,,,0,,,0,0.13286441222685205,0.0023634557295620245,3,101247.0,0.0,3,101247.0,0.0,3,24.333333333333332,0.6666666666666664,3,0.4903925981236414,0.002807032358308513,3,0.0,0.0,3,0.45456832695830385,0.0,3,0.28346185941300334,0.000730898556707916,3,1.0,0.0,3,0.31855225563049316,0.0,3,0.1325427989164988,0.000792744762383833,3,0.0,0.0,3,240.96666666666667,4.239627866268976,3
12adc32d65,0.1709348883628845,0.00012062881661061116,3,0.10691961789193521,0.0010094408130899284,3,0.012924477536842305,0.00044418903310189454,3,,,0,,,0,0.10719421113264273,0.002989812221355759,3,103359.0,0.0,3,103359.0,0.0,3,50.0,0.0,3,0.39307059422014895,0.0037545354142363625,3,0.0,0.0,3,0.45456832695830385,0.0,3,0.22367550239810552,0.002490373805537441,3,1.0,0.0,3,0.31855225563049316,0.0,3,0.10772808641195297,0.00112585532811332,3,0.0,0.0,3,245.33333333333334,0.5783117190965813,3
13ce0e656d,0.16918297251065573,9.564536844364988e-05,3,0.12368663719838473,0.0013842625433437398,3,0.01604051564736341,0.0007587076074034915,3,,,0,,,0,0.12185341143859925,0.0016883090552926188,3,330111.0,0.0,3,330111.0,0.0,3,21.0,0.5773502691896257,3,0.4117072341318726,0.02177249834351614,3,0.0,0.0,3,0.45456832695830385,0.0,3,0.22865743249312076,0.012634457410929712,3,3.0,0.0,3,0.31855225563049316,0.0,3,0.12471745908260345,0.001559894470935929,3,0.0,0.0,3,266.43333333333334,2.814446857041548,3
1496bc5158,0.17052987595399224,0.00026730109143390153,3,0.12694825801868626,0.0004977094973233813,3,0.014568742620881902,0.0009469916181397611,3,,,0,,,0,0.12434905984315202,0.0027601889257987578,3,405311.0,0.0,3,405311.0,0.0,3,40.0,1.7320508075688772,3,0.3745747785858386,0.005401102949009592,3,0.0,0.0,3,0.45456832695830385,0.0,3,0.21466239695738265,0.003105628766508236,3,0.3333333333333333,0.33333333333333337,3,0.31855225563049316,0.0,3,0.1286260336637497,0.000623945968317929,3,0.0,0.0,3,311.90000000000003,8.069902932088674,3
1562beb397,0.17113688178857167,0.00045385105670462094,3,0.12268080647393852,0.0014637286906060483,3,0.014289790045016659,0.0016644189913447634,3,,,0,,,0,0.11881415916070111,0.0014284586138096805,3,405311.0,0.0,3,405311.0,0.0,3,20.666666666666668,0.6666666666666664,3,0.36562746717858924,0.020803683383155726,3,0.0,0.0,3,0.45456832695830385,0.0,3,0.21029567986891165,0.013418810372259952,3,0.0,0.0,3,0.31855225563049316,0.0,3,0.12446456650892894,0.0018800065196040877,3,0.0,0.0,3,271.1666666666667,5.619114204609511,3
167fbf10a0,0.1690399348338445,0.00019867223377775098,3,0.13178924723342422,0.0008492988003493972,3,0.019196544690106912,0.0004864158387166928,3,,,0,,,0,0.13465085059968507,0.002058936350429093,3,76479.0,0.0,3,76479.0,0.0,3,38.666666666666664,1.3333333333333328,3,0.4754527165562645,0.006101365475860347,3,0.0,0.0,3,0.45456832695830385,0.0,3,0.28031251763836634,0.0019492385044165375,3,1.3333333333333333,0.33333333333333337,3,0.31855225563049316,0.0,3,0.13299566507339478,0.000832291000197574,3,0.0,0.0,3,234.16666666666666,8.205959893746604,3
1855a084fa,0.17300623659292858,0.00015913435147620349,3,0.12178671728865975,0.0020491546150580298,3,0.0062549249835746,0.0021493793994405053,3,,,0,,,0,0.11725472556114058,0.0015171934249850795,3,536767.0,0.0,3,536767.0,0.0,3,27.666666666666668,0.3333333333333332,3,0.3507319991795861,0.004033126641358754,3,0.0,0.0,3,0.45456832695830385,0.0,3,0.20095031761655036,0.0021706121741232815,3,1.0,0.5773502691896257,3,0.31855225563049316,0.0,3,0.12325982749462128,0.00223705658687546,3,0.0,0.0,3,339.26666666666665,3.7860856361741893,3
18b8fd8028,0.17062698737780255,0.000915168336331392,3,0.11953007180770209,0.0019536229532775293,3,0.010551522333155233,0.0037322131863638955,3,,,0,,,0,0.11820758017401604,0.0018086549056751978,3,330111.0,0.0,3,330111.0,0.0,3,27.333333333333332,1.763834207376394,3,0.3904451595215439,0.02973702810443888,3,0.0,0.0,3,0.45456832695830385,0.0,3,0.2174820513578587,0.017629321548201394,3,1.6666666666666667,0.33333333333333337,3,0.31855225563049316,0.0,3,0.1205366924405098,0.0021444424338198658,3,0.0,0.0,3,304.59999999999997,5.632347053700901,3
18bb905a7f,0.1706527845064799,0.00020428857377588635,3,0.12751155633857708,0.0011544544395839858,3,0.015151302019755045,0.0007508844258843335,3,,,0,,,0,0.12364382800008543,0.001438063607124281,3,405311.0,0.0,3,405311.0,0.0,3,32.333333333333336,1.2018504251546627,3,0.35558801626601094,0.011666476367261014,3,0.0,0.0,3,0.45456832695830385,0.0,3,0.20543704083694522,0.0073071571796594435,3,0.3333333333333333,0.33333333333333337,3,0.31855225563049316,0.0,3,0.12918688853581747,0.0010736522269072458,3,0.0,0.0,3,323.76666666666665,9.179021976465915,3
190e0db7e2,0.17034075832366943,0.00030318916450416895,3,0.12769324842769295,0.000819113000090155,3,0.010786566154035941,0.001455781807768648,3,,,0,,,0,0.12755856625001838,0.002685754676930737,3,256191.0,0.0,3,256191.0,0.0,3,28.0,1.0,3,0.442897567891714,0.006042066864206201,3,0.0,0.0,3,0.45456832695830385,0.0,3,0.25721025873735864,0.001874456144693734,3,1.0,0.5773502691896257,3,0.31855225563049316,0.0,3,0.12827221055825552,0.0009790151247331869,3,0.0,0.0,3,272.6666666666667,2.237806465666271,3
1cd1ae92f7,0.1726697940826416,0.0009769865311881523,3,0.11613768647875901,0.0009830420032364744,3,0.010151909141944198,0.0018949650454130823,3,,,0,,,0,0.11495829708278754,0.001575336209824701,3,536767.0,0.0,3,536767.0,0.0,3,20.666666666666668,2.0275875100994067,3,0.31010889598236996,0.016360356678461765,3,0.0,0.0,3,0.45456832695830385,0.0,3,0.17859573223625289,0.008701587745466406,3,0.3333333333333333,0.33333333333333337,3,0.31855225563049316,0.0,3,0.11734081308046977,0.001068929623054031,3,0.0,0.0,3,288.46666666666664,16.102208268157213,3
254f0231c9,0.1699286944071452,0.00017088005568535183,3,0.12639128212418874,0.0005121999642559089,3,0.014745023200120876,0.0013148156952335131,3,,,0,,,0,0.12965119027971114,0.0016434256824779344,3,256191.0,0.0,3,256191.0,0.0,3,19.666666666666668,1.4529663145135578,3,0.4602147637789678,0.004612139830347252,3,0.0,0.0,3,0.45456832695830385,0.0,3,0.2646739596777583,0.0027855465971412356,3,0.6666666666666666,0.6666666666666667,3,0.31855225563049316,0.0,3,0.12712334096431732,0.0005229217180811275,3,0.0,0.0,3,239.5666666666667,7.630275952487635,3
268be4c569,0.17057048356533053,0.00023180098351086552,3,0.12781466427571064,0.000732946484847567,3,0.016218907303280298,0.00043342269164792143,3,,,0,,,0,0.12389679170282392,0.0022932582372641383,3,405311.0,0.0,3,405311.0,0.0,3,42.666666666666664,1.2018504251546636,3,0.37914972283587645,0.008543579118621325,3,0.0,0.0,3,0.45456832695830385,0.0,3,0.21703343190984978,0.004686612537049095,3,0.3333333333333333,0.33333333333333337,3,0.31855225563049316,0.0,3,0.1295934518178304,0.000758979235353089,3,0.0,0.0,3,327.1333333333334,5.135605557716082,3
26a4b73978,0.1703385159174601,0.0001842876115108083,3,0.11568540325396548,0.0012394332680862785,3,0.015547358169757499,0.000669051947850672,3,,,0,,,0,0.11705062487034516,0.0016426780663994338,3,76479.0,0.0,3,76479.0,0.0,3,50.0,0.0,3,0.4207336742671153,0.0019816797797886855,3,0.0,0.0,3,0.45456832695830385,0.0,3,0.24653488637768342,0.0017837558970683158,3,1.0,0.0,3,0.31855225563049316,0.0,3,0.11689347277084987,0.0013171521137817247,3,0.0,0.0,3,236.33333333333334,1.3169830843425567,3
277ab4c72d,0.17146382935841878,0.00015613147017010017,3,0.11589911296892673,0.0014186403232086429,3,0.014230610201598473,0.0005954286739557538,3,,,0,,,0,0.11201987990498591,0.002752634703273529,3,405311.0,0.0,3,405311.0,0.0,3,50.0,0.0,3,0.30417752997117625,0.011210960160280472,3,0.0,0.0,3,0.45456832695830385,0.0,3,0.1738492708422279,0.006063448852452768,3,0.0,0.0,3,0.31855225563049316,0.0,3,0.11715671171744664,0.0015093980859089682,3,0.0,0.0,3,379.06666666666666,9.700400908095371,3
3031fcbc48,0.16889293126265206,8.236125607425701e-05,3,0.13200892705126643,7.238082213490182e-05,3,0.02067373038599731,0.00028462827930223535,3,,,0,,,0,0.13351800346316453,0.0017014440288775782,3,76479.0,0.0,3,76479.0,0.0,3,25.666666666666668,1.855921454276674,3,0.47948952740368195,0.010030028906774431,3,0.0,0.0,3,0.45456832695830385,0.0,3,0.2821816669113221,0.004818100761884144,3,1.0,0.0,3,0.31855225563049316,0.0,3,0.13346461951732635,9.724821150559109e-05,3,0.0,0.0,3,222.36666666666667,4.870432333080002,3
35292b5d19,0.17298755657672882,0.00015897370714005094,3,0.10396073714470207,0.001980875207773662,3,0.0016351339047548001,0.0010723700915948903,3,,,0,,,0,0.09882332078984864,0.0020990352541136277,3,536767.0,0.0,3,536767.0,0.0,3,50.0,0.0,3,0.2747919501805649,0.01950290536707564,3,0.0,0.0,3,0.45456832695830385,0.0,3,0.15640278371115773,0.011275402831902055,3,0.0,0.0,3,0.31855225563049316,0.0,3,0.10499409834543864,0.002090202586381697,3,0.0,0.0,3,434.56666666666666,3.2661564227357096,3
357f4d8f72,0.16950186057885488,0.000295804686915563,3,0.1264517343425321,0.0005308263485747039,3,0.01628645860328876,0.0017768447333269236,3,,,0,,,0,0.12844894115875494,0.0023031636985993086,3,103359.0,0.0,3,103359.0,0.0,3,26.333333333333332,1.8559214542766742,3,0.45847441588664095,0.0021898459924317515,3,0.0,0.0,3,0.45456832695830385,0.0,3,0.26555926047668477,0.00182932065259679,3,1.3333333333333333,0.3333333333333333,3,0.31855225563049316,0.0,3,0.12715214490890503,0.000508748203105989,3,0.0,0.0,3,223.0666666666667,0.9597453365925314,3
3656073522,0.1692136881748835,5.486064531160875e-05,3,0.12997391654933774,0.001143742445710813,3,0.019418721476559916,0.0004132594118272165,3,,,0,,,0,0.13217304609517497,0.0023192270204727425,3,65727.0,0.0,3,65727.0,0.0,3,50.0,0.0,3,0.482044164984437,0.003316802964469467,3,0.0,0.0,3,0.45456832695830385,0.0,3,0.2848951201085752,0.0020786576838598084,3,1.0,0.0,3,0.31855225563049316,0.0,3,0.13128913442293802,0.0011231922805576319,3,0.0,0.0,3,224.9333333333333,0.3527668414752703,3
36aee78112,0.1701659270922343,0.00013028615282605261,3,0.11678582169856318,0.00028054462990921716,3,0.01627938741098636,0.0002937946242835041,3,,,0,,,0,0.11898872924642166,0.0022545928292263618,3,65727.0,0.0,3,65727.0,0.0,3,50.0,0.0,3,0.4273816199372324,0.005880749949254741,3,0.0,0.0,3,0.45456832695830385,0.0,3,0.254182088988618,0.002646825892712121,3,1.0,0.0,3,0.31855225563049316,0.0,3,0.1180387611190478,0.0003329690135389479,3,0.0,0.0,3,232.79999999999998,0.8999999999999939,3
39114c95b7,0.16952139457066853,0.0001978843598436148,3,0.129075451372788,0.0005173879118931863,3,0.016179693123650928,0.0004348774956025366,3,,,0,,,0,0.13009880705432422,0.0018627665301287405,3,101247.0,0.0,3,101247.0,0.0,3,48.0,2.0,3,0.4719765127511229,0.001538454850574078,3,0.0,0.0,3,0.45456832695830385,0.0,3,0.2723688930146661,0.0009095186371613041,3,1.3333333333333333,0.33333333333333337,3,0.31855225563049316,0.0,3,0.13001637160778046,0.00040170509304317096,3,0.0,0.0,3,242.5,4.110150037812893,3
3962d1997f,0.1739972924788793,0.00011051554513125349,3,0.10766681580119038,0.0010704099476675018,3,0.00940431898863858,0.0006180834430846194,3,,,0,,,0,0.10205157146178385,0.001419088268138406,3,727871.0,0.0,3,727871.0,0.0,3,50.0,0.0,3,0.17236294896625715,0.007179445580299767,3,0.0,0.0,3,0.45456832695830385,0.0,3,0.09704294611753982,0.004310753098281579,3,0.0,0.0,3,0.31855225563049316,0.0,3,0.10813039541244507,0.0011700242126865192,3,0.0,0.0,3,540.3333333333334,1.7704362299852865,3
39fe616ca8,0.1703159288962682,9.992453370857012e-05,3,0.1138902450114937,0.0006283525674062444,3,0.015260622299537457,0.0005155385951470298,3,,,0,,,0,0.1160968111292708,0.0026409185016032758,3,76479.0,0.0,3,76479.0,0.0,3,50.0,0.0,3,0.4155800300699947,0.0030330564267850245,3,0.0,0.0,3,0.45456832695830385,0.0,3,0.24378538146622467,0.0020188157922272636,3,1.0,0.0,3,0.31855225563049316,0.0,3,0.11499365170796712,0.0007494484884664653,3,0.0,0.0,3,233.33333333333334,2.030051997144689,3
3ccd9af7b8,0.17222411612669628,0.00030109367899818976,3,0.12501690857484066,0.0006572140957118337,3,0.012492337870219397,0.000718764009372584,3,,,0,,,0,0.118801633552719,0.0012194446582154785,3,727871.0,0.0,3,727871.0,0.0,3,30.0,1.7320508075688772,3,0.25484348408653373,0.011645727437589432,3,0.0,0.0,3,0.45456832695830385,0.0,3,0.1456209001709854,0.006706858261395707,3,0.0,0.0,3,0.31855225563049316,0.0,3,0.12645421425501505,0.0005915868933389533,3,0.0,0.0,3,428.3333333333333,20.86147432736025,3
3d31a7a017,0.16875490375359856,0.00016006753992195178,3,0.13377768767998852,0.0004065096387160921,3,0.020520622768099347,0.0005655585073491954,3,,,0,,,0,0.13503819471363931,0.001767773841768748,3,76479.0,0.0,3,76479.0,0.0,3,41.0,0.5773502691896257,3,0.4780553569394142,0.008901050349477132,3,0.0,0.0,3,0.45456832695830385,0.0,3,0.2808168969730663,0.003877108843677249,3,1.3333333333333333,0.33333333333333337,3,0.31855225563049316,0.0,3,0.1350370595852534,0.00042256224212830034,3,0.0,0.0,3,258.5,1.248999599679693,3
3d87ba3743,0.17288532320658367,0.0002697942191626039,3,0.1198332847137422,0.001532518244599891,3,0.0115181910928595,0.000749086508617227,3,,,0,,,0,0.11434867606472314,0.0018467684494014149,3,727871.0,0.0,3,727871.0,0.0,3,35.0,1.1547005383792515,3,0.24410377138085168,0.011396048242670362,3,0.0,0.0,3,0.45456832695830385,0.0,3,0.1397829888129728,0.006408252202256039,3,0.0,0.0,3,0.31855225563049316,0.0,3,0.12108734746774037,0.001638679688026231,3,0.0,0.0,3,407.8333333333333,7.0664308136742235,3
41c6f7dcf4,0.17012289345264434,3.450227913482151e-05,3,0.11684810967346583,0.0007050375125594623,3,0.013968042280308153,0.00022125656727794152,3,,,0,,,0,0.1142439198206374,0.0020152299187905496,3,330111.0,0.0,3,330111.0,0.0,3,31.666666666666668,0.6666666666666669,3,0.3652996514079861,0.0030123930655913955,3,0.0,0.0,3,0.45456832695830385,0.0,3,0.20488119260475324,0.0018332486493930417,3,1.3333333333333333,0.33333333333333337,3,0.31855225563049316,0.0,3,0.11744419733683269,0.0006745244774341688,3,0.0,0.0,3,277.53333333333336,2.848586394063653,3
4308f77cdc,0.16841738458474476,9.130159101380534e-05,3,0.13369861808850736,0.0009797614533779276,3,0.02082837700213074,0.0002259907482660277,3,,,0,,,0,0.13298712357372025,0.0015006806432770606,3,101247.0,0.0,3,101247.0,0.0,3,31.0,2.516611478423583,3,0.49299755276278057,0.008810888208348744,3,0.0,0.0,3,0.45456832695830385,0.0,3,0.2835626440817161,0.004415055851382344,3,1.3333333333333333,0.33333333333333337,3,0.31855225563049316,0.0,3,0.13462541500727335,0.0011892688054020385,3,0.0,0.0,3,238.96666666666667,9.49567152853224,3
444faa2ff7,0.16972872281074525,0.0003714016600443971,3,0.1264524605401561,0.0006086633558962693,3,0.014681605119553824,0.0011770433272556135,3,,,0,,,0,0.12916182315265257,0.0018573900299565136,3,103359.0,0.0,3,103359.0,0.0,3,38.666666666666664,1.3333333333333337,3,0.47655023555432924,0.011283399688887728,3,0.0,0.0,3,0.45456832695830385,0.0,3,0.27639404313091076,0.005783198454098215,3,1.0,0.0,3,0.31855225563049316,0.0,3,0.12750642001628876,0.0006597591068319092,3,0.0,0.0,3,252.9,5.81406340981359,3
458c02d4ba,0.1713439900477727,9.847372080508317e-05,3,0.10867129448029979,0.0034991705048335437,3,0.009528693383332914,0.0005662367551298282,3,,,0,,,0,0.10585411703460879,0.005431464965819823,3,101247.0,0.0,3,101247.0,0.0,3,50.0,0.0,3,0.38287056058467855,0.015020607103855487,3,0.0,0.0,3,0.45456832695830385,0.0,3,0.22300681419888244,0.008725770781923648,3,1.0,0.0,3,0.31855225563049316,0.0,3,0.10948264847199123,0.0036071465493489364,3,0.0,0.0,3,256.8,2.051828452868319,3
4791c991de,0.17051070296764373,0.00022718466200730603,3,0.11303775498230445,0.0013433981682283071,3,0.012368011726904167,0.0008600830555186004,3,,,0,,,0,0.11357313521881507,0.002443997303500574,3,101247.0,0.0,3,101247.0,0.0,3,50.0,0.0,3,0.3940426566908177,0.0071505196456004595,3,0.0,0.0,3,0.45456832695830385,0.0,3,0.22977339115660175,0.005172523385762682,3,1.0,0.0,3,0.31855225563049316,0.0,3,0.11397234847148259,0.0014331145412225849,3,0.0,0.0,3,299.46666666666664,4.418270149177301,3
48d59bf587,0.17141518759727478,0.00011070970219600989,3,0.11534703189789379,0.0009672723563335687,3,0.013589313736668338,0.0003995505094176923,3,,,0,,,0,0.11199251447853213,0.002303328532752156,3,405311.0,0.0,3,405311.0,0.0,3,50.0,0.0,3,0.2915692263891095,0.008532110053398911,3,0.0,0.0,3,0.45456832695830385,0.0,3,0.16575780728555153,0.004611879406141385,3,0.0,0.0,3,0.31855225563049316,0.0,3,0.11667281637589137,0.0012376570466480143,3,0.0,0.0,3,393.40000000000003,1.3576941236277578,3
49f93e279a,0.16932107651233674,0.00010006543111161467,3,0.1295839991550322,0.00035156545250054737,3,0.019531807256123374,0.0004650748876926138,3,,,0,,,0,0.13058078656159094,0.001872419764820787,3,65727.0,0.0,3,65727.0,0.0,3,31.0,2.0816659994661326,3,0.4890274176969953,0.001189154105332317,3,0.0,0.0,3,0.45456832695830385,0.0,3,0.288406228540075,0.0012998685280430102,3,1.0,0.0,3,0.31855225563049316,0.0,3,0.13119790951410928,0.00027418685320150895,3,0.0,0.0,3,217.16666666666666,4.719580960683315,3
4a11e10711,0.17336422661940257,0.0003058910486367416,3,0.11931768641679831,0.000488769222526644,3,0.01098689389607263,0.00034132369325917764,3,,,0,,,0,0.11546004255470982,0.0006716317147241515,3,727871.0,0.0,3,727871.0,0.0,3,36.333333333333336,2.8480012484391763,3,0.24332225147791464,0.014447175476359599,3,0.0,0.0,3,0.45456832695830385,0.0,3,0.14033564600334583,0.008571871046320265,3,0.0,0.0,3,0.31855225563049316,0.0,3,0.12055828919013341,0.0006426305513000772,3,0.0,0.0,3,418.26666666666665,22.88014665842662,3
4b34b8068c,0.17249721427758535,0.00043845631629496287,3,0.12259653425162093,0.000647387016439623,3,0.01253956083267454,0.0007186079590439479,3,,,0,,,0,0.11753852964287631,0.0016889790297316932,3,727871.0,0.0,3,727871.0,0.0,3,29.666666666666668,1.452966314513558,3,0.25984872539713016,0.013206028749500921,3,0.0,0.0,3,0.45456832695830385,0.0,3,0.14932000685179847,0.007930720632311006,3,0.0,0.0,3,0.31855225563049316,0.0,3,0.12418666978677113,0.0008620069911148852,3,0.0,0.0,3,427.9333333333334,24.379522372497597,3
4c2a1e6508,0.16868299063046774,0.00019148309949811035,3,0.13187393443092033,0.000743921582794772,3,0.01990800496762392,0.000438522292787642,3,,,0,,,0,0.1334075845189097,0.0018774747559954477,3,101247.0,0.0,3,101247.0,0.0,3,27.0,2.516611478423583,3,0.4733625607101022,0.005098817759789346,3,0.0,0.0,3,0.45456832695830385,0.0,3,0.2743166528717578,0.002453501701603593,3,0.6666666666666666,0.33333333333333337,3,0.31855225563049316,0.0,3,0.13297098875045776,0.0006105361755256652,3,0.0,0.0,3,216.76666666666665,4.736501287284147,3
4c51f438dd,0.17463869682947797,0.001094297449298655,3,0.11920736160639543,0.0012901929962987947,3,0.010275435195398079,0.0010421245304181998,3,,,0,,,0,0.11402968945764493,0.0015093948221567765,3,727871.0,0.0,3,727871.0,0.0,3,22.666666666666668,1.4529663145135578,3,0.2880079616310933,0.003521469288736945,3,0.0,0.0,3,0.45456832695830385,0.0,3,0.16487221323635967,0.001132855708213129,3,0.0,0.0,3,0.31855225563049316,0.0,3,0.12099817891915639,0.0013771809283852417,3,0.0,0.0,3,360.5333333333333,17.422431262918227,3
4c658429e7,0.17035202360153198,0.00020518884064321989,3,0.114863466635366,0.0009186706789271061,3,0.015472489374655264,0.0007022605008779694,3,,,0,,,0,0.11736009634123322,0.002153868839990497,3,65727.0,0.0,3,65727.0,0.0,3,50.0,0.0,3,0.42678976247394723,0.002362354749981592,3,0.0,0.0,3,0.45456832695830385,0.0,3,0.252414249484918,0.0011983502681542895,3,1.0,0.0,3,0.31855225563049316,0.0,3,0.11617349088191986,0.0009481396510547319,3,0.0,0.0,3,243.76666666666665,1.3370780746754458,3
4deda01811,0.17138615242640176,0.00018122278633989793,3,0.11584273482199316,0.001754500874782733,3,0.007187252637570497,0.0009129757460792379,3,,,0,,,0,0.11417185172429162,0.001965556401976728,3,256191.0,0.0,3,256191.0,0.0,3,50.0,0.0,3,0.4089748117652667,0.011376684696098397,3,0.0,0.0,3,0.45456832695830385,0.0,3,0.23740633510331963,0.006379917142134489,3,1.0,0.0,3,0.31855225563049316,0.0,3,0.11678078522284825,0.0019169633094419792,3,0.0,0.0,3,328.76666666666665,1.329578045011948,3
4f1c78ad38,0.173060058315595,0.00028932709027638704,3,0.10748672816862748,0.0016223117490055986,3,0.0029983488970963413,0.0007826385330571332,3,,,0,,,0,0.10010859454532291,0.0026399747783037147,3,536767.0,0.0,3,536767.0,0.0,3,50.0,0.0,3,0.3049040483404452,0.014282324211129547,3,0.0,0.0,3,0.45456832695830385,0.0,3,0.1739070017166782,0.008707022959058858,3,0.6666666666666666,0.33333333333333337,3,0.31855225563049316,0.0,3,0.10855558514595032,0.0017189162785287715,3,0.0,0.0,3,486.5,12.058330453812133,3
4f2f4e3438,0.16962703283627825,0.0003536617573574587,3,0.12690585965493395,0.001122823654170601,3,0.015734640063432156,0.0008940415315566157,3,,,0,,,0,0.12794171759834763,0.0019432197312424886,3,103359.0,0.0,3,103359.0,0.0,3,23.666666666666668,1.7638342073763937,3,0.46969759196286603,0.001979727297991483,3,0.0,0.0,3,0.45456832695830385,0.0,3,0.27353290195740576,0.0022172750532109702,3,1.0,0.0,3,0.31855225563049316,0.0,3,0.1279385338226954,0.0009000342662507006,3,0.0,0.0,3,201.53333333333333,5.764643190268679,3
52befa0801,0.1707204704284668,0.00020257366179151091,3,0.12763692717044434,0.0012373901969426233,3,0.015430528966207354,0.0008039824635293817,3,,,0,,,0,0.12251020542084352,0.001076510558116697,3,405311.0,0.0,3,405311.0,0.0,3,46.0,1.5275252316519468,3,0.37044238183887335,0.005767073810652529,3,0.0,0.0,3,0.45456832695830385,0.0,3,0.21165819594059065,0.002245020958329076,3,0.3333333333333333,0.33333333333333337,3,0.31855225563049316,0.0,3,0.12915497024854025,0.0010403482985417625,3,0.0,0.0,3,363.3333333333333,22.470153043043073,3
52eccbc8dc,0.17071802520751955,4.231555252107767e-05,3,0.1302136624571997,0.0011197713419622659,3,0.014391877033092358,0.00033230885892605524,3,,,0,,,0,0.12393260633827984,0.001415855357423129,3,405311.0,0.0,3,405311.0,0.0,3,33.333333333333336,0.8819171036881973,3,0.4032740545659948,0.0049345775409093805,3,0.0,0.0,3,0.45456832695830385,0.0,3,0.2302246596766081,0.0020317726679331873,3,0.6666666666666666,0.33333333333333337,3,0.31855225563049316,0.0,3,0.13156942029794058,0.0011432333492884706,3,0.0,0.0,3,336.2,7.792945527847595,3
55d9bc94ca,0.17401992344856262,5.2806527749862483e-05,3,0.10976710032891496,0.0010898702912222552,3,0.0108841581950112,0.00037328175610934434,3,,,0,,,0,0.10431159666448701,0.0013296424113079922,3,727871.0,0.0,3,727871.0,0.0,3,50.0,0.0,3,0.18456335663565085,0.0067037892843948964,3,0.0,0.0,3,0.45456832695830385,0.0,3,0.10381354518467045,0.0034803755562286135,3,0.0,0.0,3,0.31855225563049316,0.0,3,0.11066834131876628,0.0010559589518031709,3,0.0,0.0,3,529.6333333333333,3.384441526226209,3
585dac884d,0.170485143105189,0.0003766238053885882,3,0.1267498341306157,0.0012145043236309347,3,0.00995949525681753,0.0014790351393603781,3,,,0,,,0,0.1257290097657482,0.0014143233581483102,3,256191.0,0.0,3,256191.0,0.0,3,39.333333333333336,0.881917103688197,3,0.4493816142027567,0.016962537193931652,3,0.0,0.0,3,0.45456832695830385,0.0,3,0.2610546824266354,0.008770123803710561,3,1.0,0.0,3,0.31855225563049316,0.0,3,0.12767312924067178,0.001414594871460516,3,0.0,0.0,3,334.06666666666666,5.783117190965828,3
586e07cdae,0.1709741546710332,0.00017832512818745366,3,0.10278672539394323,0.0008887479834912877,3,0.011418023122050773,0.00020069780789831035,3,,,0,,,0,0.09798111442848022,0.0018564982804338782,3,330111.0,0.0,3,330111.0,0.0,3,47.666666666666664,2.3333333333333326,3,0.2919851090223375,0.020009151641357012,3,0.0,0.0,3,0.45456832695830385,0.0,3,0.16201922662427173,0.010620466614990658,3,0.6666666666666666,0.6666666666666667,3,0.31855225563049316,0.0,3,0.10309960196415584,0.0008061898852526845,3,0.0,0.0,3,353.0333333333333,11.919917971380704,3
595ce00ab3,0.16992075129350026,0.0001653261589915536,3,0.129130604721383,0.0006493215320400767,3,0.015063551052537545,0.00046345688009740235,3,,,0,,,0,0.12972781444978776,0.0010916061290901127,3,101247.0,0.0,3,101247.0,0.0,3,47.666666666666664,1.8559214542766744,3,0.4644909169194598,0.003891076388515287,3,0.0,0.0,3,0.45456832695830385,0.0,3,0.268595124479434,0.0020517020835235287,3,1.3333333333333333,0.33333333333333337,3,0.31855225563049316,0.0,3,0.130109171072642,0.0005351821119384463,3,0.0,0.0,3,242.63333333333335,3.711842908553346,3
5e700ae021,0.17063068064053852,0.000216363644363656,3,0.1291244491963857,0.00168890830787491,3,0.01508329438154029,0.001269591793885425,3,,,0,,,0,0.12424737150213509,0.001958129312017201,3,405311.0,0.0,3,405311.0,0.0,3,33.333333333333336,0.881917103688197,3,0.3874212559901828,0.001272708645319277,3,0.0,0.0,3,0.45456832695830385,0.0,3,0.22097478642526033,0.0007785783303683855,3,1.3333333333333333,0.3333333333333333,3,0.31855225563049316,0.0,3,0.13103211422761282,0.0016380940351673594,3,0.0,0.0,3,329.1666666666667,9.902244414497373,3
5f11b697bc,0.17113316039244333,0.00039640656858301745,3,0.12112083102842974,0.0012041884991763965,3,0.01392123371205002,0.0008524203052218219,3,,,0,,,0,0.11906816423726556,0.0013591919944300013,3,405311.0,0.0,3,405311.0,0.0,3,21.0,1.1547005383792515,3,0.3618968072275169,0.006068864777356367,3,0.0,0.0,3,0.45456832695830385,0.0,3,0.2070212626253322,0.002993615368966069,3,0.3333333333333333,0.33333333333333337,3,0.31855225563049316,0.0,3,0.12285417318344116,0.0010268978052323584,3,0.0,0.0,3,261.06666666666666,11.337450232648337,3
606819c3ce,0.17041530013084413,4.2043950456203796e-05,3,0.11317450667067848,0.0007547036962863762,3,0.014885900512574213,0.0001613260441270753,3,,,0,,,0,0.116416216495138,0.002483341591130938,3,76479.0,0.0,3,76479.0,0.0,3,50.0,0.0,3,0.4247734978950322,0.0006809113112125296,3,0.0,0.0,3,0.45456832695830385,0.0,3,0.2477806512202728,0.0004905725626663235,3,1.0,0.0,3,0.31855225563049316,0.0,3,0.11424002051353455,0.0008070980714947807,3,0.0,0.0,3,248.63333333333333,1.0349449797506662,3
627954f899,0.17279284826914468,0.0003949847511659449,3,0.11933885524371846,0.0005891338049620684,3,0.006828388209065432,0.002294151725163937,3,,,0,,,0,0.11653710895932433,0.0017153716138407513,3,536767.0,0.0,3,536767.0,0.0,3,27.666666666666668,1.763834207376394,3,0.31972850404997916,0.006123668954007269,3,0.0,0.0,3,0.45456832695830385,0.0,3,0.1861409428009683,0.0027424790990184067,3,0.6666666666666666,0.33333333333333337,3,0.31855225563049316,0.0,3,0.12037915239731471,0.0006443783379453758,3,0.0,0.0,3,353.06666666666666,17.400223497926046,3
62d2c8b9df,0.1691329298814138,0.00011579217007023012,3,0.1295209828042543,0.0012062780042144123,3,0.0198324720064799,0.00044012341929364456,3,,,0,,,0,0.1326332621203086,0.0016391628654586375,3,76479.0,0.0,3,76479.0,0.0,3,27.666666666666668,2.9627314724385294,3,0.4810735459742874,0.006251634418459767,3,0.0,0.0,3,0.45456832695830385,0.0,3,0.28347217588079204,0.002551470839087953,3,1.0,0.0,3,0.31855225563049316,0.0,3,0.13079061607519785,0.001241297487807513,3,0.0,0.0,3,206.16666666666666,12.870163600790434,3
65777a438f,0.16893512109915418,7.294481813447211e-05,3,0.13110018405877125,0.0010858617999137306,3,0.02048651629654819,0.0004337648692919591,3,,,0,,,0,0.1327938279470873,0.0020449674625879796,3,65727.0,0.0,3,65727.0,0.0,3,50.0,0.0,3,0.4730286248815805,0.007050087805144078,3,0.0,0.0,3,0.45456832695830385,0.0,3,0.2820217070944012,0.0035314253012459582,3,1.0,0.0,3,0.31855225563049316,0.0,3,0.13266230126221976,0.0011116390815874228,3,0.0,0.0,3,225.33333333333334,0.9905105305402399,3
67f0d39ad8,0.16902684859434766,6.849271694227861e-05,3,0.1321922509001783,0.0013179814297872938,3,0.019434097898069515,0.0005906795569609268,3,,,0,,,0,0.1338997195238213,0.0023526835075500887,3,76479.0,0.0,3,76479.0,0.0,3,48.333333333333336,0.8819171036881973,3,0.4765134301071696,0.006083565902292222,3,0.0,0.0,3,0.45456832695830385,0.0,3,0.28075773497192463,0.0032680662457212385,3,1.0,0.0,3,0.31855225563049316,0.0,3,0.1333380788564682,0.0013771740476609161,3,0.0,0.0,3,226.86666666666667,1.7457885833564741,3
6930ecb1da,0.17298485469818115,0.0006007644241711998,3,0.11978421866143342,0.0019424917518395806,3,0.00827605541420992,0.002449914219826299,3,,,0,,,0,0.1164776093415086,0.0015487468176620142,3,536767.0,0.0,3,536767.0,0.0,3,21.333333333333332,1.4529663145135578,3,0.31835721950134216,0.014565816654640974,3,0.0,0.0,3,0.45456832695830385,0.0,3,0.18111347240323483,0.007881558949809042,3,0.3333333333333333,0.33333333333333337,3,0.31855225563049316,0.0,3,0.12111619611581166,0.0019314872143065113,3,0.0,0.0,3,307.5,10.346658075597814,3
6d385b0ec2,0.17025863556067147,0.00025397371547568353,3,0.12753175453553325,0.0014664026719126574,3,0.011366127975403317,0.0011879195909668318,3,,,0,,,0,0.1275868311113222,0.0012089071161141504,3,256191.0,0.0,3,256191.0,0.0,3,28.0,2.309401076758503,3,0.4535121665034801,0.01809908479835444,3,0.0,0.0,3,0.45456832695830385,0.0,3,0.26412307214256486,0.01028547184636378,3,1.3333333333333333,0.33333333333333337,3,0.31855225563049316,0.0,3,0.12836208442846933,0.0015342488585745736,3,0.0,0.0,3,268.76666666666665,19.386965839048788,3
6e39103f00,0.16880611010392507,8.328072503314756e-05,3,0.12915711435914967,0.0004814307033052006,3,0.018569832756405783,0.000309358370182328,3,,,0,,,0,0.1303385719140438,0.001910995571363438,3,103359.0,0.0,3,103359.0,0.0,3,38.333333333333336,1.8559214542766744,3,0.47553141744730065,0.0035609197923274784,3,0.0,0.0,3,0.45456832695830385,0.0,3,0.27375688743615,0.002035602487018392,3,1.6666666666666667,0.3333333333333333,3,0.31855225563049316,0.0,3,0.1302284300327301,0.0005702112387150113,3,0.0,0.0,3,249.0,9.959417653658258,3
6e57062d13,0.1710142167409261,0.00018867028049986598,3,0.10571373988614301,0.0019312859794349286,3,0.01230101263712323,0.000684265220758142,3,,,0,,,0,0.10648055471918853,0.002418073515161494,3,103359.0,0.0,3,103359.0,0.0,3,50.0,0.0,3,0.3867241413295089,0.0016000348933005817,3,0.0,0.0,3,0.45456832695830385,0.0,3,0.2179053661925138,0.0012884298500569706,3,0.3333333333333333,0.33333333333333337,3,0.31855225563049316,0.0,3,0.10616291811068852,0.0019895385094453343,3,0.0,0.0,3,273.03333333333336,14.570441921155911,3
6f98dc87be,0.17110075771808622,0.000319008640094325,3,0.10217399071143711,0.0012233642938458509,3,0.011317635339403909,0.0003831213884226264,3,,,0,,,0,0.09853796299126809,0.0008450322276513892,3,330111.0,0.0,3,330111.0,0.0,3,44.333333333333336,5.666666666666666,3,0.29508916535489477,0.02606526877713788,3,0.0,0.0,3,0.45456832695830385,0.0,3,0.1635467493978111,0.014030013152487785,3,0.6666666666666666,0.33333333333333337,3,0.31855225563049316,0.0,3,0.10256112118562062,0.0013685865845931959,3,0.0,0.0,3,370.9666666666667,29.084493768635166,3
70de84a954,0.16933040912946065,0.0002187012975395001,3,0.12845893316537674,0.0011619167021560042,3,0.017205055428560448,0.0008319626215956695,3,,,0,,,0,0.12915124424419758,0.0010216457598130418,3,256191.0,0.0,3,256191.0,0.0,3,18.666666666666668,0.6666666666666664,3,0.4427977952826323,0.006147891694610659,3,0.0,0.0,3,0.45456832695830385,0.0,3,0.257671245747594,0.0038750724795535495,3,0.6666666666666666,0.33333333333333337,3,0.31855225563049316,0.0,3,0.12933196127414703,0.0010959665273122731,3,0.0,0.0,3,233.4333333333333,4.504195574992027,3
73d8517a3d,0.1700066021680832,4.91944405824895e-05,3,0.11838218068137674,0.0012536927595345265,3,0.013722852739707503,0.0010452564186195386,3,,,0,,,0,0.11788792751056491,0.001981818751042639,3,330111.0,0.0,3,330111.0,0.0,3,26.0,0.5773502691896257,3,0.3972841129357083,0.015588040959253953,3,0.0,0.0,3,0.45456832695830385,0.0,3,0.2226594652964756,0.009032285156893166,3,2.6666666666666665,0.33333333333333337,3,0.31855225563049316,0.0,3,0.1192317654689153,0.0010482330411598025,3,0.0,0.0,3,284.1333333333333,8.32793158259867,3
741a59a025,0.1691182350317637,8.507905599303514e-05,3,0.12422298628256208,0.0017652784149720553,3,0.016459237015436567,0.00021488754653246163,3,,,0,,,0,0.12198862161312794,0.0015877197754532563,3,330111.0,0.0,3,330111.0,0.0,3,21.333333333333332,0.8819171036881971,3,0.4204005042740729,0.009585317576413501,3,0.0,0.0,3,0.45456832695830385,0.0,3,0.23484962323028383,0.004658909540175819,3,2.0,1.1547005383792515,3,0.31855225563049316,0.0,3,0.12552929669618607,0.0019019625672371183,3,0.0,0.0,3,262.1333333333333,9.562833145976022,3
75e5b88d22,0.1689789071083069,0.00014310555737872063,3,0.12876414542576547,0.001354249690389761,3,0.01758602529606491,0.0003380776476766174,3,,,0,,,0,0.12899142134499125,0.0017191060297816055,3,103359.0,0.0,3,103359.0,0.0,3,50.0,0.0,3,0.4730918286542518,0.007397100442741479,3,0.0,0.0,3,0.45456832695830385,0.0,3,0.27316536861990137,0.004095031914231471,3,1.3333333333333333,0.3333333333333333,3,0.31855225563049316,0.0,3,0.1298151214917501,0.001395697140247106,3,0.0,0.0,3,237.79999999999998,1.0214368964029683,3
76603a15f5,0.1712635083993276,0.00014761515083964655,3,0.1157409277938703,0.00036471850447776933,3,0.013835534532234151,7.040159963716426e-05,3,,,0,,,0,0.11173021544430269,0.0023084576555988845,3,405311.0,0.0,3,405311.0,0.0,3,50.0,0.0,3,0.29838753791543415,0.0027395260063887246,3,0.0,0.0,3,0.45456832695830385,0.0,3,0.17046138192083746,0.001875299812818106,3,0.0,0.0,3,0.31855225563049316,0.0,3,0.11731935540835063,0.0004238259667186263,3,0.0,0.0,3,362.5,0.8736894948054043,3
7a440b0132,0.16936529151598612,0.0002719849114083188,3,0.12704742799373495,0.0015348559726522625,3,0.017193302275642516,0.0011253396833954083,3,,,0,,,0,0.12778358313793695,0.001661297262020654,3,103359.0,0.0,3,103359.0,0.0,3,25.333333333333332,0.8819171036881971,3,0.4667720484397105,0.011643734859359267,3,0.0,0.0,3,0.45456832695830385,0.0,3,0.27080537686734324,0.005080904241584906,3,0.6666666666666666,0.33333333333333337,3,0.31855225563049316,0.0,3,0.12809969981511435,0.001422691235058419,3,0.0,0.0,3,211.63333333333333,4.58596893917861,3
7b2718a3ae,0.1693701651096344,5.272784018386902e-05,3,0.12924270119313164,0.0007989316026344417,3,0.016267312897576228,0.0005454112961188698,3,,,0,,,0,0.13017486802435962,0.002248814159803719,3,101247.0,0.0,3,101247.0,0.0,3,47.333333333333336,2.185812841434001,3,0.47536168695167547,0.00615913117379025,3,0.0,0.0,3,0.45456832695830385,0.0,3,0.27525517565073493,0.002288361805014072,3,1.0,0.0,3,0.31855225563049316,0.0,3,0.1300566146771113,0.0009480871905717038,3,0.0,0.0,3,241.13333333333333,4.8119065290635525,3
7c7bb17588,0.1690111802816391,0.00014912333350954572,3,0.13176466424131464,0.0007056182464025883,3,0.02014309388619882,0.0008476994049436014,3,,,0,,,0,0.132048295148729,0.0018910024328278568,3,65727.0,0.0,3,65727.0,0.0,3,50.0,0.0,3,0.47850334327943206,0.004244040780960325,3,0.0,0.0,3,0.45456832695830385,0.0,3,0.2841422080233615,0.0020485946910312044,3,1.0,0.0,3,0.31855225563049316,0.0,3,0.1331471105416616,0.0007461636327800147,3,0.0,0.0,3,224.70000000000002,0.9504384952922176,3
7eb211b395,0.16901126245657602,0.00011773848898952884,3,0.1243241701015921,0.0010352395117849639,3,0.01671516453778302,0.0003614617816153529,3,,,0,,,0,0.12286091892547167,0.0012589570002330876,3,330111.0,0.0,3,330111.0,0.0,3,22.0,0.5773502691896257,3,0.41127853484340426,0.015354154666529628,3,0.0,0.0,3,0.45456832695830385,0.0,3,0.22995058312711816,0.008209882348162842,3,2.0,0.5773502691896257,3,0.31855225563049316,0.0,3,0.12529921034971872,0.0011655708799936213,3,0.0,0.0,3,272.03333333333336,6.373207809084666,3
80b3ea2684,0.1751566112438838,0.0004625379263016292,3,0.12041889712929155,0.002427727845576094,3,0.009993613397002851,0.0007918247168726484,3,,,0,,,0,0.11383012204018418,0.0021837383947957076,3,727871.0,0.0,3,727871.0,0.0,3,24.0,0.5773502691896257,3,0.28496295971397023,0.017061834695351028,3,0.0,0.0,3,0.45456832695830385,0.0,3,0.1641927863284365,0.008796721271243224,3,0.0,0.0,3,0.31855225563049316,0.0,3,0.12220949431260426,0.002409752332202374,3,0.0,0.0,3,370.90000000000003,13.401989902000892,3
82bd0c8d13,0.17062736364205677,8.635069425040898e-05,3,0.11615260820859878,0.0008284931477532054,3,0.012132707411649997,0.0011178227640854799,3,,,0,,,0,0.11371407748125124,0.0008767858357890386,3,330111.0,0.0,3,330111.0,0.0,3,32.666666666666664,1.4529663145135578,3,0.38249144667394236,0.009954202101270052,3,0.0,0.0,3,0.45456832695830385,0.0,3,0.21401955726300084,0.006663070371431703,3,1.3333333333333333,0.33333333333333337,3,0.31855225563049316,0.0,3,0.11693785587946574,0.0008009024182048159,3,0.0,0.0,3,327.2,20.154652068443138,3
82df4579b5,0.16936582378546397,7.37370173368526e-05,3,0.12796272781400483,0.000244338394987041,3,0.01655818671776504,0.00033992260538661534,3,,,0,,,0,0.1301666492608581,0.001870507750500274,3,103359.0,0.0,3,103359.0,0.0,3,49.0,1.0,3,0.4789952837403712,0.0067234828712131245,3,0.0,0.0,3,0.45456832695830385,0.0,3,0.27611475250849066,0.0036467463865348646,3,1.6666666666666667,0.3333333333333333,3,0.31855225563049316,0.0,3,0.12893183529376984,0.00015896706566609483,3,0.0,0.0,3,235.79999999999998,2.138535324312729,3
8362a0e278,0.1693223801056544,0.00028164238537600284,3,0.12993474760154797,0.0012362591477751714,3,0.018918413649160398,0.0014585920915195256,3,,,0,,,0,0.1331257117621071,0.0017656972936033104,3,76479.0,0.0,3,76479.0,0.0,3,27.666666666666668,3.2829526005987018,3,0.4816149174070834,0.002894012799645388,3,0.0,0.0,3,0.45456832695830385,0.0,3,0.2828148913444773,0.000737404939518661,3,1.0,0.0,3,0.31855225563049316,0.0,3,0.13126507898171744,0.001275791335855828,3,0.0,0.0,3,221.33333333333334,8.098216538912201,3
863d46420d,0.1711013235648473,0.0002284995999230816,3,0.1273624102109593,0.0017613410542927374,3,0.01238496215255172,0.0012057509390838014,3,,,0,,,0,0.12421062232128416,0.001593181507859597,3,405311.0,0.0,3,405311.0,0.0,3,36.333333333333336,0.8819171036881973,3,0.3831439128304701,0.016689673710476808,3,0.0,0.0,3,0.45456832695830385,0.0,3,0.2190270550385495,0.009238754336880322,3,0.6666666666666666,0.33333333333333337,3,0.31855225563049316,0.0,3,0.12888905902703604,0.001799694342484758,3,0.0,0.0,3,346.8333333333333,7.717152612488906,3
87e12b8f23,0.17112550751368205,0.0003523708378657894,3,0.11822336134631035,0.0009070939569392391,3,0.01344347252416863,0.0003735001080850164,3,,,0,,,0,0.11560904150495967,0.0021693468457343154,3,536767.0,0.0,3,536767.0,0.0,3,18.333333333333332,0.8819171036881968,3,0.3096205486866486,0.005436349783103188,3,0.0,0.0,3,0.45456832695830385,0.0,3,0.17947464508983255,0.0032684581546703994,3,0.0,0.0,3,0.31855225563049316,0.0,3,0.11927490433057149,0.0009401654215431407,3,0.0,0.0,3,276.6666666666667,6.584915421712799,3
917287521a,0.17089578235149383,0.00010743522167105936,3,0.1076893138008992,0.00012801793914158372,3,0.012768670995399434,0.00019932686111915647,3,,,0,,,0,0.10809622786245686,0.0025135286798253225,3,103359.0,0.0,3,103359.0,0.0,3,50.0,0.0,3,0.3942914661325822,0.003723076746812111,3,0.0,0.0,3,0.45456832695830385,0.0,3,0.22518271020396918,0.0018781153156808995,3,1.0,0.0,3,0.31855225563049316,0.0,3,0.1085250327984492,0.00024231888189621837,3,0.0,0.0,3,245.96666666666667,0.6359594676112974,3
94a08d89d0,0.17019059439500173,2.0958964405719866e-05,3,0.11660415350211874,0.00011537463670173728,3,0.016330245310667332,0.00011575135353335358,3,,,0,,,0,0.11816995323283375,0.0014462404377254792,3,65727.0,0.0,3,65727.0,0.0,3,50.0,0.0,3,0.4228451284264209,0.006931573968067262,3,0.0,0.0,3,0.45456832695830385,0.0,3,0.252313093577152,0.0032865124455869095,3,1.0,0.0,3,0.31855225563049316,0.0,3,0.11798461278279622,7.293599221405013e-05,3,0.0,0.0,3,274.53333333333336,9.480916505158014,3
95db6a1da4,0.16902841305732727,5.6717551389906674e-05,3,0.13166937223469402,0.0008850762016183338,3,0.020306773286647897,0.00035287297358066466,3,,,0,,,0,0.13277019120832192,0.0024241758141070923,3,65727.0,0.0,3,65727.0,0.0,3,49.333333333333336,0.33333333333333276,3,0.47934181908038737,0.004478169566427414,3,0.0,0.0,3,0.45456832695830385,0.0,3,0.28366505144353615,0.001682917336365074,3,1.0,0.0,3,0.31855225563049316,0.0,3,0.1329139918088913,0.001109443208142494,3,0.0,0.0,3,223.26666666666665,0.6227180564089764,3
9945f77896,0.17094318572680156,7.06714461350071e-05,3,0.10749299040975542,0.0006161793053068481,3,0.0128689758361332,0.00011106476960655819,3,,,0,,,0,0.10630852865543806,0.0021963496777785,3,103359.0,0.0,3,103359.0,0.0,3,50.0,0.0,3,0.37878181498022867,0.004082500398100232,3,0.0,0.0,3,0.45456832695830385,0.0,3,0.21642619815542863,0.0020744635718116895,3,0.3333333333333333,0.33333333333333337,3,0.31855225563049316,0.0,3,0.10823293030261993,0.00058212140890017,3,0.0,0.0,3,259.3333333333333,0.3844187531556814,3
99af6ad0b1,0.17018037446339926,0.0005327829426560794,3,0.1278166068126898,0.0013550631531720869,3,0.012419849476486286,0.002096388903828174,3,,,0,,,0,0.12692135610619157,0.0011232803606122824,3,256191.0,0.0,3,256191.0,0.0,3,26.666666666666668,0.8819171036881966,3,0.46360790937987134,0.003940861307558141,3,0.0,0.0,3,0.45456832695830385,0.0,3,0.26725163776963407,0.0031397358737036765,3,1.3333333333333333,0.3333333333333333,3,0.31855225563049316,0.0,3,0.12874136368433634,0.0014668249969938098,3,0.0,0.0,3,263.59999999999997,6.493329911018947,3
9ae2b6aad2,0.17001055820782981,0.0001442957930125546,3,0.12824099827211624,0.000986721074817874,3,0.012664090073297893,0.00044071496435852395,3,,,0,,,0,0.12777686406130148,0.0011879206586914827,3,256191.0,0.0,3,256191.0,0.0,3,28.666666666666668,1.452966314513558,3,0.456895825302359,0.006219955658174646,3,0.0,0.0,3,0.45456832695830385,0.0,3,0.2660537924399004,0.003977259614723953,3,1.3333333333333333,0.3333333333333333,3,0.31855225563049316,0.0,3,0.12913411855697632,0.0012133956859656293,3,0.0,0.0,3,286.96666666666664,8.122875790698208,3
9c42355a2e,0.16954548513889312,9.126344745970358e-05,3,0.12915966065627457,0.0010366840502593752,3,0.01572156583190595,0.00010559234211728822,3,,,0,,,0,0.13034613499852502,0.0018765954559561064,3,101247.0,0.0,3,101247.0,0.0,3,50.0,0.0,3,0.4705652325001955,0.010120216138714803,3,0.0,0.0,3,0.45456832695830385,0.0,3,0.2712124685231725,0.005460838856473671,3,1.6666666666666667,0.6666666666666667,3,0.31855225563049316,0.0,3,0.13002382218837738,0.00100588759631376,3,0.0,0.0,3,279.76666666666665,8.604714470051325,3
9cb78030be,0.17005978834629057,0.0003435406371082994,3,0.12599171535773565,0.001151907916879825,3,0.012064859665260113,0.001203595463881398,3,,,0,,,0,0.12568670864057754,0.0014033774664550048,3,256191.0,0.0,3,256191.0,0.0,3,35.0,1.5275252316519468,3,0.4490861010496691,0.009858455526708153,3,0.0,0.0,3,0.45456832695830385,0.0,3,0.25996111524701093,0.004851737412989191,3,1.0,0.5773502691896257,3,0.31855225563049316,0.0,3,0.126676378150781,0.0011997601143689607,3,0.0,0.0,3,266.3,5.0,3
9d21f98432,0.1748027209440867,0.0008510120853141473,3,0.12094308635434563,0.0016778384770331043,3,0.012316714834283898,0.00032536584245963345,3,,,0,,,0,0.11317071390214228,0.001251542798151305,3,727871.0,0.0,3,727871.0,0.0,3,23.333333333333332,0.3333333333333332,3,0.299437150178007,0.018187783549035,3,0.0,0.0,3,0.45456832695830385,0.0,3,0.1717181600349856,0.010534258054795813,3,0.6666666666666666,0.33333333333333337,3,0.31855225563049316,0.0,3,0.12312498191992442,0.0016966236425878186,3,0.0,0.0,3,367.8666666666666,6.106371899727197,3
9e064e0e8a,0.17092544742425284,0.00016971774621991607,3,0.11667085220159745,0.0011886565950319278,3,0.009115351570977105,0.0007676563475027861,3,,,0,,,0,0.11457654386121503,0.0030085532485106753,3,256191.0,0.0,3,256191.0,0.0,3,50.0,0.0,3,0.4083659571099209,0.008149451828992968,3,0.0,0.0,3,0.45456832695830385,0.0,3,0.2401741692459716,0.004146263168274334,3,1.0,0.0,3,0.31855225563049316,0.0,3,0.11756364752848943,0.0012694183593251259,3,0.0,0.0,3,386.0,14.339223595904109,3
9f1750d1a1,0.16909071644147236,0.0001737683216405999,3,0.13094889448368904,0.0006268991254112918,3,0.017535915765812787,0.0006644904134827016,3,,,0,,,0,0.13224160348332237,0.0023844302521089512,3,101247.0,0.0,3,101247.0,0.0,3,38.333333333333336,3.1797973380564852,3,0.48026594933133776,0.004162613395567807,3,0.0,0.0,3,0.45456832695830385,0.0,3,0.27784203225450493,0.0023984327975285023,3,1.0,0.0,3,0.31855225563049316,0.0,3,0.13198300699392954,0.0004990622930387649,3,0.0,0.0,3,245.9,12.781236246936361,3
a3e2552a50,0.1689149686098099,0.00010436963547742691,3,0.13261818742034062,0.0003969315438875331,3,0.019632079613902582,0.0007805750579590428,3,,,0,,,0,0.13384204199722496,0.0024540413520483364,3,76479.0,0.0,3,76479.0,0.0,3,50.0,0.0,3,0.47669614956940015,0.0024566037852531905,3,0.0,0.0,3,0.45456832695830385,0.0,3,0.28033799366617124,0.001243908961081595,3,1.0,0.0,3,0.31855225563049316,0.0,3,0.1338802029689153,0.0004027862966376771,3,0.0,0.0,3,234.16666666666666,0.6119186583562026,3
a53c728528,0.16906484452883405,2.693257104594152e-06,3,0.13052599884494448,0.0008855192503255082,3,0.01732203411677527,4.046888700889078e-05,3,,,0,,,0,0.1298307612186918,0.0020496806115882344,3,103359.0,0.0,3,103359.0,0.0,3,50.0,0.0,3,0.48542896491597615,0.003257488573199578,3,0.0,0.0,3,0.45456832695830385,0.0,3,0.28075758992799554,0.0022371818493479145,3,1.0,0.0,3,0.31855225563049316,0.0,3,0.13153517742951712,0.0007698649123674971,3,0.0,0.0,3,239.4333333333333,1.5592020751368663,3
a59edce088,0.1688994087378184,0.00023150260408363757,3,0.13221968657998776,0.000461999325477792,3,0.01992633418431358,0.0007200397866979806,3,,,0,,,0,0.1344778273521211,0.001996586793531109,3,76479.0,0.0,3,76479.0,0.0,3,48.666666666666664,1.3333333333333337,3,0.4658297889672041,0.002975345697123587,3,0.0,0.0,3,0.45456832695830385,0.0,3,0.27484555167616964,0.0020915004640253473,3,1.0,0.0,3,0.31855225563049316,0.0,3,0.13326016068458557,0.00048324168853255007,3,0.0,0.0,3,223.53333333333333,1.9272894033965073,3
a6f8a1be9d,0.16902285663286845,0.00012838097578551864,3,0.1280327826567054,0.0009353084792949291,3,0.018719538494392677,0.0005686577990556402,3,,,0,,,0,0.12819942073468266,0.0019313215408718043,3,103359.0,0.0,3,103359.0,0.0,3,23.0,1.1547005383792515,3,0.4699863280614441,0.006185252899361751,3,0.0,0.0,3,0.45456832695830385,0.0,3,0.27213250089090946,0.003432515390647535,3,1.6666666666666667,0.3333333333333333,3,0.31855225563049316,0.0,3,0.1290132701396942,0.0009751221382023886,3,0.0,0.0,3,208.29999999999998,1.5947831618540893,3
a767d620b7,0.1717399777173996,0.0006320975773689571,3,0.11409521221627482,4.4864533418519326e-05,3,0.009482679859040275,0.002632700873479362,3,,,0,,,0,0.11568509350607586,0.0032824952016856633,3,536767.0,0.0,3,536767.0,0.0,3,17.666666666666668,0.6666666666666669,3,0.29104149058381495,0.010931666403607987,3,0.0,0.0,3,0.45456832695830385,0.0,3,0.16656183975119163,0.007145143135441512,3,0.3333333333333333,0.33333333333333337,3,0.31855225563049316,0.0,3,0.11515937993923824,0.00011223463476193187,3,0.0,0.0,3,282.53333333333336,6.320425442782951,3
a8399bbc79,0.1689112010796865,0.00020184066964647107,3,0.1284141557351097,0.0014136876387105543,3,0.018084009488423664,0.0008450550295723368,3,,,0,,,0,0.12974983345521696,0.001387522997602676,3,103359.0,0.0,3,103359.0,0.0,3,50.0,0.0,3,0.47963025389399805,0.014463446483039145,3,0.0,0.0,3,0.45456832695830385,0.0,3,0.2761292436115456,0.00686496505688805,3,1.6666666666666667,0.3333333333333333,3,0.31855225563049316,0.0,3,0.1297097454468409,0.0015478052463094353,3,0.0,0.0,3,239.79999999999998,0.5291502622129225,3
a8ba24365a,0.16968332914511364,0.0003743087865786097,3,0.12972308155991838,0.0010097596779935056,3,0.01545121051647045,0.001272671089832233,3,,,0,,,0,0.13145094068777463,0.0018066122688416585,3,101247.0,0.0,3,101247.0,0.0,3,40.0,2.886751345948129,3,0.4822787284868417,0.010818064646636748,3,0.0,0.0,3,0.45456832695830385,0.0,3,0.27683878594993566,0.004906563819135997,3,1.3333333333333333,0.3333333333333333,3,0.31855225563049316,0.0,3,0.13059201339880624,0.001040959071425041,3,0.0,0.0,3,266.09999999999997,5.52931581059838,3
ac2caf7f90,0.16914851935704553,1.729529477694202e-05,3,0.12999373668941475,0.00012825505853953148,3,0.019996441861309073,5.556665075726299e-05,3,,,0,,,0,0.13116617530925967,0.002069129057311439,3,65727.0,0.0,3,65727.0,0.0,3,29.333333333333332,0.8819171036881971,3,0.4786092364186693,0.004279319904385039,3,0.0,0.0,3,0.45456832695830385,0.0,3,0.2834770151689254,0.0020847641060618024,3,1.3333333333333333,0.33333333333333337,3,0.31855225563049316,0.0,3,0.13132443527380624,0.00011691113779598632,3,0.0,0.0,3,204.63333333333333,7.168759384378247,3
ac663a96f7,0.16984848868846894,0.00040148276174818676,3,0.1281270488356594,0.0005199451966227455,3,0.016541007334593114,0.0013399137195153552,3,,,0,,,0,0.12995035107132255,0.0019207426499416862,3,256191.0,0.0,3,256191.0,0.0,3,20.0,0.0,3,0.4554177340412937,0.009719499231041555,3,0.0,0.0,3,0.45456832695830385,0.0,3,0.26348988090050324,0.004965984848820703,3,0.6666666666666666,0.33333333333333337,3,0.31855225563049316,0.0,3,0.12896273036797842,0.0005420120838528384,3,0.0,0.0,3,261.8666666666667,1.9547662548527702,3
ac8aaf9739,0.17235006753603618,0.0003707868241490333,3,0.11915971181725056,0.002396691681068046,3,0.012790604243202816,0.0008941740668744852,3,,,0,,,0,0.11364226032518271,0.0020634692858674153,3,727871.0,0.0,3,727871.0,0.0,3,20.0,1.0,3,0.30068224189730147,0.0022535391803764453,3,0.0,0.0,3,0.45456832695830385,0.0,3,0.1707236196865138,0.0026382355396820795,3,0.6666666666666666,0.6666666666666667,3,0.31855225563049316,0.0,3,0.12092394381761551,0.0025863010666546215,3,0.0,0.0,3,344.1333333333334,16.430696204901885,3
b18490e793,0.16927004233996076,0.00021098993083447072,3,0.13001356716539988,0.0007914047783760184,3,0.01944517237799508,0.0011483637939514065,3,,,0,,,0,0.13083346721576428,0.001614210327647199,3,65727.0,0.0,3,65727.0,0.0,3,28.0,1.5275252316519468,3,0.47902512996291396,0.006012283066285413,3,0.0,0.0,3,0.45456832695830385,0.0,3,0.2837264106120773,0.0026570314952454603,3,1.3333333333333333,0.33333333333333337,3,0.31855225563049316,0.0,3,0.1312684863805771,0.0008875146973552108,3,0.0,0.0,3,212.4,3.65102725270573,3
b5f7eff8d8,0.17085904093583426,0.0002884574003113373,3,0.1221749507979034,0.00125939222319108,3,0.016281343326366767,0.0002735000376827296,3,,,0,,,0,0.11853265784950946,0.0021991879196340647,3,405311.0,0.0,3,405311.0,0.0,3,19.666666666666668,0.3333333333333332,3,0.37110398449515075,0.013219929388037599,3,0.0,0.0,3,0.45456832695830385,0.0,3,0.21267210042517162,0.006025055404384351,3,0.0,0.0,3,0.31855225563049316,0.0,3,0.12379585703214009,0.001178659190249006,3,0.0,0.0,3,251.9,4.822171018673361,3
b896b0d5be,0.16913710693518322,0.00011718034580042832,3,0.13011500616052515,0.0020845137227030923,3,0.020005614984603157,0.0005307911653008123,3,,,0,,,0,0.1312207328864842,0.0023562083944491086,3,65727.0,0.0,3,65727.0,0.0,3,27.333333333333332,2.3333333333333335,3,0.4838604071368073,0.013925989185967307,3,0.0,0.0,3,0.45456832695830385,0.0,3,0.2844414762926972,0.007827990673572373,3,1.0,0.0,3,0.31855225563049316,0.0,3,0.1316206008195877,0.002024980422004861,3,0.0,0.0,3,215.6,4.966219219218304,3
b99b5c9483,0.16923485759894052,0.00013314370091117145,3,0.128294808235357,0.0010525116472541306,3,0.01645735268870359,0.0008060735552882366,3,,,0,,,0,0.1290208356773974,0.0017337816619824274,3,103359.0,0.0,3,103359.0,0.0,3,38.666666666666664,2.6034165586355518,3,0.4678534494707112,0.01049628966619256,3,0.0,0.0,3,0.45456832695830385,0.0,3,0.2696783604129611,0.005466945674723468,3,1.0,0.5773502691896257,3,0.31855225563049316,0.0,3,0.12902151544888815,0.0012165611920973386,3,0.0,0.0,3,245.23333333333335,7.455721144046213,3
ba4e15765d,0.16860364218552906,6.498661670327916e-05,3,0.13105621806267,0.0007046205420243208,3,0.02034462223608027,0.00032223481098914966,3,,,0,,,0,0.13356727614860905,0.0022981407954974706,3,101247.0,0.0,3,101247.0,0.0,3,25.0,1.1547005383792515,3,0.47665016493886236,0.010233215500366362,3,0.0,0.0,3,0.45456832695830385,0.0,3,0.27660810965342014,0.004726626365820021,3,1.6666666666666667,0.3333333333333333,3,0.31855225563049316,0.0,3,0.13226911425590515,0.0007640563731614538,3,0.0,0.0,3,225.26666666666665,5.538451448233925,3
be464b7e68,0.16965177063147227,0.0001462847903144361,3,0.11807286535138413,0.0003944602308215338,3,0.013422099370805044,0.0008810234073140531,3,,,0,,,0,0.11745267994057568,0.002027281832376593,3,330111.0,0.0,3,330111.0,0.0,3,24.333333333333332,1.2018504251546631,3,0.39923228838977814,0.012193715616769988,3,0.0,0.0,3,0.45456832695830385,0.0,3,0.22164897561735333,0.007530762225771322,3,3.3333333333333335,0.6666666666666666,3,0.31855225563049316,0.0,3,0.11905227849880855,0.000511895666220884,3,0.0,0.0,3,294.3333333333333,5.820175636906879,3
c1f0d8b091,0.16994845950603485,0.0002463728877265013,3,0.1183077038050168,0.0019109679599056929,3,0.013926795550755093,0.0007942917055369838,3,,,0,,,0,0.11787110122663359,0.0011110026509178143,3,330111.0,0.0,3,330111.0,0.0,3,26.333333333333332,0.6666666666666669,3,0.3540145801141763,0.02482638739407717,3,0.0,0.0,3,0.45456832695830385,0.0,3,0.19823001653710157,0.014238837271205187,3,1.6666666666666667,0.3333333333333333,3,0.31855225563049316,0.0,3,0.11895008385181427,0.0020472490614174246,3,0.0,0.0,3,287.26666666666665,6.1319744871542925,3
c606f476d9,0.17351304527123768,0.0003714792648228561,3,0.1201455183342819,0.0002676125748125656,3,0.00705439703805106,0.0005548423723157868,3,,,0,,,0,0.11614960781421406,0.0012032136410643837,3,536767.0,0.0,3,536767.0,0.0,3,31.0,1.7320508075688772,3,0.3492783984168886,0.013783881485328825,3,0.0,0.0,3,0.45456832695830385,0.0,3,0.20086240307339853,0.0073602793067178264,3,0.6666666666666666,0.33333333333333337,3,0.31855225563049316,0.0,3,0.12178406864404678,0.00010448315433056282,3,0.0,0.0,3,359.8666666666666,10.999141380631093,3
c6bb8ae3b0,0.16901945360501605,5.235902981572523e-05,3,0.12893675501406066,0.0007213464651553052,3,0.02002973468215377,0.00040997610056529203,3,,,0,,,0,0.13276785403890326,0.00195701939687186,3,65727.0,0.0,3,65727.0,0.0,3,40.0,2.6457513110645907,3,0.4809750764028739,0.00365009088535747,3,0.0,0.0,3,0.45456832695830385,0.0,3,0.2839783063458225,0.0018369101141713037,3,1.0,0.0,3,0.31855225563049316,0.0,3,0.13008474806944528,0.0007053920187332094,3,0.0,0.0,3,232.23333333333335,12.306141194993296,3
c6bc8d7b01,0.17114837884902953,0.00010307581570009686,3,0.10323598464919208,0.0014454274138571794,3,0.011404649605826725,0.0003103405710731332,3,,,0,,,0,0.09884863677976426,0.0026820689898214354,3,330111.0,0.0,3,330111.0,0.0,3,50.0,0.0,3,0.29076889201316525,0.008538757688768396,3,0.0,0.0,3,0.45456832695830385,0.0,3,0.15921541973011547,0.0049323031931727095,3,1.3333333333333333,0.33333333333333337,3,0.31855225563049316,0.0,3,0.10336817800998688,0.0014447976103508266,3,0.0,0.0,3,375.2,0.5507570547286026,3
c7a25dec46,0.17299286067485808,0.0003541567525273718,3,0.12019940649272802,0.0014950719832545905,3,0.012508032498536286,0.0006157867160729383,3,,,0,,,0,0.11562316287281253,0.0012965911059629523,3,727871.0,0.0,3,727871.0,0.0,3,35.0,1.7320508075688772,3,0.2473548864074763,0.009112085731795672,3,0.0,0.0,3,0.45456832695830385,0.0,3,0.14311219711892875,0.005159544145727375,3,0.0,0.0,3,0.31855225563049316,0.0,3,0.12157970418532689,0.0016349835798084385,3,0.0,0.0,3,465.56666666666666,28.561765429406552,3
c7cd7eef36,0.16931361560026806,0.00020688216743543767,3,0.12963245614634475,0.0005028441749140653,3,0.01625883169275112,0.001214061156844266,3,,,0,,,0,0.13119709815819572,0.0015504579460029362,3,101247.0,0.0,3,101247.0,0.0,3,41.0,2.0816659994661326,3,0.46949148601787843,0.012217363224801962,3,0.0,0.0,3,0.45456832695830385,0.0,3,0.27337248366055755,0.006053196567564786,3,0.6666666666666666,0.33333333333333337,3,0.31855225563049316,0.0,3,0.1305993894735972,0.0003440701133167837,3,0.0,0.0,3,258.73333333333335,10.033333333333323,3
c802fd08e3,0.17067012949784596,0.00019911480459934108,3,0.11231405405783013,0.0025444671894284637,3,0.011968185977330284,0.0008319831299798919,3,,,0,,,0,0.11069470883268913,0.0038369976538030386,3,101247.0,0.0,3,101247.0,0.0,3,50.0,0.0,3,0.39298129980008295,0.022846961465089716,3,0.0,0.0,3,0.45456832695830385,0.0,3,0.2295484369139824,0.011673468682707024,3,1.0,0.0,3,0.31855225563049316,0.0,3,0.1132180243730545,0.00266713120558577,3,0.0,0.0,3,262.59999999999997,9.453570753953251,3
c9540f735d,0.1691114292939504,0.00015521685759198588,3,0.12420092106415259,0.0009727894112492759,3,0.017576360513293553,0.0004072759726331661,3,,,0,,,0,0.12257356217728083,0.002826165230955308,3,330111.0,0.0,3,330111.0,0.0,3,21.333333333333332,0.6666666666666669,3,0.41747616327665843,0.009184229873368317,3,0.0,0.0,3,0.45456832695830385,0.0,3,0.2334168897227131,0.004427841615654093,3,3.0,0.5773502691896257,3,0.31855225563049316,0.0,3,0.12546343604723612,0.0010670743317357824,3,0.0,0.0,3,272.03333333333336,6.68838130226175,3
caabd5451e,0.17043016223112742,0.00017309032907048124,3,0.12903477518699727,0.0013388413051243107,3,0.01632345069653143,0.0009392900659967327,3,,,0,,,0,0.12359548878406772,0.0014427974033219498,3,405311.0,0.0,3,405311.0,0.0,3,42.0,1.1547005383792515,3,0.3531373650171996,0.002846440183819418,3,0.0,0.0,3,0.45456832695830385,0.0,3,0.2021352930416509,0.00237625886847862,3,0.3333333333333333,0.33333333333333337,3,0.31855225563049316,0.0,3,0.1302626629670461,0.0015830328247964463,3,0.0,0.0,3,324.90000000000003,6.40858798800485,3
cc530e0147,0.17366769886016845,0.00022523565087734958,3,0.11872281505633737,0.00150070501226882,3,0.004632549626486643,0.0006431395237313295,3,,,0,,,0,0.11232278973096049,0.0015818234463787514,3,536767.0,0.0,3,536767.0,0.0,3,43.333333333333336,2.403700850309326,3,0.330201229432034,0.02076908005385788,3,0.0,0.0,3,0.45456832695830385,0.0,3,0.18960484787301635,0.012408874453113679,3,0.6666666666666666,0.33333333333333337,3,0.31855225563049316,0.0,3,0.12034293512503307,0.0017552033489979827,3,0.0,0.0,3,453.93333333333334,28.150567391163634,3
cd55e0e814,0.17099990530808765,0.00016953730011744203,3,0.11626597166342789,0.0007968393698065252,3,0.008652143062107147,0.0005462080353821264,3,,,0,,,0,0.11476751630708208,0.0021124356340619416,3,256191.0,0.0,3,256191.0,0.0,3,50.0,0.0,3,0.40245280567846503,0.016777009917968072,3,0.0,0.0,3,0.45456832695830385,0.0,3,0.23338023764916618,0.009218158994420453,3,1.0,0.0,3,0.31855225563049316,0.0,3,0.11710327863693237,0.0009242996154618993,3,0.0,0.0,3,322.09999999999997,0.2309401076758577,3
ce025a5acd,0.17171392818291983,0.0003497840950116535,3,0.12191369238402429,0.0015197576138671846,3,0.012000462680897384,0.0013246640918917023,3,,,0,,,0,0.11853637474100559,0.0016797451522856798,3,405311.0,0.0,3,405311.0,0.0,3,23.333333333333332,0.3333333333333332,3,0.38524542782171967,0.001718299512881549,3,0.0,0.0,3,0.45456832695830385,0.0,3,0.22176731907396685,0.002031543699793856,3,0.0,0.0,3,0.31855225563049316,0.0,3,0.12370837728182475,0.0013339510421536403,3,0.0,0.0,3,299.90000000000003,1.4571661996262986,3
cf3d00e793,0.17097001632054645,0.0001902610678258347,3,0.11577168457967596,0.0022624433549916613,3,0.009012214405826792,0.000655840019100279,3,,,0,,,0,0.1137216445690542,0.0014700376675399274,3,256191.0,0.0,3,256191.0,0.0,3,50.0,0.0,3,0.39682721095161594,0.0038435979773883714,3,0.0,0.0,3,0.45456832695830385,0.0,3,0.233093979075324,0.0030969838087242783,3,0.6666666666666666,0.33333333333333337,3,0.31855225563049316,0.0,3,0.11667312184969585,0.002274190582333386,3,0.0,0.0,3,350.1666666666667,0.202758751009933,3
d147eac7f0,0.17003836913903556,0.00016095766603018056,3,0.12471665542903616,0.0012274006167755718,3,0.0120536760678367,0.0014374828321613545,3,,,0,,,0,0.12531645473190128,0.0016244944857668627,3,256191.0,0.0,3,256191.0,0.0,3,37.333333333333336,3.4801021696368495,3,0.4398737667405091,0.004337471371487718,3,0.0,0.0,3,0.45456832695830385,0.0,3,0.25502581932862745,0.0021362350796478857,3,1.0,0.0,3,0.31855225563049316,0.0,3,0.12544769793748856,0.0012307144044899796,3,0.0,0.0,3,271.1333333333334,13.228420582636142,3
d6eaa7debc,0.17323190617561343,0.000596488393800007,3,0.11771113381619129,0.001092999421356095,3,0.006130594425100499,0.000781177236745787,3,,,0,,,0,0.1131858230647614,0.001750590614933361,3,536767.0,0.0,3,536767.0,0.0,3,39.0,6.082762530298219,3,0.34470812630690423,0.0033053975636497656,3,0.0,0.0,3,0.45456832695830385,0.0,3,0.19790949659760781,0.0015720080926608588,3,1.0,0.0,3,0.31855225563049316,0.0,3,0.11903032163778941,0.0011814407617437646,3,0.0,0.0,3,359.73333333333335,36.591726447988826,3
d75b75f7c8,0.17043356589476266,0.00025860648041430354,3,0.11281021309224953,0.0007589999184803298,3,0.012624380134400868,0.000930004445322988,3,,,0,,,0,0.11118716040977988,0.0027050043725587412,3,101247.0,0.0,3,101247.0,0.0,3,50.0,0.0,3,0.40121763676916994,0.005165001704326159,3,0.0,0.0,3,0.45456832695830385,0.0,3,0.23285501040956857,0.0029935004106394847,3,1.0,0.0,3,0.31855225563049316,0.0,3,0.11378379166126251,0.0007953312688056146,3,0.0,0.0,3,247.29999999999998,1.3868429375143096,3
d932627aad,0.17354953237374623,0.00041537444189774966,3,0.11803829979500642,0.0016212525688531847,3,0.004076098954236065,0.0015271800043738083,3,,,0,,,0,0.113427177473658,0.0016569838301503839,3,536767.0,0.0,3,536767.0,0.0,3,44.0,3.0550504633038935,3,0.32048846148679966,0.0237295955790753,3,0.0,0.0,3,0.45456832695830385,0.0,3,0.18339643997605248,0.011872533219991759,3,0.6666666666666666,0.33333333333333337,3,0.31855225563049316,0.0,3,0.1188334971666336,0.0015588528297088209,3,0.0,0.0,3,391.0,17.779763777958348,3
d9aae0ea7e,0.1686448472738266,0.00011257098183070578,3,0.13232097996147968,0.0016545346260730298,3,0.02051253671999331,0.0004956216385388926,3,,,0,,,0,0.1343244010355681,0.0015177732977541684,3,76479.0,0.0,3,76479.0,0.0,3,49.333333333333336,0.6666666666666664,3,0.4782727532991191,0.006050907678670301,3,0.0,0.0,3,0.45456832695830385,0.0,3,0.28196460771692666,0.0033475017972967843,3,1.0,0.0,3,0.31855225563049316,0.0,3,0.13338151077429453,0.0016857628299839715,3,0.0,0.0,3,226.29999999999998,2.443358344574116,3
dcd8ac8c41,0.169263165195783,0.00016801035496989312,3,0.12941811217389707,0.00032236706875617496,3,0.01889894311390226,0.0006810305569884587,3,,,0,,,0,0.13225771952195423,0.002252535538013301,3,65727.0,0.0,3,65727.0,0.0,3,45.333333333333336,1.4529663145135583,3,0.4697564088161186,0.0061481224425456536,3,0.0,0.0,3,0.45456832695830385,0.0,3,0.27802067126384306,0.003357407233952927,3,1.0,0.0,3,0.31855225563049316,0.0,3,0.1306342383225759,0.0004903580985234077,3,0.0,0.0,3,256.5,4.9802945026708265,3
dd967ac824,0.172868239124616,0.0002988486264726721,3,0.10747871741758215,0.0009344855447722476,3,0.00423858468494718,0.0003572027353186302,3,,,0,,,0,0.10004595973554357,0.0023022356346256456,3,536767.0,0.0,3,536767.0,0.0,3,50.0,0.0,3,0.2993848345889137,0.008563515429389074,3,0.0,0.0,3,0.45456832695830385,0.0,3,0.17084042597496465,0.0035491318262042357,3,0.3333333333333333,0.33333333333333337,3,0.31855225563049316,0.0,3,0.10839099436998367,0.0010311183705274556,3,0.0,0.0,3,431.56666666666666,0.8412952976082748,3
dddd777e07,0.17314423525333403,0.0007250751708214735,3,0.1217369171060812,0.0015353525194632637,3,0.010721933274042037,0.000855101777205964,3,,,0,,,0,0.11721557932056959,0.0017484758209892818,3,727871.0,0.0,3,727871.0,0.0,3,30.666666666666668,1.855921454276674,3,0.25314288013449204,0.014102462907072247,3,0.0,0.0,3,0.45456832695830385,0.0,3,0.14518108256849074,0.0073924599006795705,3,0.0,0.0,3,0.31855225563049316,0.0,3,0.12296890715758006,0.0015496799041141314,3,0.0,0.0,3,439.76666666666665,17.258460083230034,3
debbd57c08,0.17040912409623465,0.0003475442920236223,3,0.11567322273962921,0.0017623448447473867,3,0.013737346129442649,0.0006458493634231924,3,,,0,,,0,0.11282965871116497,0.0013613823871075203,3,330111.0,0.0,3,330111.0,0.0,3,32.0,1.0,3,0.3668285839369778,0.014771659864295135,3,0.0,0.0,3,0.45456832695830385,0.0,3,0.20538718001185266,0.007988094276461213,3,1.0,0.0,3,0.31855225563049316,0.0,3,0.11627973367770512,0.0017356437936874658,3,0.0,0.0,3,281.73333333333335,3.7737396718786957,3
e0743e6076,0.1694054763317108,0.0002718891078079672,3,0.12583040559268713,0.0018958980755650265,3,0.017508470192157403,0.0008138872455413015,3,,,0,,,0,0.12908059575002198,0.002041535797099767,3,256191.0,0.0,3,256191.0,0.0,3,19.0,0.5773502691896257,3,0.4408695248824776,0.0034603684407328488,3,0.0,0.0,3,0.45456832695830385,0.0,3,0.2581283783075485,0.0012713301900292317,3,1.0,0.5773502691896257,3,0.31855225563049316,0.0,3,0.12631898870070776,0.0016792816317762918,3,0.0,0.0,3,223.03333333333333,6.917931611238861,3
e09a55cf39,0.17368886931737262,0.00029923905077167405,3,0.11759912102441376,0.0021358505262920203,3,0.004614413099944907,0.0017047488264617904,3,,,0,,,0,0.11184978690375108,0.0022672560572891973,3,536767.0,0.0,3,536767.0,0.0,3,45.666666666666664,1.3333333333333337,3,0.33753073142419493,0.017363323502060993,3,0.0,0.0,3,0.45456832695830385,0.0,3,0.19415518688653588,0.01081184753363392,3,0.3333333333333333,0.33333333333333337,3,0.31855225563049316,0.0,3,0.11868204424778621,0.0023113632560027987,3,0.0,0.0,3,401.26666666666665,10.693040311862228,3
e1cc2bb76a,0.16959859863917034,0.0003491624537152789,3,0.129658809806079,0.0015028706281579394,3,0.017610063943913373,0.0018272896657451176,3,,,0,,,0,0.13220776828980188,0.0024975033679836382,3,65727.0,0.0,3,65727.0,0.0,3,43.333333333333336,3.1797973380564857,3,0.4642619125571048,0.0006794663111636252,3,0.0,0.0,3,0.45456832695830385,0.0,3,0.27713869368501065,0.0007112088147814581,3,1.0,0.0,3,0.31855225563049316,0.0,3,0.13121594488620758,0.0015658332526782483,3,0.0,0.0,3,250.26666666666665,5.241289069600246,3
e1e17fef33,0.17019451157251994,0.00017206135289056195,3,0.11674266499849394,0.0004945670442580995,3,0.015787865749742617,0.0005107952135643341,3,,,0,,,0,0.11692256763911084,0.002357732897082172,3,76479.0,0.0,3,76479.0,0.0,3,50.0,0.0,3,0.4273203353938577,0.002147119747386019,3,0.0,0.0,3,0.45456832695830385,0.0,3,0.2512680298933378,0.0015006492297741484,3,1.0,0.0,3,0.31855225563049316,0.0,3,0.11793669313192368,0.0005471100572596289,3,0.0,0.0,3,266.56666666666666,3.04649160693265,3
e4da847895,0.1729968402783076,0.00018082996029298922,3,0.12105035335677239,0.0002540499096733525,3,0.01241628297422298,0.0003115619891322764,3,,,0,,,0,0.11524125190322933,0.0018891089654237956,3,727871.0,0.0,3,727871.0,0.0,3,36.0,1.5275252316519468,3,0.24811785148566448,0.015662559576915723,3,0.0,0.0,3,0.45456832695830385,0.0,3,0.1413205799159842,0.00859430593639254,3,0.0,0.0,3,0.31855225563049316,0.0,3,0.12262570609649022,0.0003945879384702156,3,0.0,0.0,3,417.8666666666666,11.677090581323943,3
e6f67b1da4,0.1696152450243632,3.824073857641688e-05,3,0.1275979767969801,0.0006883675079932587,3,0.015000573857120737,0.00024878633135832974,3,,,0,,,0,0.12901779908568545,0.0015967928259233855,3,103359.0,0.0,3,103359.0,0.0,3,41.0,1.5275252316519468,3,0.47294200284835847,0.009365523053235106,3,0.0,0.0,3,0.45456832695830385,0.0,3,0.27351747869900456,0.0061467214082707835,3,1.3333333333333333,0.33333333333333337,3,0.31855225563049316,0.0,3,0.1285701443751653,0.000791955609242611,3,0.0,0.0,3,240.9333333333333,8.66743586330147,3
ed738cdb39,0.16873850437005364,5.829590176023494e-05,3,0.134068099071589,0.0006350693518636648,3,0.020249941677012773,0.0001810150481474603,3,,,0,,,0,0.13396624969344303,0.0022116218477921095,3,76479.0,0.0,3,76479.0,0.0,3,39.666666666666664,1.4529663145135583,3,0.4763577661678861,0.006910861223142591,3,0.0,0.0,3,0.45456832695830385,0.0,3,0.2814486672754128,0.003341024076352059,3,1.0,0.0,3,0.31855225563049316,0.0,3,0.13537535071372986,0.0006768186402733928,3,0.0,0.0,3,239.4,6.449030934954496,3
ed99ca05a8,0.17245922871430716,0.0004892817979669621,3,0.120926449443863,0.0007445048389296496,3,0.011832999173926299,0.00045926795522441516,3,,,0,,,0,0.11694257769341164,0.001979989067839234,3,727871.0,0.0,3,727871.0,0.0,3,28.333333333333332,1.201850425154663,3,0.26331350402670217,0.008866696490789168,3,0.0,0.0,3,0.45456832695830385,0.0,3,0.1509042808035184,0.004212965188972564,3,0.0,0.0,3,0.31855225563049316,0.0,3,0.12251426031192143,0.0007734382249307154,3,0.0,0.0,3,411.3333333333333,16.675064550932856,3
ef81bbf4cb,0.16902642023563386,0.00023971148016890766,3,0.12978968060250654,0.001206467210620413,3,0.017799526926070924,0.0009385995388833048,3,,,0,,,0,0.13115701870558094,0.0022666863812619733,3,101247.0,0.0,3,101247.0,0.0,3,38.666666666666664,2.905932629027116,3,0.4819167805345376,0.010003683338338683,3,0.0,0.0,3,0.45456832695830385,0.0,3,0.2766389831303544,0.004653565958313471,3,1.3333333333333333,0.33333333333333337,3,0.31855225563049316,0.0,3,0.1305049260457357,0.0013716349255116498,3,0.0,0.0,3,265.90000000000003,8.228608630868274,3
f68af5481d,0.17139804530143735,3.66788292444844e-05,3,0.11593329747119767,0.000893076449121207,3,0.014175708016390523,0.00035167440649731433,3,,,0,,,0,0.11191845263621192,0.0019049132468463782,3,405311.0,0.0,3,405311.0,0.0,3,50.0,0.0,3,0.28739325997785553,0.010117827266905004,3,0.0,0.0,3,0.45456832695830385,0.0,3,0.1639971638551323,0.005093530203603898,3,0.0,0.0,3,0.31855225563049316,0.0,3,0.11720626801252365,0.001158023809248542,3,0.0,0.0,3,425.5333333333333,18.41107758328605,3
fca922c7bc,0.17375288426876068,0.00022821261751896203,3,0.10670767233065166,0.0003752812599960447,3,0.009853072582729279,0.00028723235863251513,3,,,0,,,0,0.10062547265315368,0.001347981101100583,3,727871.0,0.0,3,727871.0,0.0,3,50.0,0.0,3,0.16377449262441582,0.00734331558059476,3,0.0,0.0,3,0.45456832695830385,0.0,3,0.09205698982295284,0.004382844526759385,3,0.0,0.0,3,0.31855225563049316,0.0,3,0.10750186443328857,0.0003437465997906516,3,0.0,0.0,3,601.3666666666667,21.060099187273014,3
fe40a3c760,0.16893502291043597,0.00010999965487076679,3,0.13085915818638702,0.00041743386419958455,3,0.019497194302775873,0.0005516814989418913,3,,,0,,,0,0.13489559905519585,0.0025072092800211367,3,76479.0,0.0,3,76479.0,0.0,3,39.333333333333336,1.8559214542766733,3,0.46666984038828785,0.001656071229453176,3,0.0,0.0,3,0.45456832695830385,0.0,3,0.2750471146520405,0.0008284965243012962,3,1.0,0.0,3,0.31855225563049316,0.0,3,0.13191143671671549,0.0003410315147174048,3,0.0,0.0,3,244.46666666666667,1.4655298624653772,3
ff62b9c164,0.17378169329961138,0.00016837542185723698,3,0.1085143401022559,0.001775512178193308,3,0.010166282376284322,0.00047932508057584115,3,,,0,,,0,0.10338135667969106,0.0004568179931610413,3,727871.0,0.0,3,727871.0,0.0,3,50.0,0.0,3,0.17329328328264482,0.0024408291517440256,3,0.0,0.0,3,0.45456832695830385,0.0,3,0.09834557005231803,0.0014733697096303952,3,0.0,0.0,3,0.31855225563049316,0.0,3,0.10917831708987553,0.0018596736468488894,3,0.0,0.0,3,576.6666666666666,0.8647414514048617,3
