pattern_name,source_file,source_budget,source_pattern_name,ori_idx,target_orientation_deg,start_timing_index,n_trials,steps_str
502,generated_pattern_registration_10budget_600ms_lda.pkl,10,502,2,45.0,1,1,[0]ch74:dm0;ch77:dm2;ch83:dm2;ch84:dm-1;ch89:dm-1 | [1]ch69:dm-1;ch74:dm0;ch77:dm2;ch83:dm2;ch84:dm-1 | [2]ch69:dm-1;ch74:dm0;ch77:dm2;ch83:dm2;ch84:dm-1 | [3]ch74:dm-1;ch83:dm2 | [4]ch5:dm0;ch20:dm1;ch93:dm2 | [5]ch5:dm1;ch20:dm0;ch93:dm0 | [6]ch20:dm-1;ch25:dm0 | [7]ch20:dm-1;ch25:dm0 | [8]ch54:dm-1 | [9]
5011,generated_pattern_registration_10budget_600ms_lda.pkl,10,5011,11,247.5,2,1,[0]ch74:dm0;ch77:dm2;ch83:dm2;ch84:dm-1;ch89:dm-1 | [1]ch69:dm-1;ch74:dm0;ch77:dm2;ch83:dm2;ch84:dm-1 | [2]ch69:dm-1;ch74:dm0;ch77:dm2;ch83:dm2;ch84:dm-1 | [3]ch74:dm-1;ch83:dm2 | [4]ch20:dm2;ch93:dm2 | [5]ch20:dm2;ch82:dm0;ch90:dm0;ch91:dm1;ch93:dm-1 | [6]ch20:dm-1;ch25:dm0 | [7]ch20:dm-1;ch25:dm0 | [8]ch20:dm-1;ch25:dm0 | [9]
503,generated_pattern_registration_10budget_600ms_lda.pkl,10,503,3,67.5,3,1,[0]ch74:dm0;ch77:dm2;ch83:dm2;ch84:dm-1;ch89:dm-1 | [1]ch69:dm-1;ch74:dm0;ch77:dm2;ch83:dm2;ch84:dm-1 | [2]ch69:dm-1;ch74:dm0;ch77:dm2;ch83:dm2;ch84:dm-1 | [3]ch74:dm-1;ch77:dm0;ch83:dm2 | [4]ch5:dm0;ch20:dm2;ch90:dm-1;ch93:dm2 | [5]ch20:dm2;ch36:dm0;ch47:dm-1;ch90:dm1;ch93:dm0 | [6]ch20:dm-1;ch36:dm1 | [7]ch20:dm-1;ch25:dm0 | [8]ch20:dm-1;ch25:dm0 | [9]ch20:dm-1;ch25:dm0
5010,generated_pattern_registration_10budget_600ms_lda.pkl,10,5010,10,225.0,4,1,[0]ch74:dm0;ch77:dm2;ch83:dm2;ch84:dm-1;ch89:dm-1 | [1]ch69:dm-1;ch74:dm0;ch77:dm2;ch83:dm2;ch84:dm-1 | [2]ch69:dm-1;ch74:dm0;ch77:dm2;ch83:dm2;ch84:dm-1 | [3]ch74:dm-1;ch83:dm2 | [4]ch3:dm-1;ch26:dm2;ch88:dm0;ch93:dm2 | [5]ch5:dm2;ch88:dm0;ch91:dm-1;ch93:dm0 | [6]ch15:dm0;ch93:dm0 | [7]ch20:dm-1;ch25:dm0 | [8]ch20:dm-1;ch25:dm0 | [9]ch20:dm-1;ch25:dm0
500,generated_pattern_registration_10budget_600ms_lda.pkl,10,500,0,0.0,5,1,[0]ch74:dm0;ch77:dm2;ch83:dm2;ch84:dm-1;ch89:dm-1 | [1]ch69:dm-1;ch74:dm0;ch77:dm2;ch83:dm2;ch84:dm-1 | [2]ch69:dm-1;ch74:dm0;ch77:dm2;ch83:dm2;ch84:dm-1 | [3]ch20:dm0;ch36:dm-1;ch47:dm0;ch90:dm1;ch93:dm1 | [4]ch3:dm0;ch20:dm1;ch36:dm-1;ch88:dm1;ch93:dm1 | [5]ch36:dm-1 | [6]ch52:dm-1 | [7] | [8]ch52:dm-1 | [9]
504,generated_pattern_registration_10budget_600ms_lda.pkl,10,504,4,90.0,6,1,[0]ch74:dm0;ch77:dm2;ch83:dm2;ch84:dm-1;ch89:dm-1 | [1]ch69:dm-1;ch74:dm0;ch77:dm2;ch83:dm2;ch84:dm-1 | [2]ch69:dm-1;ch74:dm0;ch77:dm2;ch83:dm2;ch84:dm-1 | [3]ch5:dm0;ch9:dm0;ch25:dm0;ch69:dm-1;ch74:dm-1;ch77:dm2;ch83:dm2;ch84:dm0;ch89:dm-1;ch93:dm-1 | [4]ch20:dm2;ch90:dm-1;ch93:dm2 | [5]ch20:dm2;ch47:dm-1;ch90:dm1;ch93:dm0 | [6]ch20:dm-1;ch36:dm1 | [7]ch20:dm-1;ch25:dm0 | [8]ch20:dm-1;ch25:dm0 | [9]ch20:dm-1;ch36:dm1
507,generated_pattern_registration_10budget_600ms_lda.pkl,10,507,7,157.5,7,1,[0]ch74:dm0;ch77:dm2;ch83:dm2;ch84:dm-1;ch89:dm-1 | [1]ch69:dm-1;ch74:dm0;ch77:dm2;ch83:dm2;ch84:dm-1 | [2]ch69:dm-1;ch74:dm0;ch77:dm2;ch83:dm2;ch84:dm-1 | [3]ch69:dm1;ch83:dm1;ch90:dm1;ch93:dm1 | [4]ch15:dm-1;ch20:dm2;ch26:dm2;ch41:dm-1;ch78:dm0;ch79:dm2;ch82:dm0;ch93:dm-1 | [5]ch20:dm2;ch26:dm2;ch41:dm-1;ch82:dm0;ch87:dm-1;ch88:dm2 | [6]ch54:dm-1 | [7] | [8] | [9]
505,generated_pattern_registration_10budget_600ms_lda.pkl,10,505,5,112.5,8,1,[0]ch74:dm0;ch77:dm2;ch83:dm2;ch84:dm-1;ch89:dm-1 | [1]ch69:dm-1;ch74:dm0;ch77:dm2;ch83:dm2;ch84:dm-1 | [2]ch69:dm-1;ch74:dm0;ch77:dm2;ch83:dm2;ch84:dm-1 | [3]ch69:dm-1;ch74:dm-1;ch83:dm2;ch84:dm0;ch89:dm0 | [4]ch20:dm2;ch26:dm-1;ch41:dm0;ch69:dm-1;ch91:dm-1;ch92:dm0;ch93:dm2 | [5]ch20:dm2;ch41:dm1;ch88:dm0;ch91:dm-1;ch93:dm2 | [6]ch20:dm2;ch26:dm2;ch52:dm0;ch66:dm-1;ch69:dm0;ch71:dm2;ch72:dm-1;ch93:dm-1 | [7]ch19:dm-1;ch20:dm2;ch26:dm2;ch41:dm-1;ch71:dm2;ch72:dm-1;ch78:dm0;ch82:dm0;ch88:dm0;ch93:dm-1 | [8]ch11:dm1;ch20:dm-1;ch26:dm1;ch52:dm-1;ch72:dm1;ch91:dm1 | [9]
5014,generated_pattern_registration_10budget_600ms_lda.pkl,10,5014,14,315.0,9,1,[0]ch74:dm0;ch77:dm2;ch83:dm2;ch84:dm-1;ch89:dm-1 | [1]ch69:dm-1;ch74:dm0;ch77:dm2;ch83:dm2;ch84:dm-1 | [2]ch69:dm-1;ch74:dm0;ch77:dm2;ch83:dm2;ch84:dm-1 | [3]ch15:dm-1;ch20:dm2;ch93:dm2 | [4]ch20:dm2;ch41:dm1;ch72:dm-1;ch88:dm0;ch91:dm-1;ch93:dm2 | [5]ch19:dm-1;ch20:dm2;ch26:dm2;ch41:dm-1;ch71:dm2;ch72:dm-1;ch78:dm0;ch82:dm0;ch88:dm2;ch93:dm-1 | [6]ch1:dm0;ch11:dm1;ch15:dm1;ch20:dm-1;ch26:dm1;ch52:dm-1;ch72:dm-1;ch88:dm1 | [7]ch1:dm0;ch11:dm-1;ch19:dm1;ch26:dm1;ch47:dm1;ch52:dm-1;ch71:dm1;ch72:dm-1;ch92:dm1 | [8]ch5:dm-1;ch11:dm-1;ch13:dm1;ch26:dm-1;ch47:dm1;ch52:dm-1;ch72:dm-1;ch88:dm-1;ch91:dm-1;ch92:dm2 | [9]
5012,generated_pattern_registration_10budget_600ms_lda.pkl,10,5012,12,270.0,10,1,[0]ch74:dm0;ch77:dm2;ch83:dm2;ch84:dm-1;ch89:dm-1 | [1]ch69:dm-1;ch74:dm0;ch77:dm2;ch83:dm2;ch84:dm-1 | [2]ch69:dm-1;ch74:dm0;ch77:dm2;ch83:dm2;ch84:dm-1 | [3]ch9:dm0;ch25:dm0;ch69:dm-1;ch74:dm-1;ch77:dm2;ch83:dm2;ch84:dm0;ch89:dm-1;ch93:dm-1 | [4]ch20:dm2;ch90:dm-1;ch93:dm2 | [5]ch20:dm2;ch47:dm-1;ch90:dm1;ch93:dm0 | [6]ch20:dm-1;ch36:dm1 | [7]ch20:dm-1;ch36:dm1 | [8]ch20:dm-1;ch25:dm0 | [9]ch20:dm-1;ch36:dm1
506,generated_pattern_registration_10budget_600ms_lda.pkl,10,506,6,135.0,11,1,[0]ch74:dm0;ch77:dm2;ch83:dm2;ch84:dm-1;ch89:dm-1 | [1]ch69:dm-1;ch74:dm0;ch77:dm2;ch83:dm2;ch84:dm-1 | [2]ch69:dm-1;ch74:dm0;ch77:dm2;ch83:dm2;ch84:dm-1 | [3]ch5:dm0;ch14:dm-1;ch15:dm-1;ch69:dm-1;ch74:dm-1;ch83:dm2;ch84:dm0;ch89:dm0;ch93:dm0 | [4]ch20:dm2;ch41:dm0;ch71:dm-1;ch91:dm-1;ch93:dm2 | [5]ch13:dm0;ch19:dm-1;ch20:dm2;ch25:dm-1;ch26:dm2;ch72:dm-1;ch78:dm0;ch79:dm2;ch88:dm0;ch93:dm-1 | [6]ch19:dm-1;ch20:dm2;ch25:dm-1;ch26:dm2;ch71:dm2;ch72:dm-1;ch78:dm0;ch88:dm0;ch93:dm-1 | [7]ch1:dm0;ch20:dm-1;ch25:dm0;ch52:dm-1 | [8]ch20:dm-1 | [9]
509,generated_pattern_registration_10budget_600ms_lda.pkl,10,509,9,202.5,12,1,[0]ch74:dm0;ch77:dm2;ch83:dm2;ch84:dm-1;ch89:dm-1 | [1]ch69:dm-1;ch74:dm0;ch77:dm2;ch83:dm2;ch84:dm-1 | [2]ch9:dm0;ch25:dm0;ch36:dm0;ch57:dm-1;ch69:dm-1;ch74:dm1;ch77:dm2;ch83:dm2;ch84:dm0;ch89:dm-1 | [3]ch74:dm-1;ch77:dm-1;ch83:dm2;ch90:dm0 | [4]ch11:dm2;ch93:dm2 | [5]ch15:dm0;ch93:dm0 | [6]ch20:dm-1;ch25:dm0 | [7]ch20:dm1;ch36:dm-1 | [8]ch36:dm-1 | [9]
5013,generated_pattern_registration_10budget_600ms_lda.pkl,10,5013,13,292.5,13,1,[0]ch74:dm0;ch77:dm2;ch83:dm2;ch84:dm-1;ch89:dm-1 | [1]ch69:dm-1;ch74:dm0;ch77:dm2;ch83:dm2;ch84:dm-1 | [2]ch69:dm-1;ch74:dm0;ch77:dm2;ch83:dm2;ch84:dm-1 | [3]ch5:dm0;ch14:dm-1;ch15:dm-1;ch69:dm-1;ch74:dm-1;ch83:dm2;ch84:dm0;ch89:dm0;ch93:dm0 | [4]ch5:dm-1;ch20:dm2;ch90:dm2;ch93:dm1 | [5]ch5:dm-1;ch11:dm0;ch20:dm2;ch25:dm0;ch26:dm2;ch47:dm-1;ch71:dm-1;ch72:dm0;ch87:dm-1;ch93:dm2 | [6]ch3:dm-1;ch5:dm-1;ch19:dm2;ch20:dm2;ch26:dm2;ch41:dm-1;ch78:dm0;ch82:dm0;ch85:dm-1;ch93:dm1 | [7]ch20:dm-1;ch25:dm0 | [8]ch20:dm-1;ch25:dm0 | [9]ch20:dm-1;ch25:dm0
508,generated_pattern_registration_10budget_600ms_lda.pkl,10,508,8,180.0,14,1,[0]ch74:dm0;ch77:dm2;ch83:dm2;ch84:dm-1;ch89:dm-1 | [1]ch69:dm-1;ch74:dm0;ch77:dm2;ch83:dm2;ch84:dm-1 | [2]ch69:dm-1;ch74:dm0;ch77:dm2;ch83:dm2;ch84:dm-1 | [3]ch57:dm-1;ch69:dm1;ch83:dm2 | [4]ch20:dm2;ch82:dm0;ch90:dm0;ch91:dm1;ch93:dm-1 | [5]ch20:dm-1;ch25:dm0 | [6]ch54:dm-1 | [7]ch36:dm-1 | [8]ch52:dm-1 | [9]
501,generated_pattern_registration_10budget_600ms_lda.pkl,10,501,1,22.5,15,1,[0]ch74:dm0;ch77:dm2;ch83:dm2;ch84:dm-1;ch89:dm-1 | [1]ch69:dm-1;ch74:dm0;ch77:dm2;ch83:dm2;ch84:dm-1 | [2]ch69:dm-1;ch74:dm0;ch77:dm2;ch83:dm2;ch84:dm-1 | [3]ch83:dm2;ch89:dm-1 | [4]ch90:dm1;ch93:dm1 | [5]ch5:dm-1;ch11:dm0;ch19:dm0;ch26:dm2;ch41:dm-1;ch54:dm2;ch72:dm-1;ch78:dm0;ch93:dm1 | [6]ch3:dm-1;ch19:dm1;ch26:dm1;ch54:dm1;ch91:dm1;ch93:dm-1 | [7] | [8]ch52:dm-1 | [9]
5015,generated_pattern_registration_10budget_600ms_lda.pkl,10,5015,15,337.5,16,1,[0]ch74:dm0;ch77:dm2;ch83:dm2;ch84:dm-1;ch89:dm-1 | [1]ch69:dm-1;ch74:dm0;ch77:dm2;ch83:dm2;ch84:dm-1 | [2]ch69:dm-1;ch74:dm0;ch77:dm2;ch83:dm2;ch84:dm-1 | [3]ch19:dm0;ch20:dm2;ch25:dm-1;ch52:dm0;ch69:dm1;ch72:dm-1;ch88:dm-1;ch90:dm0;ch91:dm2;ch93:dm-1 | [4]ch9:dm-1;ch11:dm2;ch20:dm2;ch26:dm2;ch71:dm-1;ch78:dm0;ch87:dm-1;ch88:dm0;ch89:dm0;ch93:dm1 | [5]ch13:dm0;ch36:dm-1 | [6]ch54:dm-1 | [7]ch52:dm-1 | [8] | [9]
501002,generated_pattern_registration_4budget_600ms_lda.pkl,4,502,2,45.0,17,1,[0]ch74:dm0;ch77:dm2;ch83:dm2;ch84:dm-1 | [1]ch69:dm-1;ch74:dm0;ch77:dm2;ch83:dm2 | [2]ch69:dm-1;ch74:dm0;ch77:dm2;ch83:dm2 | [3]ch9:dm0;ch69:dm-1;ch77:dm2;ch83:dm2 | [4]ch20:dm1;ch93:dm2 | [5]ch20:dm1;ch90:dm0;ch93:dm0 | [6]ch20:dm1;ch36:dm-1 | [7]ch20:dm1;ch36:dm-1 | [8]ch26:dm1;ch36:dm-1;ch54:dm1;ch71:dm1 | [9]ch3:dm-1;ch26:dm1;ch54:dm1;ch93:dm-1
501011,generated_pattern_registration_4budget_600ms_lda.pkl,4,5011,11,247.5,18,1,[0]ch74:dm0;ch77:dm2;ch83:dm2;ch84:dm-1 | [1]ch69:dm-1;ch74:dm0;ch77:dm2;ch83:dm2 | [2]ch69:dm-1;ch74:dm0;ch77:dm2;ch83:dm2 | [3]ch69:dm-1;ch74:dm-1;ch77:dm2;ch83:dm2 | [4]ch20:dm1;ch93:dm2 | [5]ch20:dm2;ch47:dm-1;ch90:dm1;ch93:dm0 | [6]ch20:dm-1;ch54:dm1;ch90:dm1;ch93:dm-1 | [7]ch20:dm-1;ch25:dm0 | [8]ch20:dm-1;ch25:dm0 | [9]ch20:dm-1;ch25:dm0
501003,generated_pattern_registration_4budget_600ms_lda.pkl,4,503,3,67.5,19,1,[0]ch74:dm0;ch77:dm2;ch83:dm2;ch84:dm-1 | [1]ch69:dm-1;ch74:dm0;ch77:dm2;ch83:dm2 | [2]ch69:dm-1;ch74:dm0;ch77:dm2;ch83:dm2 | [3]ch69:dm-1;ch77:dm2;ch83:dm2 | [4]ch20:dm0;ch36:dm-1;ch90:dm1;ch93:dm2 | [5]ch20:dm2;ch93:dm2 | [6]ch20:dm2;ch82:dm0;ch90:dm0;ch93:dm-1 | [7]ch20:dm-1;ch25:dm0 | [8]ch20:dm-1;ch25:dm0 | [9]ch20:dm-1;ch25:dm0
501010,generated_pattern_registration_4budget_600ms_lda.pkl,4,5010,10,225.0,20,1,[0]ch74:dm0;ch77:dm2;ch83:dm2;ch84:dm-1 | [1]ch69:dm-1;ch74:dm0;ch77:dm2;ch83:dm2 | [2]ch69:dm-1;ch74:dm0;ch77:dm2;ch83:dm2 | [3]ch9:dm0;ch69:dm-1;ch77:dm2;ch83:dm2 | [4]ch20:dm1;ch93:dm2 | [5]ch5:dm2;ch88:dm0;ch91:dm-1;ch93:dm0 | [6]ch15:dm0;ch93:dm0 | [7]ch20:dm-1;ch36:dm1 | [8]ch20:dm-1;ch25:dm0 | [9]ch20:dm-1;ch25:dm0
501000,generated_pattern_registration_4budget_600ms_lda.pkl,4,500,0,0.0,21,1,[0]ch74:dm0;ch77:dm2;ch83:dm2;ch84:dm-1 | [1]ch69:dm-1;ch74:dm0;ch77:dm2;ch83:dm2 | [2]ch69:dm-1;ch74:dm0;ch77:dm2;ch83:dm2 | [3]ch20:dm0;ch69:dm-1;ch77:dm1;ch93:dm2 | [4]ch20:dm2;ch93:dm1 | [5]ch20:dm1;ch36:dm-1 | [6]ch19:dm1;ch26:dm1;ch52:dm-1;ch54:dm1 | [7] | [8]ch52:dm-1 | [9]
501004,generated_pattern_registration_4budget_600ms_lda.pkl,4,504,4,90.0,22,1,[0]ch74:dm0;ch77:dm2;ch83:dm2;ch84:dm-1 | [1]ch69:dm-1;ch74:dm0;ch77:dm2;ch83:dm2 | [2]ch69:dm-1;ch74:dm0;ch77:dm2;ch83:dm2 | [3]ch69:dm-1;ch77:dm2;ch83:dm2 | [4]ch20:dm0;ch36:dm-1;ch90:dm1;ch93:dm2 | [5]ch11:dm0;ch20:dm2;ch90:dm-1;ch93:dm2 | [6]ch20:dm2;ch47:dm-1;ch90:dm1;ch93:dm0 | [7]ch20:dm-1;ch36:dm1 | [8]ch20:dm-1;ch25:dm0 | [9]ch20:dm-1;ch36:dm1
501007,generated_pattern_registration_4budget_600ms_lda.pkl,4,507,7,157.5,23,1,[0]ch74:dm0;ch77:dm2;ch83:dm2;ch84:dm-1 | [1]ch69:dm-1;ch74:dm0;ch77:dm2;ch83:dm2 | [2]ch69:dm-1;ch74:dm0;ch77:dm2;ch83:dm2 | [3]ch20:dm-1;ch69:dm1;ch74:dm1;ch83:dm2 | [4]ch20:dm1;ch89:dm-1;ch93:dm1 | [5]ch20:dm2;ch36:dm-1 | [6]ch20:dm-1;ch25:dm0 | [7]ch20:dm-1 | [8]ch52:dm-1 | [9]
501005,generated_pattern_registration_4budget_600ms_lda.pkl,4,505,5,112.5,24,1,[0]ch74:dm0;ch77:dm2;ch83:dm2;ch84:dm-1 | [1]ch69:dm-1;ch74:dm0;ch77:dm2;ch83:dm2 | [2]ch69:dm-1;ch74:dm0;ch77:dm2;ch83:dm2 | [3]ch74:dm-1;ch77:dm2;ch83:dm2;ch84:dm0 | [4]ch20:dm2;ch90:dm-1;ch93:dm2 | [5]ch20:dm2;ch41:dm0;ch71:dm-1;ch93:dm2 | [6]ch20:dm2;ch41:dm1;ch91:dm-1;ch93:dm2 | [7]ch14:dm1;ch20:dm-1;ch26:dm1;ch72:dm1 | [8]ch15:dm1;ch20:dm-1;ch26:dm1;ch71:dm1 | [9]ch20:dm-1;ch26:dm1;ch47:dm1;ch71:dm1
501014,generated_pattern_registration_4budget_600ms_lda.pkl,4,5014,14,315.0,25,1,[0]ch74:dm0;ch77:dm2;ch83:dm2;ch84:dm-1 | [1]ch69:dm-1;ch74:dm0;ch77:dm2;ch83:dm2 | [2]ch69:dm-1;ch74:dm0;ch77:dm2;ch83:dm2 | [3]ch11:dm0;ch20:dm-1;ch69:dm1;ch83:dm2 | [4]ch20:dm2;ch69:dm1;ch89:dm1;ch93:dm-1 | [5]ch20:dm2;ch26:dm2;ch72:dm-1;ch93:dm1 | [6]ch20:dm-1;ch36:dm1 | [7]ch20:dm-1;ch25:dm0 | [8]ch20:dm-1;ch25:dm0 | [9]
501012,generated_pattern_registration_4budget_600ms_lda.pkl,4,5012,12,270.0,26,1,[0]ch74:dm0;ch77:dm2;ch83:dm2;ch84:dm-1 | [1]ch69:dm-1;ch74:dm0;ch77:dm2;ch83:dm2 | [2]ch69:dm-1;ch74:dm0;ch77:dm2;ch83:dm2 | [3]ch69:dm-1;ch74:dm0;ch77:dm2;ch83:dm2 | [4]ch20:dm0;ch36:dm-1;ch90:dm1;ch93:dm2 | [5]ch20:dm2;ch90:dm-1;ch93:dm2 | [6]ch20:dm2;ch47:dm-1;ch90:dm1;ch93:dm0 | [7]ch20:dm-1;ch36:dm1 | [8]ch20:dm-1;ch25:dm0 | [9]ch20:dm-1;ch36:dm1
501006,generated_pattern_registration_4budget_600ms_lda.pkl,4,506,6,135.0,27,1,[0]ch74:dm0;ch77:dm2;ch83:dm2;ch84:dm-1 | [1]ch69:dm-1;ch74:dm0;ch77:dm2;ch83:dm2 | [2]ch69:dm-1;ch74:dm0;ch77:dm2;ch83:dm2 | [3]ch69:dm-1;ch74:dm0;ch77:dm2;ch83:dm2 | [4]ch13:dm0;ch20:dm2;ch69:dm-1;ch93:dm2 | [5]ch20:dm2;ch41:dm2;ch71:dm-1;ch93:dm2 | [6]ch20:dm2;ch26:dm2;ch71:dm2;ch93:dm-1 | [7]ch15:dm1;ch20:dm-1;ch26:dm1;ch72:dm1 | [8]ch15:dm1;ch20:dm-1;ch52:dm-1;ch72:dm1 | [9]ch15:dm1;ch20:dm-1;ch26:dm1;ch71:dm1
501009,generated_pattern_registration_4budget_600ms_lda.pkl,4,509,9,202.5,28,1,[0]ch74:dm0;ch77:dm2;ch83:dm2;ch84:dm-1 | [1]ch69:dm-1;ch74:dm0;ch77:dm2;ch83:dm2 | [2]ch69:dm-1;ch74:dm0;ch77:dm2;ch83:dm2 | [3]ch9:dm0;ch69:dm-1;ch77:dm2;ch83:dm2 | [4]ch5:dm1;ch93:dm2 | [5]ch5:dm1;ch15:dm0;ch19:dm-1;ch93:dm0 | [6]ch20:dm-1;ch25:dm0 | [7]ch20:dm1;ch36:dm-1 | [8]ch36:dm-1 | [9]
501013,generated_pattern_registration_4budget_600ms_lda.pkl,4,5013,13,292.5,29,1,[0]ch74:dm0;ch77:dm2;ch83:dm2;ch84:dm-1 | [1]ch69:dm-1;ch74:dm0;ch77:dm2;ch83:dm2 | [2]ch69:dm-1;ch74:dm0;ch77:dm2;ch83:dm2 | [3]ch74:dm-1;ch77:dm2;ch83:dm2;ch84:dm0 | [4]ch20:dm2;ch90:dm-1;ch93:dm2 | [5]ch20:dm2;ch41:dm0;ch71:dm-1;ch93:dm2 | [6]ch20:dm2;ch26:dm2;ch71:dm1;ch93:dm0 | [7]ch20:dm-1;ch36:dm1 | [8]ch20:dm-1;ch25:dm0 | [9]ch15:dm1;ch20:dm-1
501008,generated_pattern_registration_4budget_600ms_lda.pkl,4,508,8,180.0,30,1,[0]ch74:dm0;ch77:dm2;ch83:dm2;ch84:dm-1 | [1]ch69:dm-1;ch74:dm0;ch77:dm2;ch83:dm2 | [2]ch69:dm-1;ch74:dm0;ch77:dm2;ch83:dm2 | [3]ch74:dm-1;ch77:dm0;ch83:dm2;ch89:dm-1 | [4]ch20:dm2;ch90:dm0;ch93:dm1 | [5]ch20:dm1;ch36:dm-1 | [6]ch20:dm1;ch36:dm-1 | [7]ch52:dm-1 | [8] | [9]
501001,generated_pattern_registration_4budget_600ms_lda.pkl,4,501,1,22.5,31,1,[0]ch74:dm0;ch77:dm2;ch83:dm2;ch84:dm-1 | [1]ch69:dm-1;ch74:dm0;ch77:dm2;ch83:dm2 | [2]ch69:dm-1;ch74:dm0;ch77:dm2;ch83:dm2 | [3]ch9:dm0;ch69:dm-1;ch77:dm2;ch83:dm2 | [4]ch26:dm2;ch54:dm2;ch90:dm2;ch93:dm-1 | [5]ch20:dm1;ch26:dm2;ch92:dm2;ch93:dm-1 | [6]ch20:dm1;ch36:dm-1 | [7]ch36:dm-1 | [8]ch19:dm1;ch26:dm1;ch52:dm-1;ch54:dm1 | [9]
501015,generated_pattern_registration_4budget_600ms_lda.pkl,4,5015,15,337.5,32,1,[0]ch74:dm0;ch77:dm2;ch83:dm2;ch84:dm-1 | [1]ch69:dm-1;ch74:dm0;ch77:dm2;ch83:dm2 | [2]ch69:dm-1;ch74:dm0;ch77:dm2;ch83:dm2 | [3]ch20:dm-1;ch47:dm-1;ch90:dm0;ch93:dm2 | [4]ch19:dm-1;ch20:dm2;ch26:dm2;ch93:dm0 | [5]ch20:dm-1;ch25:dm0 | [6]ch52:dm-1 | [7] | [8]ch52:dm-1 | [9]
502002,generated_pattern_registration_6budget_600ms_lda.pkl,6,502,2,45.0,33,1,[0]ch74:dm0;ch77:dm2;ch83:dm2;ch84:dm-1;ch89:dm-1 | [1]ch69:dm-1;ch74:dm0;ch77:dm2;ch83:dm2;ch84:dm-1 | [2]ch69:dm-1;ch74:dm0;ch77:dm2;ch83:dm2;ch84:dm-1 | [3]ch74:dm-1;ch83:dm2 | [4]ch5:dm0;ch20:dm1;ch93:dm2 | [5]ch5:dm1;ch20:dm0;ch93:dm0 | [6]ch20:dm-1;ch25:dm0 | [7]ch20:dm-1;ch25:dm0 | [8]ch54:dm-1 | [9]
502011,generated_pattern_registration_6budget_600ms_lda.pkl,6,5011,11,247.5,34,1,[0]ch74:dm0;ch77:dm2;ch83:dm2;ch84:dm-1;ch89:dm-1 | [1]ch69:dm-1;ch74:dm0;ch77:dm2;ch83:dm2;ch84:dm-1 | [2]ch69:dm-1;ch74:dm0;ch77:dm2;ch83:dm2;ch84:dm-1 | [3]ch74:dm-1;ch83:dm2 | [4]ch20:dm2;ch93:dm2 | [5]ch20:dm2;ch82:dm0;ch90:dm0;ch91:dm1;ch93:dm-1 | [6]ch20:dm-1;ch25:dm0 | [7]ch20:dm-1;ch25:dm0 | [8]ch20:dm-1;ch25:dm0 | [9]
502003,generated_pattern_registration_6budget_600ms_lda.pkl,6,503,3,67.5,35,1,[0]ch74:dm0;ch77:dm2;ch83:dm2;ch84:dm-1;ch89:dm-1 | [1]ch69:dm-1;ch74:dm0;ch77:dm2;ch83:dm2;ch84:dm-1 | [2]ch69:dm-1;ch74:dm0;ch77:dm2;ch83:dm2;ch84:dm-1 | [3]ch74:dm-1;ch77:dm0;ch83:dm2 | [4]ch5:dm0;ch20:dm2;ch90:dm-1;ch93:dm2 | [5]ch20:dm2;ch36:dm0;ch47:dm-1;ch90:dm1;ch93:dm0 | [6]ch20:dm-1;ch36:dm1 | [7]ch20:dm-1;ch25:dm0 | [8]ch20:dm-1;ch25:dm0 | [9]ch20:dm-1;ch25:dm0
502010,generated_pattern_registration_6budget_600ms_lda.pkl,6,5010,10,225.0,36,1,[0]ch74:dm0;ch77:dm2;ch83:dm2;ch84:dm-1;ch89:dm-1 | [1]ch69:dm-1;ch74:dm0;ch77:dm2;ch83:dm2;ch84:dm-1 | [2]ch69:dm-1;ch74:dm0;ch77:dm2;ch83:dm2;ch84:dm-1 | [3]ch74:dm-1;ch83:dm2 | [4]ch3:dm-1;ch26:dm2;ch88:dm0;ch93:dm2 | [5]ch5:dm2;ch88:dm0;ch91:dm-1;ch93:dm0 | [6]ch15:dm0;ch93:dm0 | [7]ch20:dm-1;ch25:dm0 | [8]ch20:dm-1;ch25:dm0 | [9]ch20:dm-1;ch25:dm0
502000,generated_pattern_registration_6budget_600ms_lda.pkl,6,500,0,0.0,37,1,[0]ch74:dm0;ch77:dm2;ch83:dm2;ch84:dm-1;ch89:dm-1 | [1]ch69:dm-1;ch74:dm0;ch77:dm2;ch83:dm2;ch84:dm-1 | [2]ch69:dm-1;ch74:dm0;ch77:dm2;ch83:dm2;ch84:dm-1 | [3]ch20:dm0;ch36:dm-1;ch47:dm0;ch90:dm1;ch93:dm1 | [4]ch3:dm0;ch20:dm1;ch36:dm-1;ch88:dm1;ch93:dm1 | [5]ch36:dm-1 | [6]ch52:dm-1 | [7] | [8]ch52:dm-1 | [9]
502004,generated_pattern_registration_6budget_600ms_lda.pkl,6,504,4,90.0,38,1,[0]ch74:dm0;ch77:dm2;ch83:dm2;ch84:dm-1;ch89:dm-1 | [1]ch69:dm-1;ch74:dm0;ch77:dm2;ch83:dm2;ch84:dm-1 | [2]ch69:dm-1;ch74:dm0;ch77:dm2;ch83:dm2;ch84:dm-1 | [3]ch9:dm0;ch69:dm-1;ch74:dm-1;ch77:dm2;ch83:dm2;ch84:dm0 | [4]ch20:dm2;ch93:dm2 | [5]ch20:dm2;ch47:dm-1;ch90:dm1;ch93:dm0 | [6]ch20:dm-1;ch36:dm1 | [7]ch20:dm-1;ch25:dm0 | [8]ch20:dm-1;ch36:dm1 | [9]ch20:dm-1;ch25:dm0
502007,generated_pattern_registration_6budget_600ms_lda.pkl,6,507,7,157.5,39,1,[0]ch74:dm0;ch77:dm2;ch83:dm2;ch84:dm-1;ch89:dm-1 | [1]ch69:dm-1;ch74:dm0;ch77:dm2;ch83:dm2;ch84:dm-1 | [2]ch69:dm-1;ch74:dm0;ch77:dm2;ch83:dm2;ch84:dm-1 | [3]ch69:dm1;ch83:dm1;ch90:dm1;ch93:dm1 | [4]ch20:dm2;ch26:dm2;ch41:dm-1;ch79:dm2;ch82:dm0;ch93:dm-1 | [5]ch20:dm2;ch26:dm2;ch82:dm2;ch87:dm-1 | [6]ch5:dm0;ch52:dm-1 | [7] | [8] | [9]
502005,generated_pattern_registration_6budget_600ms_lda.pkl,6,505,5,112.5,40,1,[0]ch74:dm0;ch77:dm2;ch83:dm2;ch84:dm-1;ch89:dm-1 | [1]ch69:dm-1;ch74:dm0;ch77:dm2;ch83:dm2;ch84:dm-1 | [2]ch69:dm-1;ch74:dm0;ch77:dm2;ch83:dm2;ch84:dm-1 | [3]ch69:dm-1;ch74:dm-1;ch83:dm2;ch84:dm0;ch89:dm0 | [4]ch20:dm2;ch41:dm0;ch69:dm-1;ch91:dm-1;ch92:dm0;ch93:dm2 | [5]ch20:dm2;ch25:dm-1;ch41:dm1;ch88:dm0;ch91:dm-1;ch93:dm2 | [6]ch20:dm2;ch26:dm2;ch69:dm0;ch71:dm2;ch72:dm-1;ch93:dm-1 | [7]ch20:dm2;ch26:dm2;ch41:dm-1;ch52:dm0;ch71:dm2;ch93:dm-1 | [8]ch15:dm1;ch20:dm-1;ch25:dm2;ch26:dm1;ch52:dm-1;ch72:dm1 | [9]
502014,generated_pattern_registration_6budget_600ms_lda.pkl,6,5014,14,315.0,41,1,[0]ch74:dm0;ch77:dm2;ch83:dm2;ch84:dm-1;ch89:dm-1 | [1]ch69:dm-1;ch74:dm0;ch77:dm2;ch83:dm2;ch84:dm-1 | [2]ch69:dm-1;ch74:dm0;ch77:dm2;ch83:dm2;ch84:dm-1 | [3]ch15:dm-1;ch20:dm2;ch93:dm2 | [4]ch20:dm2;ch41:dm1;ch72:dm-1;ch88:dm0;ch91:dm-1;ch93:dm2 | [5]ch20:dm2;ch26:dm2;ch41:dm-1;ch71:dm2;ch82:dm0;ch93:dm-1 | [6]ch11:dm1;ch20:dm-1;ch26:dm1;ch52:dm-1;ch71:dm1;ch88:dm1 | [7] | [8]ch52:dm-1 | [9]
502012,generated_pattern_registration_6budget_600ms_lda.pkl,6,5012,12,270.0,42,1,[0]ch74:dm0;ch77:dm2;ch83:dm2;ch84:dm-1;ch89:dm-1 | [1]ch69:dm-1;ch74:dm0;ch77:dm2;ch83:dm2;ch84:dm-1 | [2]ch69:dm-1;ch74:dm0;ch77:dm2;ch83:dm2;ch84:dm-1 | [3]ch9:dm0;ch69:dm-1;ch74:dm-1;ch77:dm2;ch83:dm2;ch84:dm0 | [4]ch20:dm2;ch93:dm2 | [5]ch20:dm2;ch47:dm-1;ch90:dm1;ch93:dm0 | [6]ch20:dm-1;ch36:dm1 | [7]ch20:dm-1;ch36:dm1 | [8]ch20:dm-1;ch25:dm0 | [9]ch20:dm-1;ch36:dm1
502006,generated_pattern_registration_6budget_600ms_lda.pkl,6,506,6,135.0,43,1,[0]ch74:dm0;ch77:dm2;ch83:dm2;ch84:dm-1;ch89:dm-1 | [1]ch69:dm-1;ch74:dm0;ch77:dm2;ch83:dm2;ch84:dm-1 | [2]ch69:dm-1;ch74:dm0;ch77:dm2;ch83:dm2;ch84:dm-1 | [3]ch14:dm-1;ch69:dm-1;ch74:dm-1;ch83:dm2;ch84:dm0;ch89:dm0 | [4]ch20:dm2;ch41:dm0;ch69:dm-1;ch90:dm0;ch91:dm-1;ch93:dm2 | [5]ch19:dm-1;ch20:dm2;ch26:dm2;ch72:dm-1;ch78:dm0;ch79:dm2 | [6]ch19:dm-1;ch20:dm2;ch26:dm2;ch71:dm-1;ch82:dm1;ch93:dm0 | [7]ch20:dm-1;ch25:dm0 | [8]ch20:dm-1 | [9]ch20:dm-1;ch25:dm0
502009,generated_pattern_registration_6budget_600ms_lda.pkl,6,509,9,202.5,44,1,[0]ch74:dm0;ch77:dm2;ch83:dm2;ch84:dm-1;ch89:dm-1 | [1]ch69:dm-1;ch74:dm0;ch77:dm2;ch83:dm2;ch84:dm-1 | [2]ch9:dm0;ch57:dm-1;ch69:dm-1;ch74:dm1;ch77:dm2;ch83:dm2 | [3]ch69:dm0;ch74:dm-1;ch77:dm0;ch83:dm2;ch89:dm-1;ch93:dm-1 | [4]ch5:dm2;ch93:dm2 | [5]ch5:dm1;ch15:dm0;ch93:dm0 | [6]ch20:dm1;ch36:dm-1 | [7]ch19:dm1;ch26:dm1;ch36:dm-1;ch54:dm1;ch71:dm1;ch72:dm-1 | [8]ch54:dm-1 | [9]
502013,generated_pattern_registration_6budget_600ms_lda.pkl,6,5013,13,292.5,45,1,[0]ch74:dm0;ch77:dm2;ch83:dm2;ch84:dm-1;ch89:dm-1 | [1]ch69:dm-1;ch74:dm0;ch77:dm2;ch83:dm2;ch84:dm-1 | [2]ch69:dm-1;ch74:dm0;ch77:dm2;ch83:dm2;ch84:dm-1 | [3]ch14:dm-1;ch69:dm-1;ch74:dm-1;ch83:dm2;ch84:dm0;ch89:dm0 | [4]ch20:dm2;ch69:dm1;ch89:dm1;ch90:dm0;ch93:dm-1 | [5]ch11:dm0;ch20:dm2;ch26:dm2;ch71:dm-1;ch87:dm-1;ch93:dm2 | [6]ch20:dm-1;ch36:dm1 | [7]ch20:dm-1;ch25:dm0 | [8]ch20:dm-1;ch25:dm0 | [9]ch15:dm1;ch20:dm-1
502008,generated_pattern_registration_6budget_600ms_lda.pkl,6,508,8,180.0,46,1,[0]ch74:dm0;ch77:dm2;ch83:dm2;ch84:dm-1;ch89:dm-1 | [1]ch69:dm-1;ch74:dm0;ch77:dm2;ch83:dm2;ch84:dm-1 | [2]ch69:dm-1;ch74:dm0;ch77:dm2;ch83:dm2;ch84:dm-1 | [3]ch57:dm-1;ch69:dm1;ch83:dm2 | [4]ch20:dm2;ch82:dm0;ch90:dm0;ch91:dm1;ch93:dm-1 | [5]ch20:dm-1;ch25:dm0 | [6]ch54:dm-1 | [7]ch36:dm-1 | [8]ch52:dm-1 | [9]
502001,generated_pattern_registration_6budget_600ms_lda.pkl,6,501,1,22.5,47,1,[0]ch74:dm0;ch77:dm2;ch83:dm2;ch84:dm-1;ch89:dm-1 | [1]ch69:dm-1;ch74:dm0;ch77:dm2;ch83:dm2;ch84:dm-1 | [2]ch69:dm-1;ch74:dm0;ch77:dm2;ch83:dm2;ch84:dm-1 | [3]ch83:dm2;ch89:dm-1 | [4]ch90:dm1;ch93:dm1 | [5]ch5:dm-1;ch11:dm0;ch26:dm2;ch54:dm2;ch72:dm-1;ch93:dm1 | [6] | [7]ch20:dm-1;ch25:dm0 | [8]ch54:dm-1 | [9]
502015,generated_pattern_registration_6budget_600ms_lda.pkl,6,5015,15,337.5,48,1,[0]ch74:dm0;ch77:dm2;ch83:dm2;ch84:dm-1;ch89:dm-1 | [1]ch69:dm-1;ch74:dm0;ch77:dm2;ch83:dm2;ch84:dm-1 | [2]ch69:dm-1;ch74:dm0;ch77:dm2;ch83:dm2;ch84:dm-1 | [3]ch20:dm2;ch52:dm0;ch88:dm-1;ch90:dm0;ch91:dm2;ch93:dm-1 | [4]ch20:dm-1;ch36:dm1 | [5]ch20:dm-1;ch25:dm0 | [6]ch52:dm-1 | [7] | [8]ch52:dm-1 | [9]
503002,generated_pattern_registration_8budget_600ms_lda.pkl,8,502,2,45.0,49,1,[0]ch74:dm0;ch77:dm2;ch83:dm2;ch84:dm-1;ch89:dm-1 | [1]ch69:dm-1;ch74:dm0;ch77:dm2;ch83:dm2;ch84:dm-1 | [2]ch69:dm-1;ch74:dm0;ch77:dm2;ch83:dm2;ch84:dm-1 | [3]ch74:dm-1;ch83:dm2 | [4]ch5:dm0;ch20:dm1;ch93:dm2 | [5]ch5:dm1;ch20:dm0;ch93:dm0 | [6]ch20:dm-1;ch25:dm0 | [7]ch20:dm-1;ch25:dm0 | [8]ch54:dm-1 | [9]
503011,generated_pattern_registration_8budget_600ms_lda.pkl,8,5011,11,247.5,50,1,[0]ch74:dm0;ch77:dm2;ch83:dm2;ch84:dm-1;ch89:dm-1 | [1]ch69:dm-1;ch74:dm0;ch77:dm2;ch83:dm2;ch84:dm-1 | [2]ch69:dm-1;ch74:dm0;ch77:dm2;ch83:dm2;ch84:dm-1 | [3]ch74:dm-1;ch83:dm2 | [4]ch20:dm2;ch93:dm2 | [5]ch20:dm2;ch82:dm0;ch90:dm0;ch91:dm1;ch93:dm-1 | [6]ch20:dm-1;ch25:dm0 | [7]ch20:dm-1;ch25:dm0 | [8]ch20:dm-1;ch25:dm0 | [9]
503003,generated_pattern_registration_8budget_600ms_lda.pkl,8,503,3,67.5,51,1,[0]ch74:dm0;ch77:dm2;ch83:dm2;ch84:dm-1;ch89:dm-1 | [1]ch69:dm-1;ch74:dm0;ch77:dm2;ch83:dm2;ch84:dm-1 | [2]ch69:dm-1;ch74:dm0;ch77:dm2;ch83:dm2;ch84:dm-1 | [3]ch74:dm-1;ch77:dm0;ch83:dm2 | [4]ch5:dm0;ch20:dm2;ch90:dm-1;ch93:dm2 | [5]ch20:dm2;ch36:dm0;ch47:dm-1;ch90:dm1;ch93:dm0 | [6]ch20:dm-1;ch36:dm1 | [7]ch20:dm-1;ch25:dm0 | [8]ch20:dm-1;ch25:dm0 | [9]ch20:dm-1;ch25:dm0
503010,generated_pattern_registration_8budget_600ms_lda.pkl,8,5010,10,225.0,52,1,[0]ch74:dm0;ch77:dm2;ch83:dm2;ch84:dm-1;ch89:dm-1 | [1]ch69:dm-1;ch74:dm0;ch77:dm2;ch83:dm2;ch84:dm-1 | [2]ch69:dm-1;ch74:dm0;ch77:dm2;ch83:dm2;ch84:dm-1 | [3]ch74:dm-1;ch83:dm2 | [4]ch3:dm-1;ch26:dm2;ch88:dm0;ch93:dm2 | [5]ch5:dm2;ch88:dm0;ch91:dm-1;ch93:dm0 | [6]ch15:dm0;ch93:dm0 | [7]ch20:dm-1;ch25:dm0 | [8]ch20:dm-1;ch25:dm0 | [9]ch20:dm-1;ch25:dm0
503000,generated_pattern_registration_8budget_600ms_lda.pkl,8,500,0,0.0,53,1,[0]ch74:dm0;ch77:dm2;ch83:dm2;ch84:dm-1;ch89:dm-1 | [1]ch69:dm-1;ch74:dm0;ch77:dm2;ch83:dm2;ch84:dm-1 | [2]ch69:dm-1;ch74:dm0;ch77:dm2;ch83:dm2;ch84:dm-1 | [3]ch20:dm0;ch36:dm-1;ch47:dm0;ch90:dm1;ch93:dm1 | [4]ch3:dm0;ch20:dm1;ch36:dm-1;ch88:dm1;ch93:dm1 | [5]ch36:dm-1 | [6]ch52:dm-1 | [7] | [8]ch52:dm-1 | [9]
503004,generated_pattern_registration_8budget_600ms_lda.pkl,8,504,4,90.0,54,1,[0]ch74:dm0;ch77:dm2;ch83:dm2;ch84:dm-1;ch89:dm-1 | [1]ch69:dm-1;ch74:dm0;ch77:dm2;ch83:dm2;ch84:dm-1 | [2]ch69:dm-1;ch74:dm0;ch77:dm2;ch83:dm2;ch84:dm-1 | [3]ch9:dm0;ch69:dm-1;ch74:dm-1;ch77:dm2;ch83:dm2;ch84:dm0;ch89:dm-1;ch93:dm-1 | [4]ch20:dm2;ch90:dm-1;ch93:dm2 | [5]ch20:dm2;ch47:dm-1;ch90:dm1;ch93:dm0 | [6]ch20:dm-1;ch36:dm1 | [7]ch20:dm-1;ch36:dm1 | [8]ch20:dm-1;ch25:dm0 | [9]ch20:dm-1;ch36:dm1
503007,generated_pattern_registration_8budget_600ms_lda.pkl,8,507,7,157.5,55,1,[0]ch74:dm0;ch77:dm2;ch83:dm2;ch84:dm-1;ch89:dm-1 | [1]ch69:dm-1;ch74:dm0;ch77:dm2;ch83:dm2;ch84:dm-1 | [2]ch69:dm-1;ch74:dm0;ch77:dm2;ch83:dm2;ch84:dm-1 | [3]ch69:dm1;ch83:dm1;ch90:dm1;ch93:dm1 | [4]ch15:dm-1;ch20:dm2;ch26:dm2;ch41:dm-1;ch78:dm0;ch79:dm2;ch82:dm0;ch93:dm-1 | [5]ch20:dm2;ch26:dm2;ch41:dm-1;ch82:dm0;ch87:dm-1;ch88:dm2 | [6]ch54:dm-1 | [7] | [8] | [9]
503005,generated_pattern_registration_8budget_600ms_lda.pkl,8,505,5,112.5,56,1,[0]ch74:dm0;ch77:dm2;ch83:dm2;ch84:dm-1;ch89:dm-1 | [1]ch69:dm-1;ch74:dm0;ch77:dm2;ch83:dm2;ch84:dm-1 | [2]ch69:dm-1;ch74:dm0;ch77:dm2;ch83:dm2;ch84:dm-1 | [3]ch69:dm-1;ch74:dm-1;ch83:dm2;ch84:dm0;ch89:dm0 | [4]ch20:dm2;ch26:dm-1;ch41:dm0;ch69:dm-1;ch91:dm-1;ch92:dm0;ch93:dm2 | [5]ch20:dm2;ch41:dm1;ch88:dm0;ch91:dm-1;ch93:dm2 | [6]ch20:dm2;ch26:dm2;ch52:dm0;ch66:dm-1;ch69:dm0;ch71:dm2;ch72:dm-1;ch93:dm-1 | [7]ch20:dm2;ch26:dm2;ch41:dm-1;ch71:dm2;ch72:dm-1;ch82:dm0;ch88:dm0;ch93:dm-1 | [8]ch11:dm1;ch20:dm-1;ch26:dm1;ch52:dm-1;ch72:dm1;ch91:dm1 | [9]
503014,generated_pattern_registration_8budget_600ms_lda.pkl,8,5014,14,315.0,57,1,[0]ch74:dm0;ch77:dm2;ch83:dm2;ch84:dm-1;ch89:dm-1 | [1]ch69:dm-1;ch74:dm0;ch77:dm2;ch83:dm2;ch84:dm-1 | [2]ch69:dm-1;ch74:dm0;ch77:dm2;ch83:dm2;ch84:dm-1 | [3]ch15:dm-1;ch20:dm2;ch93:dm2 | [4]ch20:dm2;ch41:dm1;ch72:dm-1;ch88:dm0;ch91:dm-1;ch93:dm2 | [5]ch20:dm2;ch26:dm2;ch41:dm-1;ch71:dm2;ch72:dm-1;ch78:dm0;ch82:dm0;ch93:dm-1 | [6]ch1:dm0;ch11:dm1;ch19:dm1;ch20:dm-1;ch26:dm1;ch52:dm-1;ch72:dm-1;ch88:dm1 | [7] | [8]ch52:dm-1 | [9]
503012,generated_pattern_registration_8budget_600ms_lda.pkl,8,5012,12,270.0,58,1,[0]ch74:dm0;ch77:dm2;ch83:dm2;ch84:dm-1;ch89:dm-1 | [1]ch69:dm-1;ch74:dm0;ch77:dm2;ch83:dm2;ch84:dm-1 | [2]ch69:dm-1;ch74:dm0;ch77:dm2;ch83:dm2;ch84:dm-1 | [3]ch9:dm0;ch69:dm-1;ch74:dm-1;ch77:dm2;ch83:dm2;ch84:dm0;ch89:dm-1;ch93:dm-1 | [4]ch20:dm2;ch90:dm-1;ch93:dm2 | [5]ch20:dm2;ch47:dm-1;ch90:dm1;ch93:dm0 | [6]ch20:dm-1;ch25:dm2;ch26:dm1;ch36:dm1;ch69:dm0;ch71:dm1;ch90:dm-1;ch93:dm-1 | [7]ch20:dm-1;ch36:dm1 | [8]ch20:dm-1;ch25:dm0 | [9]ch20:dm-1;ch25:dm0
503006,generated_pattern_registration_8budget_600ms_lda.pkl,8,506,6,135.0,59,1,[0]ch74:dm0;ch77:dm2;ch83:dm2;ch84:dm-1;ch89:dm-1 | [1]ch69:dm-1;ch74:dm0;ch77:dm2;ch83:dm2;ch84:dm-1 | [2]ch69:dm-1;ch74:dm0;ch77:dm2;ch83:dm2;ch84:dm-1 | [3]ch5:dm0;ch14:dm-1;ch15:dm-1;ch69:dm-1;ch74:dm-1;ch83:dm2;ch84:dm0;ch89:dm0 | [4]ch20:dm2;ch41:dm0;ch71:dm-1;ch91:dm-1;ch93:dm2 | [5]ch19:dm-1;ch20:dm2;ch26:dm2;ch72:dm-1;ch78:dm0;ch79:dm2;ch88:dm0;ch93:dm-1 | [6]ch20:dm2;ch26:dm2;ch41:dm-1;ch71:dm2;ch72:dm-1;ch82:dm0;ch88:dm0;ch93:dm-1 | [7]ch15:dm1;ch20:dm-1;ch25:dm1;ch26:dm1;ch52:dm-1;ch72:dm1 | [8]ch19:dm-1;ch20:dm-1;ch25:dm0;ch26:dm1;ch47:dm1;ch52:dm-1;ch72:dm1;ch92:dm1 | [9]
503009,generated_pattern_registration_8budget_600ms_lda.pkl,8,509,9,202.5,60,1,[0]ch74:dm0;ch77:dm2;ch83:dm2;ch84:dm-1;ch89:dm-1 | [1]ch69:dm-1;ch74:dm0;ch77:dm2;ch83:dm2;ch84:dm-1 | [2]ch9:dm0;ch25:dm0;ch57:dm-1;ch69:dm-1;ch74:dm1;ch77:dm2;ch83:dm2;ch89:dm-1 | [3]ch74:dm-1;ch77:dm-1;ch83:dm2;ch89:dm0 | [4]ch15:dm0;ch90:dm1;ch93:dm1 | [5]ch11:dm2;ch19:dm-1;ch25:dm0;ch26:dm2;ch72:dm-1;ch78:dm0;ch93:dm1 | [6]ch5:dm-1;ch11:dm0;ch19:dm-1;ch26:dm2;ch54:dm2;ch72:dm-1;ch88:dm1;ch93:dm0 | [7]ch3:dm-1;ch9:dm1;ch19:dm2;ch26:dm1;ch54:dm-1;ch88:dm1;ch93:dm-1 | [8]ch52:dm-1 | [9]
503013,generated_pattern_registration_8budget_600ms_lda.pkl,8,5013,13,292.5,61,1,[0]ch74:dm0;ch77:dm2;ch83:dm2;ch84:dm-1;ch89:dm-1 | [1]ch69:dm-1;ch74:dm0;ch77:dm2;ch83:dm2;ch84:dm-1 | [2]ch69:dm-1;ch74:dm0;ch77:dm2;ch83:dm2;ch84:dm-1 | [3]ch5:dm0;ch14:dm-1;ch15:dm-1;ch69:dm-1;ch74:dm-1;ch83:dm2;ch84:dm0;ch89:dm0 | [4]ch20:dm2;ch82:dm0;ch90:dm2;ch93:dm-1 | [5]ch20:dm2;ch25:dm-1;ch41:dm1;ch52:dm0;ch72:dm-1;ch88:dm0;ch91:dm-1;ch93:dm2 | [6]ch20:dm-1;ch25:dm0 | [7]ch20:dm-1;ch25:dm0 | [8]ch20:dm-1 | [9]ch15:dm1;ch20:dm-1
503008,generated_pattern_registration_8budget_600ms_lda.pkl,8,508,8,180.0,62,1,[0]ch74:dm0;ch77:dm2;ch83:dm2;ch84:dm-1;ch89:dm-1 | [1]ch69:dm-1;ch74:dm0;ch77:dm2;ch83:dm2;ch84:dm-1 | [2]ch69:dm-1;ch74:dm0;ch77:dm2;ch83:dm2;ch84:dm-1 | [3]ch57:dm-1;ch69:dm1;ch83:dm2 | [4]ch20:dm2;ch82:dm0;ch90:dm0;ch91:dm1;ch93:dm-1 | [5]ch20:dm-1;ch25:dm0 | [6]ch54:dm-1 | [7]ch36:dm-1 | [8]ch52:dm-1 | [9]
503001,generated_pattern_registration_8budget_600ms_lda.pkl,8,501,1,22.5,63,1,[0]ch74:dm0;ch77:dm2;ch83:dm2;ch84:dm-1;ch89:dm-1 | [1]ch69:dm-1;ch74:dm0;ch77:dm2;ch83:dm2;ch84:dm-1 | [2]ch69:dm-1;ch74:dm0;ch77:dm2;ch83:dm2;ch84:dm-1 | [3]ch83:dm2;ch89:dm-1 | [4]ch90:dm1;ch93:dm1 | [5]ch5:dm-1;ch11:dm0;ch26:dm2;ch41:dm-1;ch54:dm2;ch72:dm-1;ch78:dm0;ch93:dm1 | [6]ch3:dm-1;ch19:dm1;ch26:dm1;ch54:dm1;ch91:dm1;ch93:dm-1 | [7] | [8]ch52:dm-1 | [9]
503015,generated_pattern_registration_8budget_600ms_lda.pkl,8,5015,15,337.5,64,1,[0]ch74:dm0;ch77:dm2;ch83:dm2;ch84:dm-1;ch89:dm-1 | [1]ch69:dm-1;ch74:dm0;ch77:dm2;ch83:dm2;ch84:dm-1 | [2]ch69:dm-1;ch74:dm0;ch77:dm2;ch83:dm2;ch84:dm-1 | [3]ch20:dm2;ch25:dm-1;ch52:dm0;ch69:dm1;ch88:dm-1;ch90:dm0;ch91:dm2;ch93:dm-1 | [4]ch19:dm1;ch20:dm-1;ch25:dm1;ch26:dm1;ch71:dm1;ch89:dm1;ch93:dm-1 | [5]ch3:dm-1;ch11:dm1;ch20:dm1;ch26:dm1;ch54:dm-1;ch88:dm1 | [6]ch52:dm-1 | [7]ch52:dm-1 | [8]ch52:dm-1 | [9]
