model_type,test_loss,test_corr,best_val_corr,total_params,trainable_params,epochs_trained,mean_pattern_corr,loo_avg_mean_corr,model_avg_mean_corr,neurons_model_beats_loo_avg,loo_temporal_mean_corr,model_temporal_mean_corr,neurons_model_beats_loo_temporal,experiment,status,kernel_sizes,weight_decay,conv_channels,history,sweep_name
cnn,0.1606976885795593,0.2879205114888131,0.2951045323659088,163391,163391,50,0.7594142163739277,0.4727570911147162,0.6107469161928931,51,0.3815135061740875,0.2972864806652069,5,trial_0000_history=1,completed,[3],0.0,[256],1,hist_cnn_initstate_v3
cnn,0.1633604928255081,0.2746967993377495,0.283764504456115,163391,163391,48,0.763635831307641,0.4727570911147162,0.6241627311163722,57,0.3815135061740875,0.2844248712062835,4,trial_0001_history=2,completed,[3],0.0,[256],2,hist_cnn_initstate_v3
cnn,0.1695192914009094,0.2332562781706213,0.2364294803522122,163391,163391,50,0.6990679529684709,0.4727570911147162,0.5090427405916113,32,0.3815135061740875,0.240215390920639,1,trial_0002_history=3,completed,[3],0.0,[256],3,hist_cnn_initstate_v3
cnn,0.1692597341537475,0.2330833262063044,0.2352190117135295,163391,163391,50,0.70612108215746,0.4727570911147162,0.5109214717302674,35,0.3815135061740875,0.240167424082756,1,trial_0003_history=4,completed,[3],0.0,[256],4,hist_cnn_initstate_v3
cnn,0.1726128573417663,0.2129979339299348,0.2102921160158541,163391,163391,50,0.6574791528251813,0.4727570911147162,0.4340684489625522,16,0.3815135061740875,0.2177598029375076,1,trial_0004_history=5,completed,[3],0.0,[256],5,hist_cnn_initstate_v3
cnn,0.1742052707672119,0.2067607980750531,0.2047203556568606,163391,163391,48,0.6478422619980235,0.4727570911147162,0.4199308167024968,14,0.3815135061740875,0.2119104862213134,1,trial_0005_history=10,completed,[3],0.0,[256],10,hist_cnn_initstate_v3
cnn,0.1749686897993087,0.2022408824173101,0.1989258042318415,163391,163391,44,0.6187655352990727,0.4727570911147162,0.4103397508107535,12,0.3815135061740875,0.2078449875116348,1,trial_0006_history=20,completed,[3],0.0,[256],20,hist_cnn_initstate_v3
cnn,0.1608180872201919,0.2876523374692332,0.2943534643432969,163391,163391,50,0.7606925445884015,0.4727570911147162,0.6135061411629693,52,0.3815135061740875,0.2973293662071228,5,trial_0007_history=1,completed,[3],0.0001,[256],1,hist_cnn_initstate_v3
cnn,0.1634542990922927,0.2750225811186762,0.2830664075454387,163391,163391,50,0.7636416482235592,0.4727570911147162,0.6216348042761873,56,0.3815135061740875,0.2849135994911194,4,trial_0008_history=2,completed,[3],0.0001,[256],2,hist_cnn_initstate_v3
cnn,0.1693222600221633,0.2334760640534579,0.234996871662177,163391,163391,46,0.7100397951989678,0.4727570911147162,0.5197639006596619,35,0.3815135061740875,0.2409348934888839,1,trial_0009_history=3,completed,[3],0.0001,[256],3,hist_cnn_initstate_v3
cnn,0.1700032515525817,0.2295611632887166,0.2326830325253847,163391,163391,37,0.6890595716271283,0.4727570911147162,0.5032035152703423,33,0.3815135061740875,0.2366804182529449,1,trial_0010_history=4,completed,[3],0.0001,[256],4,hist_cnn_initstate_v3
cnn,0.172745531797409,0.212133514621613,0.2105838034911976,163391,163391,44,0.6720145523589393,0.4727570911147162,0.4436260792905032,18,0.3815135061740875,0.2170864939689636,1,trial_0011_history=5,completed,[3],0.0001,[256],5,hist_cnn_initstate_v3
cnn,0.1738619946241378,0.2076737780447475,0.2041981740424287,163391,163391,47,0.6448907346702054,0.4727570911147162,0.4199801765993925,12,0.3815135061740875,0.2128884941339492,1,trial_0012_history=10,completed,[3],0.0001,[256],10,hist_cnn_initstate_v3
cnn,0.1746671124696731,0.2035691358268768,0.2011863444513808,163391,163391,43,0.6239839134516081,0.4727570911147162,0.4111983129144026,13,0.3815135061740875,0.2086070030927658,1,trial_0013_history=20,completed,[3],0.0001,[256],20,hist_cnn_initstate_v3
cnn,0.160585756778717,0.2874294929201907,0.2929136947174324,217151,217151,45,0.7667694796953922,0.4727570911147162,0.6212640410726705,55,0.3815135061740875,0.2970884144306183,6,trial_0014_history=1,completed,[5],0.0,[256],1,hist_cnn_initstate_v3
cnn,0.1623460381031036,0.2794398692501457,0.286927341266483,217151,217151,39,0.756834850505068,0.4727570911147162,0.6180105242199232,55,0.3815135061740875,0.2890818119049072,4,trial_0015_history=2,completed,[5],0.0,[256],2,hist_cnn_initstate_v3
cnn,0.1680112228393554,0.2426392425275841,0.2430981426181724,217151,217151,47,0.7008592133719945,0.4727570911147162,0.504907202424589,32,0.3815135061740875,0.2498773783445358,2,trial_0016_history=3,completed,[5],0.0,[256],3,hist_cnn_initstate_v3
cnn,0.1694313715696334,0.2311066978849915,0.2345350202512617,217151,217151,30,0.689618282828471,0.4727570911147162,0.5032432255297894,32,0.3815135061740875,0.2384996712207794,1,trial_0017_history=4,completed,[5],0.0,[256],4,hist_cnn_initstate_v3
cnn,0.1720741912126541,0.2155451862268755,0.2120129094359538,217151,217151,45,0.6685080064569261,0.4727570911147162,0.4381118260855351,17,0.3815135061740875,0.2208004891872406,1,trial_0018_history=5,completed,[5],0.0,[256],5,hist_cnn_initstate_v3
cnn,0.1729924199581146,0.208014507633886,0.2105350778514552,217151,217151,37,0.6486221838511564,0.4727570911147162,0.4270605763735938,14,0.3815135061740875,0.2140831053256988,1,trial_0019_history=10,completed,[5],0.0,[256],10,hist_cnn_initstate_v3
cnn,0.1746936681270599,0.2007771552512474,0.2019002067260225,217151,217151,34,0.6077376771381202,0.4727570911147162,0.4143239684280167,13,0.3815135061740875,0.2069567590951919,1,trial_0020_history=20,completed,[5],0.0,[256],20,hist_cnn_initstate_v3
cnn,0.160653067946434,0.286452608070928,0.2930138149834004,217151,217151,42,0.7576296458139979,0.4727570911147162,0.6163607987724669,52,0.3815135061740875,0.2960692048072815,6,trial_0021_history=1,completed,[5],0.0001,[256],1,hist_cnn_initstate_v3
cnn,0.1622397699356079,0.2819774959902231,0.2897509456363534,217151,217151,49,0.7676992541050546,0.4727570911147162,0.6191577386927073,56,0.3815135061740875,0.2918680608272552,4,trial_0022_history=2,completed,[5],0.0001,[256],2,hist_cnn_initstate_v3
cnn,0.1683916139602661,0.2413640690763093,0.2439730453854585,217151,217151,50,0.6994966895637215,0.4727570911147162,0.5021782907166807,35,0.3815135061740875,0.2483509927988052,2,trial_0023_history=3,completed,[5],0.0001,[256],3,hist_cnn_initstate_v3
cnn,0.1692924796342849,0.2345255074435622,0.2357462036429717,217151,217151,48,0.6987236524103063,0.4727570911147162,0.5052397206161391,33,0.3815135061740875,0.2420880645513534,1,trial_0024_history=4,completed,[5],0.0001,[256],4,hist_cnn_initstate_v3
cnn,0.1716337130069732,0.2156790172850294,0.2147077184253724,217151,217151,40,0.6617745425874098,0.4727570911147162,0.4347637582921037,18,0.3815135061740875,0.2216356545686721,1,trial_0025_history=5,completed,[5],0.0001,[256],5,hist_cnn_initstate_v3
cnn,0.173112564921379,0.2073425990197024,0.2100972345775999,217151,217151,43,0.6353026910365519,0.4727570911147162,0.4194374350402088,13,0.3815135061740875,0.2132920324802398,1,trial_0026_history=10,completed,[5],0.0001,[256],10,hist_cnn_initstate_v3
cnn,0.1746693608760833,0.2013647876321329,0.2018865732421383,217151,217151,41,0.6084007825228929,0.4727570911147162,0.4123823606374018,11,0.3815135061740875,0.2074648737907409,1,trial_0027_history=20,completed,[5],0.0001,[256],20,hist_cnn_initstate_v3
cnn,0.1610088737010955,0.2824547274672573,0.2895276776450777,351551,351551,33,0.7446602471052173,0.4727570911147162,0.6143934782434626,54,0.3815135061740875,0.2932721674442291,6,trial_0028_history=1,completed,[10],0.0,[256],1,hist_cnn_initstate_v3
cnn,0.1628684239387512,0.2734576092654227,0.2814436391953041,351551,351551,35,0.7508431640378312,0.4727570911147162,0.6176527356199655,55,0.3815135061740875,0.2839052379131317,4,trial_0029_history=2,completed,[10],0.0,[256],2,hist_cnn_initstate_v3
cnn,0.1687060101032257,0.2344542618649827,0.2380064807972244,351551,351551,38,0.6721325143164933,0.4727570911147162,0.4992616542995733,30,0.3815135061740875,0.2432135790586471,2,trial_0030_history=3,completed,[10],0.0,[256],3,hist_cnn_initstate_v3
cnn,0.1689047974348068,0.229985573152218,0.2339361707765221,351551,351551,34,0.6857897530174042,0.4727570911147162,0.5125170593732518,32,0.3815135061740875,0.2392697185277938,1,trial_0031_history=4,completed,[10],0.0,[256],4,hist_cnn_initstate_v3
cnn,0.1717121973037719,0.2141279385371046,0.2147513978547517,351551,351551,36,0.6575034374560969,0.4727570911147162,0.4512859088028689,21,0.3815135061740875,0.2220226377248764,1,trial_0032_history=5,completed,[10],0.0,[256],5,hist_cnn_initstate_v3
cnn,0.1728477463722229,0.2073308489927139,0.2111140564682326,351551,351551,36,0.633250445168841,0.4727570911147162,0.4341200484843947,16,0.3815135061740875,0.2153418213129043,1,trial_0033_history=10,completed,[10],0.0,[256],10,hist_cnn_initstate_v3
cnn,0.1746135301589965,0.1964937792691152,0.2005212995585041,351551,351551,33,0.611425547050666,0.4727570911147162,0.4230367257588649,15,0.3815135061740875,0.2040692716836929,1,trial_0034_history=20,completed,[10],0.0,[256],20,hist_cnn_initstate_v3
cnn,0.1612528700828552,0.2811880159651093,0.2897713944736971,351551,351551,35,0.7495089508835889,0.4727570911147162,0.616217166661322,53,0.3815135061740875,0.2915911674499511,6,trial_0035_history=1,completed,[10],0.0001,[256],1,hist_cnn_initstate_v3
cnn,0.1628716660737991,0.273412414450337,0.2823089017809878,351551,351551,35,0.7529070255418348,0.4727570911147162,0.6168774359376714,54,0.3815135061740875,0.2845847904682159,4,trial_0036_history=2,completed,[10],0.0001,[256],2,hist_cnn_initstate_v3
cnn,0.1684608379602432,0.2361555683376868,0.2377527356613848,351551,351551,36,0.6759182647667311,0.4727570911147162,0.5066281777172064,31,0.3815135061740875,0.2450592964887619,2,trial_0037_history=3,completed,[10],0.0001,[256],3,hist_cnn_initstate_v3
cnn,0.1699058632850646,0.2264298172986458,0.2325096132936906,351551,351551,32,0.6751784100713051,0.4727570911147162,0.5036608152496485,31,0.3815135061740875,0.2355660200119018,1,trial_0038_history=4,completed,[10],0.0001,[256],4,hist_cnn_initstate_v3
cnn,0.1715016000270843,0.2135022744053447,0.2130904560703327,351551,351551,34,0.6387105705780867,0.4727570911147162,0.4452375612196221,19,0.3815135061740875,0.2219348102807998,1,trial_0039_history=5,completed,[10],0.0001,[256],5,hist_cnn_initstate_v3
cnn,0.1726224002838134,0.2081871940371155,0.2132048565026364,351551,351551,35,0.6309988484887642,0.4727570911147162,0.4337714911368588,17,0.3815135061740875,0.2159619480371475,1,trial_0040_history=10,completed,[10],0.0001,[256],10,hist_cnn_initstate_v3
cnn,0.1744262278079986,0.1985050725165317,0.2003599633238262,351551,351551,35,0.6128779977260459,0.4727570911147162,0.4233511216171441,15,0.3815135061740875,0.2061186581850052,1,trial_0041_history=20,completed,[10],0.0001,[256],20,hist_cnn_initstate_v3
cnn,0.1638000082969665,0.2656515239939588,0.2739397952494496,620351,620351,27,0.7102368818517598,0.4727570911147162,0.5974528819158589,48,0.3815135061740875,0.2769470512866974,5,trial_0042_history=1,completed,[20],0.0,[256],1,hist_cnn_initstate_v3
cnn,0.1648085182905197,0.2630428330553656,0.2703469978704301,620351,620351,29,0.7104274726651842,0.4727570911147162,0.597461713266466,49,0.3815135061740875,0.2740240693092346,4,trial_0043_history=2,completed,[20],0.0,[256],2,hist_cnn_initstate_v3
cnn,0.1707747415304183,0.2219967151250584,0.2287862476384491,620351,620351,30,0.6331545187845145,0.4727570911147162,0.488414025714218,28,0.3815135061740875,0.2315009981393814,2,trial_0044_history=3,completed,[20],0.0,[256],3,hist_cnn_initstate_v3
cnn,0.1715383962392807,0.218515007301815,0.2246779926925852,620351,620351,31,0.6436876848689258,0.4727570911147162,0.4943343104861945,29,0.3815135061740875,0.2288868427276611,1,trial_0045_history=4,completed,[20],0.0,[256],4,hist_cnn_initstate_v3
cnn,0.1743474868535995,0.2013624166449584,0.2101755875285718,620351,620351,32,0.5979167786067738,0.4727570911147162,0.4356092694473926,21,0.3815135061740875,0.2114936262369156,1,trial_0046_history=5,completed,[20],0.0,[256],5,hist_cnn_initstate_v3
cnn,0.1743538936376571,0.1987582215808347,0.2054821870381964,620351,620351,29,0.5865020145123793,0.4727570911147162,0.4269390470428265,19,0.3815135061740875,0.2090109586715698,1,trial_0047_history=10,completed,[20],0.0,[256],10,hist_cnn_initstate_v3
cnn,0.1752260346412658,0.1955923455153241,0.2018579016937844,620351,620351,30,0.5818277723868882,0.4727570911147162,0.4148654638476531,19,0.3815135061740875,0.2050631046295166,1,trial_0048_history=20,completed,[20],0.0,[256],20,hist_cnn_initstate_v3
cnn,0.1632781569957733,0.2659068543023256,0.2744937371181124,620351,620351,25,0.7029711394317354,0.4727570911147162,0.5951507693319235,51,0.3815135061740875,0.2777512669563293,5,trial_0049_history=1,completed,[20],0.0001,[256],1,hist_cnn_initstate_v3
cnn,0.1646784806251525,0.2615460666930165,0.2702057740108925,620351,620351,25,0.7074615545054174,0.4727570911147162,0.5902340386883632,50,0.3815135061740875,0.2732876241207123,4,trial_0050_history=2,completed,[20],0.0001,[256],2,hist_cnn_initstate_v3
cnn,0.1709580574035644,0.221493170368516,0.2283766730611241,620351,620351,30,0.6575503973196691,0.4727570911147162,0.5023384179098126,30,0.3815135061740875,0.2319552153348922,2,trial_0051_history=3,completed,[20],0.0001,[256],3,hist_cnn_initstate_v3
cnn,0.1710457408428192,0.2180233556943768,0.2240402920292997,620351,620351,26,0.6067933525923752,0.4727570911147162,0.4793946431133505,24,0.3815135061740875,0.2280996888875961,2,trial_0052_history=4,completed,[20],0.0001,[256],4,hist_cnn_initstate_v3
cnn,0.1736836030483246,0.2028486196003714,0.2080526063088022,620351,620351,29,0.5833919431126817,0.4727570911147162,0.4266951247263086,20,0.3815135061740875,0.2128298878669738,1,trial_0053_history=5,completed,[20],0.0001,[256],5,hist_cnn_initstate_v3
cnn,0.1746430132389068,0.1983603850195186,0.2042234869135492,620351,620351,30,0.5818028266265081,0.4727570911147162,0.4229425193660308,18,0.3815135061740875,0.2081427723169326,1,trial_0054_history=10,completed,[20],0.0001,[256],10,hist_cnn_initstate_v3
cnn,0.1761037908792495,0.1922696775029074,0.2001956885840223,620351,620351,31,0.5728236341554905,0.4727570911147162,0.4095907337016511,19,0.3815135061740875,0.2015277743339538,1,trial_0055_history=20,completed,[20],0.0001,[256],20,hist_cnn_initstate_v3
