model_type,test_loss,test_corr,best_val_corr,total_params,trainable_params,epochs_trained,mean_pattern_corr,loo_mean_corr,model_sample_mean_corr,neurons_model_beats_loo,experiment,status,kernel_sizes,learning_rate,weight_decay,conv_channels,sweep_name
cnn,0.1841125825643539,0.2062845575885474,0.2046205330806685,39743,39743,50,0.4920566978266465,0.4727570911147162,0.3674538924712717,24,trial_0000_learning_rate=1.0e-04,completed,[1],0.0001,0.0,[64],base_cnn_kernel_sweep
cnn,0.1817125195264816,0.2298378673170772,0.2262532002522057,63039,63039,50,0.5568152631716272,0.4727570911147162,0.4058380353641895,22,trial_0001_learning_rate=1.0e-04,completed,[1],0.0001,0.0,[128],base_cnn_kernel_sweep
cnn,0.1798614658117294,0.2456874588246053,0.2422654565199068,109631,109631,50,0.6125902409344074,0.4727570911147162,0.4362574009197613,24,trial_0002_learning_rate=1.0e-04,completed,[1],0.0001,0.0,[256],base_cnn_kernel_sweep
cnn,0.1835405739545822,0.2085139035602528,0.2077855401461276,39743,39743,50,0.4816115824098553,0.4727570911147162,0.3597656300599142,20,trial_0003_learning_rate=1.0e-04,completed,[1],0.0001,1e-05,[64],base_cnn_kernel_sweep
cnn,0.1817462530136108,0.2261275372953784,0.2233492297859174,63039,63039,50,0.5497064556255594,0.4727570911147162,0.4051169998725504,24,trial_0004_learning_rate=1.0e-04,completed,[1],0.0001,1e-05,[128],base_cnn_kernel_sweep
cnn,0.180032099366188,0.2453088222321258,0.2428664766613862,109631,109631,50,0.6207120532152833,0.4727570911147162,0.4447498626012314,24,trial_0005_learning_rate=1.0e-04,completed,[1],0.0001,1e-05,[256],base_cnn_kernel_sweep
cnn,0.1834626163244247,0.2113428920531672,0.2083937310791922,39743,39743,50,0.49123141336283,0.4727570911147162,0.3625586757169537,23,trial_0006_learning_rate=1.0e-04,completed,[1],0.0001,0.0001,[64],base_cnn_kernel_sweep
cnn,0.1813469775915145,0.2282854863912319,0.2259692567463361,63039,63039,50,0.5494069615507805,0.4727570911147162,0.4023020974208376,22,trial_0007_learning_rate=1.0e-04,completed,[1],0.0001,0.0001,[128],base_cnn_kernel_sweep
cnn,0.1798272541761398,0.245725025713094,0.2429153514016931,109631,109631,50,0.6207899312806219,0.4727570911147162,0.4428117901535907,24,trial_0008_learning_rate=1.0e-04,completed,[1],0.0001,0.0001,[256],base_cnn_kernel_sweep
cnn,0.1836549253463745,0.2080100213458585,0.2061564317446023,39743,39743,50,0.4814285458742006,0.4727570911147162,0.3625225678439597,21,trial_0009_learning_rate=1.0e-04,completed,[1],0.0001,0.001,[64],base_cnn_kernel_sweep
cnn,0.18130173766613,0.2311275986763755,0.229141517990057,63039,63039,50,0.5674464182425508,0.4727570911147162,0.4111215804508352,22,trial_0010_learning_rate=1.0e-04,completed,[1],0.0001,0.001,[128],base_cnn_kernel_sweep
cnn,0.180138100028038,0.2454634689645581,0.2430497489892416,109631,109631,50,0.625867934954334,0.4727570911147162,0.4471328987867513,24,trial_0011_learning_rate=1.0e-04,completed,[1],0.0001,0.001,[256],base_cnn_kernel_sweep
cnn,0.1790542955398559,0.2556912090050161,0.2512061985924315,39743,39743,50,0.6448996563318815,0.4727570911147162,0.4440649642714674,24,trial_0012_learning_rate=1.0e-03,completed,[1],0.001,0.0,[64],base_cnn_kernel_sweep
cnn,0.1784841771125793,0.2606606947663465,0.256378393996616,63039,63039,50,0.6581893084120461,0.4727570911147162,0.4608295911478171,26,trial_0013_learning_rate=1.0e-03,completed,[1],0.001,0.0,[128],base_cnn_kernel_sweep
cnn,0.1783832868337631,0.262119641781149,0.2597437302617879,109631,109631,50,0.6795358757599226,0.4727570911147162,0.4752718574862524,26,trial_0014_learning_rate=1.0e-03,completed,[1],0.001,0.0,[256],base_cnn_kernel_sweep
cnn,0.1791432420015335,0.2548251935388529,0.2519493737127082,39743,39743,50,0.6426865026121841,0.4727570911147162,0.4416069578936255,23,trial_0015_learning_rate=1.0e-03,completed,[1],0.001,1e-05,[64],base_cnn_kernel_sweep
cnn,0.1784204897880554,0.2602344642801243,0.2565124440753942,63039,63039,50,0.6592118141150676,0.4727570911147162,0.4669171760275963,26,trial_0016_learning_rate=1.0e-03,completed,[1],0.001,1e-05,[128],base_cnn_kernel_sweep
cnn,0.1783298481702804,0.2635253086112334,0.2591340869598283,109631,109631,50,0.6723905408262693,0.4727570911147162,0.4750600328540635,26,trial_0017_learning_rate=1.0e-03,completed,[1],0.001,1e-05,[256],base_cnn_kernel_sweep
cnn,0.1791229045391082,0.255193433735932,0.2511854364146765,39743,39743,50,0.6475513510093717,0.4727570911147162,0.442258371491864,22,trial_0018_learning_rate=1.0e-03,completed,[1],0.001,0.0001,[64],base_cnn_kernel_sweep
cnn,0.1785712478160858,0.2612301282553091,0.2566147587757009,63039,63039,50,0.6623520057773066,0.4727570911147162,0.4636502875589345,27,trial_0019_learning_rate=1.0e-03,completed,[1],0.001,0.0001,[128],base_cnn_kernel_sweep
cnn,0.1783609412908554,0.2637473357094519,0.2587805647750087,109631,109631,50,0.6720614563475777,0.4727570911147162,0.4684690894179885,25,trial_0020_learning_rate=1.0e-03,completed,[1],0.001,0.0001,[256],base_cnn_kernel_sweep
cnn,0.1789434700012207,0.2555221722528015,0.2510597033012117,39743,39743,50,0.6534201386154814,0.4727570911147162,0.4502061774300711,24,trial_0021_learning_rate=1.0e-03,completed,[1],0.001,0.001,[64],base_cnn_kernel_sweep
cnn,0.1786135088205337,0.2614649602048728,0.2560643756666148,63039,63039,50,0.6630100260802665,0.4727570911147162,0.4638218311586512,28,trial_0022_learning_rate=1.0e-03,completed,[1],0.001,0.001,[128],base_cnn_kernel_sweep
cnn,0.1785281722545623,0.2596272828977134,0.2558263215132925,109631,109631,38,0.6763868276219704,0.4727570911147162,0.4722674858490961,27,trial_0023_learning_rate=1.0e-03,completed,[1],0.001,0.001,[256],base_cnn_kernel_sweep
cnn,0.1786276310682296,0.2582774638231049,0.2551304697743761,39743,39743,50,0.6557547552342656,0.4727570911147162,0.4454544767325105,25,trial_0024_learning_rate=0.01,completed,[1],0.01,0.0,[64],base_cnn_kernel_sweep
cnn,0.1785615758895874,0.2595245871219034,0.2553213328449399,63039,63039,50,0.6518293439751753,0.4727570911147162,0.4512509721277138,26,trial_0025_learning_rate=0.01,completed,[1],0.01,0.0,[128],base_cnn_kernel_sweep
cnn,0.1788116141557693,0.2587591994135231,0.2538068168146448,109631,109631,50,0.6500994208629669,0.4727570911147162,0.4478376373687924,25,trial_0026_learning_rate=0.01,completed,[1],0.01,0.0,[256],base_cnn_kernel_sweep
cnn,0.178428067445755,0.2591759164350242,0.2552057935391893,39743,39743,50,0.6532126630260652,0.4727570911147162,0.4475928665852437,23,trial_0027_learning_rate=0.01,completed,[1],0.01,1e-05,[64],base_cnn_kernel_sweep
cnn,0.1784143321514129,0.2618214028336745,0.2575011292565968,63039,63039,50,0.6523113396373208,0.4727570911147162,0.4515349906347181,26,trial_0028_learning_rate=0.01,completed,[1],0.01,1e-05,[128],base_cnn_kernel_sweep
cnn,0.1790034661293029,0.2556101747867173,0.2542811786752827,109631,109631,50,0.6480639596071149,0.4727570911147162,0.4480122123999473,24,trial_0029_learning_rate=0.01,completed,[1],0.01,1e-05,[256],base_cnn_kernel_sweep
cnn,0.1787934708595276,0.2550690750130249,0.2536432469016314,39743,39743,50,0.6471473313560288,0.4727570911147162,0.4435185639553147,24,trial_0030_learning_rate=0.01,completed,[1],0.01,0.0001,[64],base_cnn_kernel_sweep
cnn,0.1783921855688095,0.2591097719270629,0.2556648186329954,63039,63039,50,0.6424409754368751,0.4727570911147162,0.4480734784707763,24,trial_0031_learning_rate=0.01,completed,[1],0.01,0.0001,[128],base_cnn_kernel_sweep
cnn,0.178974558353424,0.2559909379855252,0.255648176918037,109631,109631,45,0.6446881442114242,0.4727570911147162,0.4486929650202257,25,trial_0032_learning_rate=0.01,completed,[1],0.01,0.0001,[256],base_cnn_kernel_sweep
cnn,0.1786174437999725,0.2582926439935595,0.2545351907531088,39743,39743,50,0.6475352798133489,0.4727570911147162,0.4384438414905835,22,trial_0033_learning_rate=0.01,completed,[1],0.01,0.001,[64],base_cnn_kernel_sweep
cnn,0.1785824365615844,0.2581850668274106,0.2561943955158114,63039,63039,50,0.6431353678884725,0.4727570911147162,0.4440955625158037,24,trial_0034_learning_rate=0.01,completed,[1],0.01,0.001,[128],base_cnn_kernel_sweep
cnn,0.1789406601190567,0.2578797021211627,0.2553844194309242,109631,109631,50,0.6554728375141845,0.4727570911147162,0.4534276476426609,26,trial_0035_learning_rate=0.01,completed,[1],0.01,0.001,[256],base_cnn_kernel_sweep
cnn,0.1688423709869384,0.3132636634509159,0.3184648930360976,53183,53183,50,0.6381749768370765,0.4727570911147162,0.5378612841857981,40,trial_0036_learning_rate=1.0e-04,completed,[3],0.0001,0.0,[64],base_cnn_kernel_sweep
cnn,0.165472165107727,0.3344507120315982,0.3409525718483723,89919,89919,50,0.699034245462449,0.4727570911147162,0.5885089933144696,50,trial_0037_learning_rate=1.0e-04,completed,[3],0.0001,0.0,[128],base_cnn_kernel_sweep
cnn,0.1635589454174041,0.34786803148214,0.3538823686944,163391,163391,50,0.7253174842565193,0.4727570911147162,0.6086493900932407,53,trial_0038_learning_rate=1.0e-04,completed,[3],0.0001,0.0,[256],base_cnn_kernel_sweep
cnn,0.1685469405651092,0.3143100063337755,0.3205204187669617,53183,53183,50,0.6436548228179891,0.4727570911147162,0.5424254465568527,39,trial_0039_learning_rate=1.0e-04,completed,[3],0.0001,1e-05,[64],base_cnn_kernel_sweep
cnn,0.1654793246984481,0.3349312437861666,0.3399186620567192,89919,89919,50,0.6932497347183905,0.4727570911147162,0.5815375009409787,49,trial_0040_learning_rate=1.0e-04,completed,[3],0.0001,1e-05,[128],base_cnn_kernel_sweep
cnn,0.1637857745885849,0.3456320513140734,0.352827765029453,163391,163391,50,0.7306946134869848,0.4727570911147162,0.6140533992178202,52,trial_0041_learning_rate=1.0e-04,completed,[3],0.0001,1e-05,[256],base_cnn_kernel_sweep
cnn,0.168436231970787,0.3148126495519919,0.3207575759937591,53183,53183,50,0.6409161170393658,0.4727570911147162,0.5407344843300544,39,trial_0042_learning_rate=1.0e-04,completed,[3],0.0001,0.0001,[64],base_cnn_kernel_sweep
cnn,0.1655785591602325,0.3336407887302157,0.3391396075917758,89919,89919,50,0.6879664051132324,0.4727570911147162,0.5804229272121925,50,trial_0043_learning_rate=1.0e-04,completed,[3],0.0001,0.0001,[128],base_cnn_kernel_sweep
cnn,0.1635666790008545,0.3469479833438237,0.3543111621428198,163391,163391,50,0.727218767515021,0.4727570911147162,0.613757754082767,53,trial_0044_learning_rate=1.0e-04,completed,[3],0.0001,0.0001,[256],base_cnn_kernel_sweep
cnn,0.1683009598255157,0.3159038229225996,0.3214344601280826,53183,53183,50,0.6400530908672614,0.4727570911147162,0.5382591820467212,39,trial_0045_learning_rate=1.0e-04,completed,[3],0.0001,0.001,[64],base_cnn_kernel_sweep
cnn,0.1657736506462097,0.3338736031724253,0.3390465010343579,89919,89919,50,0.6937424147707132,0.4727570911147162,0.5851331125151941,49,trial_0046_learning_rate=1.0e-04,completed,[3],0.0001,0.001,[128],base_cnn_kernel_sweep
cnn,0.1636013267040252,0.3469655918968197,0.354323851264636,163391,163391,50,0.7301881879369826,0.4727570911147162,0.6138357374700917,53,trial_0047_learning_rate=1.0e-04,completed,[3],0.0001,0.001,[256],base_cnn_kernel_sweep
cnn,0.1633225882053375,0.3471380539406505,0.3522667195190397,53183,53183,50,0.7008340455705159,0.4727570911147162,0.558021086882683,46,trial_0048_learning_rate=1.0e-03,completed,[3],0.001,0.0,[64],base_cnn_kernel_sweep
cnn,0.161718892455101,0.3594020097652836,0.3657023786044079,89919,89919,50,0.7384756653521345,0.4727570911147162,0.5925208668835473,50,trial_0049_learning_rate=1.0e-03,completed,[3],0.001,0.0,[128],base_cnn_kernel_sweep
cnn,0.1613062368631363,0.366426185968069,0.3705040876331517,163391,163391,50,0.7666252697566912,0.4727570911147162,0.6160036017543886,52,trial_0050_learning_rate=1.0e-03,completed,[3],0.001,0.0,[256],base_cnn_kernel_sweep
cnn,0.1631709244251251,0.3479631146258048,0.3534200403314533,53183,53183,50,0.7039625929420775,0.4727570911147162,0.560119522592956,47,trial_0051_learning_rate=1.0e-03,completed,[3],0.001,1e-05,[64],base_cnn_kernel_sweep
cnn,0.1617239886522293,0.3589515224175184,0.3651486821940541,89919,89919,50,0.7352200004602679,0.4727570911147162,0.5881835439852663,52,trial_0052_learning_rate=1.0e-03,completed,[3],0.001,1e-05,[128],base_cnn_kernel_sweep
cnn,0.1612176787853241,0.3659016780957314,0.3711027108357204,163391,163391,50,0.7646500174136449,0.4727570911147162,0.612321505205874,53,trial_0053_learning_rate=1.0e-03,completed,[3],0.001,1e-05,[256],base_cnn_kernel_sweep
cnn,0.163415626168251,0.3477082397981612,0.3516871433062404,53183,53183,50,0.6987951402837258,0.4727570911147162,0.5627573161702453,47,trial_0054_learning_rate=1.0e-03,completed,[3],0.001,0.0001,[64],base_cnn_kernel_sweep
cnn,0.1617821476459503,0.3604364508928295,0.3649280147604486,89919,89919,50,0.7348612223673601,0.4727570911147162,0.587581206742631,50,trial_0055_learning_rate=1.0e-03,completed,[3],0.001,0.0001,[128],base_cnn_kernel_sweep
cnn,0.1613592344522476,0.3642401857034819,0.3698204422804625,163391,163391,50,0.7602914631069816,0.4727570911147162,0.6139669909541664,53,trial_0056_learning_rate=1.0e-03,completed,[3],0.001,0.0001,[256],base_cnn_kernel_sweep
cnn,0.1635698306560516,0.3464858450068698,0.352307144914425,53183,53183,50,0.6970857324350109,0.4727570911147162,0.5531384044368209,45,trial_0057_learning_rate=1.0e-03,completed,[3],0.001,0.001,[64],base_cnn_kernel_sweep
cnn,0.1617375178337097,0.3598857177923364,0.3656813506117373,89919,89919,50,0.7384957223150508,0.4727570911147162,0.5900490075008242,50,trial_0058_learning_rate=1.0e-03,completed,[3],0.001,0.001,[128],base_cnn_kernel_sweep
cnn,0.1611297072172164,0.3661794355530919,0.3702290173967766,163391,163391,50,0.7678035666416881,0.4727570911147162,0.6158913931154776,53,trial_0059_learning_rate=1.0e-03,completed,[3],0.001,0.001,[256],base_cnn_kernel_sweep
cnn,0.1636756615638732,0.3451380352670674,0.3494161630674116,53183,53183,43,0.6783731135095438,0.4727570911147162,0.5305127389220458,40,trial_0060_learning_rate=0.01,completed,[3],0.01,0.0,[64],base_cnn_kernel_sweep
cnn,0.1614580583572387,0.3606053469239826,0.3655292517502984,89919,89919,50,0.7312896489907853,0.4727570911147162,0.5674026754195234,46,trial_0061_learning_rate=0.01,completed,[3],0.01,0.0,[128],base_cnn_kernel_sweep
cnn,0.1623886207342147,0.3587258316420047,0.3639855522329416,163391,163391,50,0.7411988383337355,0.4727570911147162,0.5751535120503557,50,trial_0062_learning_rate=0.01,completed,[3],0.01,0.0,[256],base_cnn_kernel_sweep
cnn,0.162716984629631,0.3489705026867047,0.3545671188153922,53183,53183,50,0.7052098815682499,0.4727570911147162,0.5478371313594775,43,trial_0063_learning_rate=0.01,completed,[3],0.01,1e-05,[64],base_cnn_kernel_sweep
cnn,0.1617439779043197,0.3589267646248309,0.364118361348746,89919,89919,50,0.7231396419181959,0.4727570911147162,0.5619664156336587,44,trial_0064_learning_rate=0.01,completed,[3],0.01,1e-05,[128],base_cnn_kernel_sweep
cnn,0.1622859125137329,0.3588160350919069,0.3640080088147007,163391,163391,50,0.742300976801174,0.4727570911147162,0.5765850741613568,48,trial_0065_learning_rate=0.01,completed,[3],0.01,1e-05,[256],base_cnn_kernel_sweep
cnn,0.1625969732999801,0.3495854731499039,0.3559571114038356,53183,53183,50,0.6958482589721223,0.4727570911147162,0.5407544618015804,40,trial_0066_learning_rate=0.01,completed,[3],0.01,0.0001,[64],base_cnn_kernel_sweep
cnn,0.161519025683403,0.3594190121415686,0.3650126346545485,89919,89919,50,0.7282691178498986,0.4727570911147162,0.5659518881273597,47,trial_0067_learning_rate=0.01,completed,[3],0.01,0.0001,[128],base_cnn_kernel_sweep
cnn,0.16255393242836,0.3530986173930792,0.3583206496059201,163391,163391,26,0.7273235149048654,0.4727570911147162,0.5641489433750211,47,trial_0068_learning_rate=0.01,completed,[3],0.01,0.0001,[256],base_cnn_kernel_sweep
cnn,0.1622319782972335,0.3533428806853205,0.3580963007796929,53183,53183,50,0.6994884797054337,0.4727570911147162,0.543237756892588,43,trial_0069_learning_rate=0.01,completed,[3],0.01,0.001,[64],base_cnn_kernel_sweep
cnn,0.1615544028282165,0.3608265668589636,0.3640097531258188,89919,89919,48,0.724801715518298,0.4727570911147162,0.5657447035786701,46,trial_0070_learning_rate=0.01,completed,[3],0.01,0.001,[128],base_cnn_kernel_sweep
cnn,0.1621816321611404,0.358529517351814,0.3638830794315222,163391,163391,50,0.7468251677597258,0.4727570911147162,0.5780221324461029,50,trial_0071_learning_rate=0.01,completed,[3],0.01,0.001,[256],base_cnn_kernel_sweep
cnn,0.1685807170867919,0.3153045840759133,0.3207868525283942,66623,66623,50,0.6535500798399456,0.4727570911147162,0.5567893706297136,43,trial_0072_learning_rate=1.0e-04,completed,[5],0.0001,0.0,[64],base_cnn_kernel_sweep
cnn,0.1653969764709472,0.3348864282409328,0.3407597424393915,116799,116799,50,0.693080762219227,0.4727570911147162,0.5877850864049463,49,trial_0073_learning_rate=1.0e-04,completed,[5],0.0001,0.0,[128],base_cnn_kernel_sweep
cnn,0.163405708193779,0.3476908654556831,0.3535321105616821,217151,217151,50,0.7361140662426595,0.4727570911147162,0.6218150642368532,52,trial_0074_learning_rate=1.0e-04,completed,[5],0.0001,0.0,[256],base_cnn_kernel_sweep
cnn,0.1682287893295288,0.3160851032182435,0.3219024403090762,66623,66623,50,0.6484133069003368,0.4727570911147162,0.5515219270097788,42,trial_0075_learning_rate=1.0e-04,completed,[5],0.0001,1e-05,[64],base_cnn_kernel_sweep
cnn,0.1656849237680435,0.3344354349962531,0.3402017635550673,116799,116799,50,0.6976101044010157,0.4727570911147162,0.590692043806789,50,trial_0076_learning_rate=1.0e-04,completed,[5],0.0001,1e-05,[128],base_cnn_kernel_sweep
cnn,0.1631006721258163,0.3504183310625689,0.3544644219579553,217151,217151,50,0.7363723899911272,0.4727570911147162,0.6247874678922135,52,trial_0077_learning_rate=1.0e-04,completed,[5],0.0001,1e-05,[256],base_cnn_kernel_sweep
cnn,0.1680973345041275,0.3174385296396281,0.3234996500009819,66623,66623,50,0.6528411319582734,0.4727570911147162,0.5503149142347153,42,trial_0078_learning_rate=1.0e-04,completed,[5],0.0001,0.0001,[64],base_cnn_kernel_sweep
cnn,0.1655534867048263,0.3354655021403603,0.3415892685764054,116799,116799,50,0.7002696230558528,0.4727570911147162,0.5949962820698841,51,trial_0079_learning_rate=1.0e-04,completed,[5],0.0001,0.0001,[128],base_cnn_kernel_sweep
cnn,0.1631166145801544,0.3493390222106379,0.3547129165488586,217151,217151,50,0.7339613045834246,0.4727570911147162,0.6209955982987556,54,trial_0080_learning_rate=1.0e-04,completed,[5],0.0001,0.0001,[256],base_cnn_kernel_sweep
cnn,0.1684982694387436,0.3149966236113348,0.3207935037013663,66623,66623,50,0.6482841098317627,0.4727570911147162,0.5521948922900405,43,trial_0081_learning_rate=1.0e-04,completed,[5],0.0001,0.001,[64],base_cnn_kernel_sweep
cnn,0.1655526390075683,0.3349857873395955,0.3395644911924672,116799,116799,50,0.698057655413261,0.4727570911147162,0.5936992602368903,50,trial_0082_learning_rate=1.0e-04,completed,[5],0.0001,0.001,[128],base_cnn_kernel_sweep
cnn,0.1633509298563003,0.346951840272131,0.3536120858886463,217151,217151,50,0.7316005129671452,0.4727570911147162,0.6201656412664643,53,trial_0083_learning_rate=1.0e-04,completed,[5],0.0001,0.001,[256],base_cnn_kernel_sweep
cnn,0.1630663493871688,0.3468369639428886,0.3519042547938756,66623,66623,50,0.6997061430789647,0.4727570911147162,0.5677115604038566,47,trial_0084_learning_rate=1.0e-03,completed,[5],0.001,0.0,[64],base_cnn_kernel_sweep
cnn,0.1613992028236389,0.3600719536662741,0.3639666185510752,116799,116799,50,0.7428502893837082,0.4727570911147162,0.6013040547215857,52,trial_0085_learning_rate=1.0e-03,completed,[5],0.001,0.0,[128],base_cnn_kernel_sweep
cnn,0.1611080973148346,0.3635592721276511,0.3678832393009216,217151,217151,43,0.7641130718228296,0.4727570911147162,0.6234648711464533,54,trial_0086_learning_rate=1.0e-03,completed,[5],0.001,0.0,[256],base_cnn_kernel_sweep
cnn,0.1629572068452835,0.3476483495097768,0.3530750326480218,66623,66623,50,0.7037288532393977,0.4727570911147162,0.5681681129865009,48,trial_0087_learning_rate=1.0e-03,completed,[5],0.001,1e-05,[64],base_cnn_kernel_sweep
cnn,0.1616001361608505,0.3594018388788977,0.3644126907813098,116799,116799,50,0.7386475676940066,0.4727570911147162,0.5998255405388306,52,trial_0088_learning_rate=1.0e-03,completed,[5],0.001,1e-05,[128],base_cnn_kernel_sweep
cnn,0.1613615447282791,0.3629955927523466,0.3664026617270836,217151,217151,47,0.7677176262548212,0.4727570911147162,0.6244066130036126,55,trial_0089_learning_rate=1.0e-03,completed,[5],0.001,1e-05,[256],base_cnn_kernel_sweep
cnn,0.1631184674501419,0.3459380803769169,0.3513269236844515,66623,66623,50,0.6963805064160247,0.4727570911147162,0.5611667481445303,47,trial_0090_learning_rate=1.0e-03,completed,[5],0.001,0.0001,[64],base_cnn_kernel_sweep
cnn,0.1616947776079177,0.3580092310874553,0.3629896415992158,116799,116799,50,0.733178360323312,0.4727570911147162,0.5963949345570219,51,trial_0091_learning_rate=1.0e-03,completed,[5],0.001,0.0001,[128],base_cnn_kernel_sweep
cnn,0.1613862129449844,0.3618653239385229,0.3668078592860171,217151,217151,50,0.7673646111022612,0.4727570911147162,0.6247136278721597,53,trial_0092_learning_rate=1.0e-03,completed,[5],0.001,0.0001,[256],base_cnn_kernel_sweep
cnn,0.1629852945804596,0.3476854287630868,0.3521555564437666,66623,66623,50,0.7043911879200623,0.4727570911147162,0.5672436105521546,47,trial_0093_learning_rate=1.0e-03,completed,[5],0.001,0.001,[64],base_cnn_kernel_sweep
cnn,0.1617418678998947,0.3586870520944006,0.3627115325736686,116799,116799,50,0.7374182897050937,0.4727570911147162,0.5953395115863825,51,trial_0094_learning_rate=1.0e-03,completed,[5],0.001,0.001,[128],base_cnn_kernel_sweep
cnn,0.1610752135515213,0.3650153728555881,0.3671863793338295,217151,217151,47,0.764046774359482,0.4727570911147162,0.619961402809292,52,trial_0095_learning_rate=1.0e-03,completed,[5],0.001,0.001,[256],base_cnn_kernel_sweep
cnn,0.1628890421390533,0.3455975046863522,0.3512389983293571,66623,66623,50,0.6859420281498982,0.4727570911147162,0.5368110261556697,41,trial_0096_learning_rate=0.01,completed,[5],0.01,0.0,[64],base_cnn_kernel_sweep
cnn,0.1614623409509658,0.359376583938242,0.362725974885035,116799,116799,50,0.7310638220431769,0.4727570911147162,0.571277677419004,47,trial_0097_learning_rate=0.01,completed,[5],0.01,0.0,[128],base_cnn_kernel_sweep
cnn,0.1628811095952987,0.3565790143367408,0.3614965477440155,217151,217151,49,0.7392712548689482,0.4727570911147162,0.5766635493632455,50,trial_0098_learning_rate=0.01,completed,[5],0.01,0.0,[256],base_cnn_kernel_sweep
cnn,0.1624059106111526,0.3504598091539329,0.3556521458152906,66623,66623,50,0.6945458885272279,0.4727570911147162,0.5456986149145555,43,trial_0099_learning_rate=0.01,completed,[5],0.01,1e-05,[64],base_cnn_kernel_sweep
cnn,0.1614654203653335,0.3589688938285001,0.3623818271100811,116799,116799,50,0.721026044188952,0.4727570911147162,0.5621864005927939,46,trial_0100_learning_rate=0.01,completed,[5],0.01,1e-05,[128],base_cnn_kernel_sweep
cnn,0.1623338474035263,0.3549093155151999,0.3610738208939112,217151,217151,27,0.7209832224097702,0.4727570911147162,0.5677276742007774,46,trial_0101_learning_rate=0.01,completed,[5],0.01,1e-05,[256],base_cnn_kernel_sweep
cnn,0.1622521694898605,0.351403733578985,0.3553862030247507,66623,66623,50,0.6960766050052054,0.4727570911147162,0.545858273637804,44,trial_0102_learning_rate=0.01,completed,[5],0.01,0.0001,[64],base_cnn_kernel_sweep
cnn,0.1615024280548095,0.359052680876807,0.3634211679302809,116799,116799,50,0.7255862350793272,0.4727570911147162,0.566268539006217,46,trial_0103_learning_rate=0.01,completed,[5],0.01,0.0001,[128],base_cnn_kernel_sweep
cnn,0.1626381818056106,0.3575221194415088,0.360979486909567,217151,217151,50,0.7389426099170086,0.4727570911147162,0.5761636074405543,50,trial_0104_learning_rate=0.01,completed,[5],0.01,0.0001,[256],base_cnn_kernel_sweep
cnn,0.1624342839717865,0.3496530292654278,0.3525914598929765,66623,66623,50,0.7015969588234161,0.4727570911147162,0.5458278660725026,42,trial_0105_learning_rate=0.01,completed,[5],0.01,0.001,[64],base_cnn_kernel_sweep
cnn,0.1617405973672867,0.3577490157716127,0.3627591784404049,116799,116799,50,0.7325591478781479,0.4727570911147162,0.5691531417236997,48,trial_0106_learning_rate=0.01,completed,[5],0.01,0.001,[128],base_cnn_kernel_sweep
cnn,0.162213290810585,0.3566294666000784,0.3607776062654867,217151,217151,31,0.7268146311292558,0.4727570911147162,0.5704518003170003,46,trial_0107_learning_rate=0.01,completed,[5],0.01,0.001,[256],base_cnn_kernel_sweep
cnn,0.167869824051857,0.3194038689169441,0.3247646055138161,100223,100223,50,0.623387636988324,0.4727570911147162,0.534628305832741,39,trial_0108_learning_rate=1.0e-04,completed,[10],0.0001,0.0,[64],base_cnn_kernel_sweep
cnn,0.1650618858337402,0.337412400782686,0.3433473698039351,183999,183999,50,0.6755430708617866,0.4727570911147162,0.5784330765016361,47,trial_0109_learning_rate=1.0e-04,completed,[10],0.0001,0.0,[128],base_cnn_kernel_sweep
cnn,0.1628806654214859,0.3493135512362967,0.3559834246341588,351551,351551,50,0.7199435671309377,0.4727570911147162,0.6180263199296792,55,trial_0110_learning_rate=1.0e-04,completed,[10],0.0001,0.0,[256],base_cnn_kernel_sweep
cnn,0.1671390341520309,0.3218810118800642,0.3280524789891882,100223,100223,50,0.6410808118156163,0.4727570911147162,0.5434794282908101,40,trial_0111_learning_rate=1.0e-04,completed,[10],0.0001,1e-05,[64],base_cnn_kernel_sweep
cnn,0.1652795144319534,0.3352547058044209,0.343665971881717,183999,183999,50,0.6847283053490014,0.4727570911147162,0.5886057062740678,50,trial_0112_learning_rate=1.0e-04,completed,[10],0.0001,1e-05,[128],base_cnn_kernel_sweep
cnn,0.1629354565143585,0.3495738221892861,0.3566446560703816,351551,351551,50,0.722365313890556,0.4727570911147162,0.6175233863660629,53,trial_0113_learning_rate=1.0e-04,completed,[10],0.0001,1e-05,[256],base_cnn_kernel_sweep
cnn,0.168087054491043,0.3182574033920611,0.3251052813409615,100223,100223,50,0.629150990921513,0.4727570911147162,0.5383260578675195,38,trial_0114_learning_rate=1.0e-04,completed,[10],0.0001,0.0001,[64],base_cnn_kernel_sweep
cnn,0.1646425124406814,0.3379226160205741,0.3448109382259322,183999,183999,50,0.6834037584499302,0.4727570911147162,0.5838574227796014,48,trial_0115_learning_rate=1.0e-04,completed,[10],0.0001,0.0001,[128],base_cnn_kernel_sweep
cnn,0.1632379243373871,0.3474163713311084,0.3546842174903274,351551,351551,50,0.7196811948739625,0.4727570911147162,0.6191695067826261,54,trial_0116_learning_rate=1.0e-04,completed,[10],0.0001,0.0001,[256],base_cnn_kernel_sweep
cnn,0.1679288934469223,0.3192219552304477,0.3259146057441122,100223,100223,50,0.6354999333173703,0.4727570911147162,0.5436086036148509,40,trial_0117_learning_rate=1.0e-04,completed,[10],0.0001,0.001,[64],base_cnn_kernel_sweep
cnn,0.1650498883724212,0.3365900589500377,0.3426622383450619,183999,183999,50,0.6839380201641395,0.4727570911147162,0.5864486227847042,52,trial_0118_learning_rate=1.0e-04,completed,[10],0.0001,0.001,[128],base_cnn_kernel_sweep
cnn,0.1627483777999878,0.3500186932750141,0.3576980951470851,351551,351551,50,0.7225029234133192,0.4727570911147162,0.6178015720561915,53,trial_0119_learning_rate=1.0e-04,completed,[10],0.0001,0.001,[256],base_cnn_kernel_sweep
cnn,0.1627481971979141,0.3460340229939918,0.3526466484176635,100223,100223,50,0.6823173711813534,0.4727570911147162,0.5540015796556946,40,trial_0120_learning_rate=1.0e-03,completed,[10],0.001,0.0,[64],base_cnn_kernel_sweep
cnn,0.1615681680440902,0.357885657951252,0.3623949022881885,183999,183999,48,0.7203061256349971,0.4727570911147162,0.5907095147334939,51,trial_0121_learning_rate=1.0e-03,completed,[10],0.001,0.0,[128],base_cnn_kernel_sweep
cnn,0.1608203972578048,0.3629751315158516,0.3683638328537842,351551,351551,35,0.7543239222741676,0.4727570911147162,0.6223703672278986,54,trial_0122_learning_rate=1.0e-03,completed,[10],0.001,0.0,[256],base_cnn_kernel_sweep
cnn,0.1629433894157409,0.3479872849718107,0.3541116459482185,100223,100223,50,0.6881118944198626,0.4727570911147162,0.5597916152009665,44,trial_0123_learning_rate=1.0e-03,completed,[10],0.001,1e-05,[64],base_cnn_kernel_sweep
cnn,0.1612534509897232,0.3588883396210268,0.3642156157443494,183999,183999,45,0.7311440566737477,0.4727570911147162,0.5958479769147077,51,trial_0124_learning_rate=1.0e-03,completed,[10],0.001,1e-05,[128],base_cnn_kernel_sweep
cnn,0.1609834314584732,0.3624300749970298,0.3695796960204278,351551,351551,36,0.7478891624452171,0.4727570911147162,0.6193523069133161,54,trial_0125_learning_rate=1.0e-03,completed,[10],0.001,1e-05,[256],base_cnn_kernel_sweep
cnn,0.1629622319936752,0.3466519035089718,0.3518798884726331,100223,100223,50,0.6775907520009656,0.4727570911147162,0.5494213140650239,41,trial_0126_learning_rate=1.0e-03,completed,[10],0.001,0.0001,[64],base_cnn_kernel_sweep
cnn,0.1614582052230835,0.3588306139364409,0.363468885848945,183999,183999,48,0.7320613086360855,0.4727570911147162,0.595125936537262,51,trial_0127_learning_rate=1.0e-03,completed,[10],0.001,0.0001,[128],base_cnn_kernel_sweep
cnn,0.1613738113641739,0.3617759529465095,0.3682808419724035,351551,351551,43,0.7505369629559125,0.4727570911147162,0.6160026633534637,53,trial_0128_learning_rate=1.0e-03,completed,[10],0.001,0.0001,[256],base_cnn_kernel_sweep
cnn,0.1626158418655395,0.3464208793223125,0.3528543536450874,100223,100223,50,0.685209178584668,0.4727570911147162,0.5511373736327145,41,trial_0129_learning_rate=1.0e-03,completed,[10],0.001,0.001,[64],base_cnn_kernel_sweep
cnn,0.1617043935060501,0.3569674462193823,0.3638689494661438,183999,183999,50,0.7236493185657584,0.4727570911147162,0.5936701061229223,48,trial_0130_learning_rate=1.0e-03,completed,[10],0.001,0.001,[128],base_cnn_kernel_sweep
cnn,0.1612196244001388,0.3619582459864596,0.3696530715964736,351551,351551,38,0.7466579294901453,0.4727570911147162,0.6129258732042356,52,trial_0131_learning_rate=1.0e-03,completed,[10],0.001,0.001,[256],base_cnn_kernel_sweep
cnn,0.1626563152074814,0.3457501206046693,0.3507257463280223,100223,100223,29,0.6651487164903416,0.4727570911147162,0.5245524296993136,41,trial_0132_learning_rate=0.01,completed,[10],0.01,0.0,[64],base_cnn_kernel_sweep
cnn,0.1620429368019104,0.3579933890366235,0.3605918683273154,183999,183999,50,0.7128901709638795,0.4727570911147162,0.5596688726185084,45,trial_0133_learning_rate=0.01,completed,[10],0.01,0.0,[128],base_cnn_kernel_sweep
cnn,0.1626979392766952,0.3549931984047526,0.3596173729298478,351551,351551,29,0.7093257552130068,0.4727570911147162,0.5592163847648708,41,trial_0134_learning_rate=0.01,completed,[10],0.01,0.0,[256],base_cnn_kernel_sweep
cnn,0.162760449886322,0.3446980391897339,0.3497028264060588,100223,100223,40,0.6734638505048874,0.4727570911147162,0.5322387541281034,37,trial_0135_learning_rate=0.01,completed,[10],0.01,1e-05,[64],base_cnn_kernel_sweep
cnn,0.1622946416139602,0.3565132467426983,0.3603091430414052,183999,183999,50,0.720514695934976,0.4727570911147162,0.5640769953945148,48,trial_0136_learning_rate=0.01,completed,[10],0.01,1e-05,[128],base_cnn_kernel_sweep
cnn,0.1626874550580978,0.3555591837770478,0.3602478609426565,351551,351551,28,0.7147602567251202,0.4727570911147162,0.5663577462073008,42,trial_0137_learning_rate=0.01,completed,[10],0.01,1e-05,[256],base_cnn_kernel_sweep
cnn,0.1620086947679519,0.3487987800149715,0.3548684927012963,100223,100223,50,0.6823154150698102,0.4727570911147162,0.5370561526079396,40,trial_0138_learning_rate=0.01,completed,[10],0.01,0.0001,[64],base_cnn_kernel_sweep
cnn,0.1626735163927078,0.3554390913177024,0.3613447833198396,183999,183999,50,0.7082442210850772,0.4727570911147162,0.5598559166922867,47,trial_0139_learning_rate=0.01,completed,[10],0.01,0.0001,[128],base_cnn_kernel_sweep
cnn,0.1626744455099106,0.3549221475573725,0.3611303521853874,351551,351551,28,0.7173046684012384,0.4727570911147162,0.5639857256203321,43,trial_0140_learning_rate=0.01,completed,[10],0.01,0.0001,[256],base_cnn_kernel_sweep
cnn,0.1626213102340698,0.3438514668579397,0.3507080222011244,100223,100223,35,0.671478700439538,0.4727570911147162,0.5325070370714804,40,trial_0141_learning_rate=0.01,completed,[10],0.01,0.001,[64],base_cnn_kernel_sweep
cnn,0.1618147464990615,0.3566421540492143,0.3631088807600757,183999,183999,39,0.7147440794520825,0.4727570911147162,0.5630019364988719,44,trial_0142_learning_rate=0.01,completed,[10],0.01,0.001,[128],base_cnn_kernel_sweep
cnn,0.1625269916057586,0.3561104479135136,0.3604403693191251,351551,351551,29,0.7179014525811351,0.4727570911147162,0.5657267752761934,43,trial_0143_learning_rate=0.01,completed,[10],0.01,0.001,[256],base_cnn_kernel_sweep
cnn,0.169208687543869,0.3070268678631646,0.3125790463068059,234623,234623,50,0.5673192554441846,0.4727570911147162,0.5053270730531136,35,trial_0144_learning_rate=1.0e-04,completed,[30],0.0001,0.0,[64],base_cnn_kernel_sweep
cnn,0.1681829102039337,0.3171365379690446,0.323959344011202,452799,452799,50,0.608075340833796,0.4727570911147162,0.5477638434361228,40,trial_0145_learning_rate=1.0e-04,completed,[30],0.0001,0.0,[128],base_cnn_kernel_sweep
cnn,0.1671518952846527,0.323725568378083,0.3304727136590956,889151,889151,46,0.6475528738484467,0.4727570911147162,0.5851967077953444,50,trial_0146_learning_rate=1.0e-04,completed,[30],0.0001,0.0,[256],base_cnn_kernel_sweep
cnn,0.1696469535827636,0.3043401213772652,0.3108823873335962,234623,234623,50,0.5731822071942105,0.4727570911147162,0.507964464734525,34,trial_0147_learning_rate=1.0e-04,completed,[30],0.0001,1e-05,[64],base_cnn_kernel_sweep
cnn,0.1685368731021881,0.3168359411325432,0.3233009897223601,452799,452799,50,0.6031344824203009,0.4727570911147162,0.5459683606179645,37,trial_0148_learning_rate=1.0e-04,completed,[30],0.0001,1e-05,[128],base_cnn_kernel_sweep
cnn,0.1672302048206329,0.3225720973063703,0.3303791588763017,889151,889151,47,0.6470624466307492,0.4727570911147162,0.5865279839306639,46,trial_0149_learning_rate=1.0e-04,completed,[30],0.0001,1e-05,[256],base_cnn_kernel_sweep
cnn,0.1693821041584015,0.3069959161676552,0.3134611441709746,234623,234623,50,0.5713322976623805,0.4727570911147162,0.5026235212686327,33,trial_0150_learning_rate=1.0e-04,completed,[30],0.0001,0.0001,[64],base_cnn_kernel_sweep
cnn,0.168476455450058,0.3181492690247858,0.3245590381686458,452799,452799,50,0.6141848593293753,0.4727570911147162,0.5504305723302751,40,trial_0151_learning_rate=1.0e-04,completed,[30],0.0001,0.0001,[128],base_cnn_kernel_sweep
cnn,0.1675268056392669,0.3210703303968699,0.3306707971743557,889151,889151,50,0.6546262400527348,0.4727570911147162,0.5909612508345062,49,trial_0152_learning_rate=1.0e-04,completed,[30],0.0001,0.0001,[256],base_cnn_kernel_sweep
cnn,0.1695875450372695,0.3062577478476286,0.3119115572449638,234623,234623,50,0.5719204798895771,0.4727570911147162,0.5110342656027043,34,trial_0153_learning_rate=1.0e-04,completed,[30],0.0001,0.001,[64],base_cnn_kernel_sweep
cnn,0.167906902551651,0.3213149802722909,0.3267355515801552,452799,452799,50,0.6042264798022682,0.4727570911147162,0.5444663955269791,40,trial_0154_learning_rate=1.0e-04,completed,[30],0.0001,0.001,[128],base_cnn_kernel_sweep
cnn,0.1678840991258621,0.3202029688141079,0.3274546891874201,889151,889151,49,0.6503842018905646,0.4727570911147162,0.5851285334080814,49,trial_0155_learning_rate=1.0e-04,completed,[30],0.0001,0.001,[256],base_cnn_kernel_sweep
cnn,0.1676120851039886,0.3204086984719992,0.324981969644589,234623,234623,40,0.6138424351889686,0.4727570911147162,0.5190755411911339,34,trial_0156_learning_rate=1.0e-03,completed,[30],0.001,0.0,[64],base_cnn_kernel_sweep
cnn,0.1657001157999038,0.3349891336219924,0.3402887093744254,452799,452799,33,0.6569093578543124,0.4727570911147162,0.561130085836597,42,trial_0157_learning_rate=1.0e-03,completed,[30],0.001,0.0,[128],base_cnn_kernel_sweep
cnn,0.1643775079250335,0.3408368294837549,0.3453933028441506,889151,889151,23,0.6617950948617359,0.4727570911147162,0.5742583110928533,45,trial_0158_learning_rate=1.0e-03,completed,[30],0.001,0.0,[256],base_cnn_kernel_sweep
cnn,0.1671934593915939,0.324523368035504,0.3270238516490081,234623,234623,39,0.6265404820958125,0.4727570911147162,0.5239550913988723,34,trial_0159_learning_rate=1.0e-03,completed,[30],0.001,1e-05,[64],base_cnn_kernel_sweep
cnn,0.1653031793832779,0.3355763188074052,0.3401254032152904,452799,452799,32,0.6653455688606283,0.4727570911147162,0.5679266670454332,43,trial_0160_learning_rate=1.0e-03,completed,[30],0.001,1e-05,[128],base_cnn_kernel_sweep
cnn,0.1653440753221511,0.3366404178499497,0.3433366208996461,889151,889151,23,0.6570980570632873,0.4727570911147162,0.5727663603341873,43,trial_0161_learning_rate=1.0e-03,completed,[30],0.001,1e-05,[256],base_cnn_kernel_sweep
cnn,0.1673252446651458,0.319927903477792,0.324791790710916,234623,234623,39,0.614667617466499,0.4727570911147162,0.5188397549159738,35,trial_0162_learning_rate=1.0e-03,completed,[30],0.001,0.0001,[64],base_cnn_kernel_sweep
cnn,0.1665097157955169,0.3319945334494446,0.3382157275226387,452799,452799,33,0.6500989881306722,0.4727570911147162,0.5574004678644473,39,trial_0163_learning_rate=1.0e-03,completed,[30],0.001,0.0001,[128],base_cnn_kernel_sweep
cnn,0.1647685163021087,0.3380798721653004,0.3471869748566796,889151,889151,21,0.6576967403660485,0.4727570911147162,0.5720618252437594,44,trial_0164_learning_rate=1.0e-03,completed,[30],0.001,0.0001,[256],base_cnn_kernel_sweep
cnn,0.1677548577785492,0.3173325211244257,0.3226094825396032,234623,234623,35,0.5962640688145989,0.4727570911147162,0.5113639053085773,35,trial_0165_learning_rate=1.0e-03,completed,[30],0.001,0.001,[64],base_cnn_kernel_sweep
cnn,0.1658452430963516,0.3344742900465972,0.3404981870393673,452799,452799,35,0.6686744249856243,0.4727570911147162,0.56526987834997,45,trial_0166_learning_rate=1.0e-03,completed,[30],0.001,0.001,[128],base_cnn_kernel_sweep
cnn,0.1650226871967315,0.337354164340052,0.3447487758787045,889151,889151,23,0.6588111919435055,0.4727570911147162,0.573621618893289,45,trial_0167_learning_rate=1.0e-03,completed,[30],0.001,0.001,[256],base_cnn_kernel_sweep
cnn,0.1680820127725601,0.3172363192752375,0.3208040732384339,234623,234623,34,0.6060000871251978,0.4727570911147162,0.493810799422036,33,trial_0168_learning_rate=0.01,completed,[30],0.01,0.0,[64],base_cnn_kernel_sweep
cnn,0.1657717213630676,0.3328406204985562,0.3365809807536508,452799,452799,24,0.6289454148166571,0.4727570911147162,0.5148345668696281,36,trial_0169_learning_rate=0.01,completed,[30],0.01,0.0,[128],base_cnn_kernel_sweep
cnn,0.1675345788002014,0.333448949416015,0.3383507558434974,889151,889151,23,0.6469493858419402,0.4727570911147162,0.5248590510666854,36,trial_0170_learning_rate=0.01,completed,[30],0.01,0.0,[256],base_cnn_kernel_sweep
cnn,0.1686483705043792,0.3160770089640257,0.3197717514186767,234623,234623,31,0.6055419387867322,0.4727570911147162,0.4932190035429606,33,trial_0171_learning_rate=0.01,completed,[30],0.01,1e-05,[64],base_cnn_kernel_sweep
cnn,0.1662526313066482,0.3321553683823514,0.3343014146154516,452799,452799,24,0.6352965279195796,0.4727570911147162,0.5166173208388025,34,trial_0172_learning_rate=0.01,completed,[30],0.01,1e-05,[128],base_cnn_kernel_sweep
cnn,0.1656156539916992,0.333372384694607,0.3369132181117623,889151,889151,19,0.6274392120485105,0.4727570911147162,0.5127677618723042,33,trial_0173_learning_rate=0.01,completed,[30],0.01,1e-05,[256],base_cnn_kernel_sweep
cnn,0.1670486018657684,0.3199059546568867,0.3223150137824254,234623,234623,26,0.6016246183256093,0.4727570911147162,0.4890681373927351,32,trial_0174_learning_rate=0.01,completed,[30],0.01,0.0001,[64],base_cnn_kernel_sweep
cnn,0.1664500787258148,0.3338070041318852,0.3377260214065996,452799,452799,26,0.6363122392153617,0.4727570911147162,0.5189939640944083,35,trial_0175_learning_rate=0.01,completed,[30],0.01,0.0001,[128],base_cnn_kernel_sweep
cnn,0.1683865015506744,0.3322443777910037,0.3383329054679447,889151,889151,23,0.6560377867474384,0.4727570911147162,0.534531162569048,38,trial_0176_learning_rate=0.01,completed,[30],0.01,0.0001,[256],base_cnn_kernel_sweep
cnn,0.1669488757848739,0.3204256421513042,0.3249697200457009,234623,234623,32,0.6202232097508188,0.4727570911147162,0.4985751511954821,33,trial_0177_learning_rate=0.01,completed,[30],0.01,0.001,[64],base_cnn_kernel_sweep
cnn,0.1676304228305816,0.3324815980849816,0.3364960265997106,452799,452799,27,0.6552258615376739,0.4727570911147162,0.5257771678812831,36,trial_0178_learning_rate=0.01,completed,[30],0.01,0.001,[128],base_cnn_kernel_sweep
cnn,0.1671579958200454,0.3338269564930307,0.3366286707877643,889151,889151,23,0.6438898568023206,0.4727570911147162,0.5236187902807989,37,trial_0179_learning_rate=0.01,completed,[30],0.01,0.001,[256],base_cnn_kernel_sweep
cnn,0.1716738474369049,0.2984018104457389,0.3011611034888878,436223,436223,50,0.5356017643202701,0.4727570911147162,0.4817228475278035,31,trial_0180_learning_rate=1.0e-04,completed,[60],0.0001,0.0,[64],base_cnn_kernel_sweep
cnn,0.1714828542470932,0.3060056784481685,0.3086369037167559,855999,855999,49,0.5543626673257106,0.4727570911147162,0.5192371848028949,36,trial_0181_learning_rate=1.0e-04,completed,[60],0.0001,0.0,[128],base_cnn_kernel_sweep
cnn,0.1698909690380096,0.3061082810027993,0.3109134917913535,1695551,1695551,31,0.5554910046956221,0.4727570911147162,0.5291961099379828,38,trial_0182_learning_rate=1.0e-04,completed,[60],0.0001,0.0,[256],base_cnn_kernel_sweep
cnn,0.1720376614332199,0.2955904781878174,0.3008734598083354,436223,436223,50,0.5275377222927772,0.4727570911147162,0.4813831064325869,32,trial_0183_learning_rate=1.0e-04,completed,[60],0.0001,1e-05,[64],base_cnn_kernel_sweep
cnn,0.1707860224246978,0.3051671312998167,0.3096009351944362,855999,855999,41,0.5434341554923823,0.4727570911147162,0.5139202324506819,36,trial_0184_learning_rate=1.0e-04,completed,[60],0.0001,1e-05,[128],base_cnn_kernel_sweep
cnn,0.1703194431066513,0.3057743949595635,0.3128570476824257,1695551,1695551,31,0.5551040172029447,0.4727570911147162,0.5270855990653829,38,trial_0185_learning_rate=1.0e-04,completed,[60],0.0001,1e-05,[256],base_cnn_kernel_sweep
cnn,0.1720741740465164,0.2940564455460119,0.2995992839598547,436223,436223,50,0.5298729767659244,0.4727570911147162,0.4761792073084485,34,trial_0186_learning_rate=1.0e-04,completed,[60],0.0001,0.0001,[64],base_cnn_kernel_sweep
cnn,0.1713555096387863,0.3023389571218246,0.3066427841082682,855999,855999,42,0.5575214175218006,0.4727570911147162,0.5193338909665863,35,trial_0187_learning_rate=1.0e-04,completed,[60],0.0001,0.0001,[128],base_cnn_kernel_sweep
cnn,0.170224544763565,0.3086361160253114,0.3129684883131239,1695551,1695551,34,0.5930486345386409,0.4727570911147162,0.551521788531166,41,trial_0188_learning_rate=1.0e-04,completed,[60],0.0001,0.0001,[256],base_cnn_kernel_sweep
cnn,0.1715924025774002,0.2972794732856045,0.3009980486356622,436223,436223,50,0.5297005030004841,0.4727570911147162,0.4844629814998234,32,trial_0189_learning_rate=1.0e-04,completed,[60],0.0001,0.001,[64],base_cnn_kernel_sweep
cnn,0.1714124337434768,0.301160109137197,0.3063571063909415,855999,855999,42,0.5379174591641588,0.4727570911147162,0.5068377090869677,34,trial_0190_learning_rate=1.0e-04,completed,[60],0.0001,0.001,[128],base_cnn_kernel_sweep
cnn,0.1699783735275268,0.3061871000342482,0.3122054242558805,1695551,1695551,28,0.5406678231549003,0.4727570911147162,0.5212690870032801,38,trial_0191_learning_rate=1.0e-04,completed,[60],0.0001,0.001,[256],base_cnn_kernel_sweep
cnn,0.1693645192384719,0.309282684492292,0.312958048363581,436223,436223,29,0.5712836162568207,0.4727570911147162,0.5010044488011828,32,trial_0192_learning_rate=1.0e-03,completed,[60],0.001,0.0,[64],base_cnn_kernel_sweep
cnn,0.1680657147169113,0.3199290275325064,0.3246802225686665,855999,855999,24,0.5841439298770494,0.4727570911147162,0.5219082880704101,38,trial_0193_learning_rate=1.0e-03,completed,[60],0.001,0.0,[128],base_cnn_kernel_sweep
cnn,0.1677862725257873,0.3241506236813341,0.3302360450274815,1695551,1695551,20,0.5917690738390873,0.4727570911147162,0.5379692844845291,40,trial_0194_learning_rate=1.0e-03,completed,[60],0.001,0.0,[256],base_cnn_kernel_sweep
cnn,0.1689850035905838,0.3104139379976652,0.3126453295777378,436223,436223,27,0.5629930541848063,0.4727570911147162,0.4954295006297945,34,trial_0195_learning_rate=1.0e-03,completed,[60],0.001,1e-05,[64],base_cnn_kernel_sweep
cnn,0.1681769185066223,0.3220603807522217,0.3249297338633101,855999,855999,25,0.6017110090660376,0.4727570911147162,0.5354946754101061,36,trial_0196_learning_rate=1.0e-03,completed,[60],0.001,1e-05,[128],base_cnn_kernel_sweep
cnn,0.1675664553642273,0.3248289857880808,0.3298058790317483,1695551,1695551,20,0.5924763444477786,0.4727570911147162,0.5379311303106807,38,trial_0197_learning_rate=1.0e-03,completed,[60],0.001,1e-05,[256],base_cnn_kernel_sweep
cnn,0.1692886478900909,0.3100775400888526,0.3139339433694992,436223,436223,29,0.5635241116984837,0.4727570911147162,0.4941372015989054,33,trial_0198_learning_rate=1.0e-03,completed,[60],0.001,0.0001,[64],base_cnn_kernel_sweep
cnn,0.1674517838954925,0.3233435331148924,0.3279237063234357,855999,855999,24,0.6131900916047356,0.4727570911147162,0.5370879986927853,40,trial_0199_learning_rate=1.0e-03,completed,[60],0.001,0.0001,[128],base_cnn_kernel_sweep
cnn,0.1671091401576996,0.3251162885284223,0.3312898437947589,1695551,1695551,18,0.5848069025218946,0.4727570911147162,0.5348687459323944,38,trial_0200_learning_rate=1.0e-03,completed,[60],0.001,0.0001,[256],base_cnn_kernel_sweep
cnn,0.1694989433288574,0.3067819452655984,0.3114292005096105,436223,436223,27,0.5656148547672148,0.4727570911147162,0.4949176274921214,32,trial_0201_learning_rate=1.0e-03,completed,[60],0.001,0.001,[64],base_cnn_kernel_sweep
cnn,0.1683724609613418,0.3192479867896395,0.3245085679487278,855999,855999,25,0.6016408719075519,0.4727570911147162,0.5305218812444383,39,trial_0202_learning_rate=1.0e-03,completed,[60],0.001,0.001,[128],base_cnn_kernel_sweep
cnn,0.16732035779953,0.3269713432061046,0.330769514341687,1695551,1695551,19,0.59295285676923,0.4727570911147162,0.5339058328288593,38,trial_0203_learning_rate=1.0e-03,completed,[60],0.001,0.001,[256],base_cnn_kernel_sweep
cnn,0.1706227594614029,0.3046004788257991,0.3035805971066238,436223,436223,25,0.5527877932951033,0.4727570911147162,0.4623801808894088,29,trial_0204_learning_rate=0.01,completed,[60],0.01,0.0,[64],base_cnn_kernel_sweep
cnn,0.1698027471303939,0.3189848765413066,0.3208120280010733,855999,855999,23,0.5948414127185461,0.4727570911147162,0.4925667095933954,33,trial_0205_learning_rate=0.01,completed,[60],0.01,0.0,[128],base_cnn_kernel_sweep
cnn,0.1685388677120208,0.3221675032989729,0.3241391206218892,1695551,1695551,18,0.6037123242551762,0.4727570911147162,0.5008652020816773,33,trial_0206_learning_rate=0.01,completed,[60],0.01,0.0,[256],base_cnn_kernel_sweep
cnn,0.1713549115657806,0.3021385569551537,0.3049073236519203,436223,436223,26,0.5424172297480141,0.4727570911147162,0.4562737861059122,27,trial_0207_learning_rate=0.01,completed,[60],0.01,1e-05,[64],base_cnn_kernel_sweep
cnn,0.1700520323514938,0.3191821819197828,0.3193896980652958,855999,855999,24,0.571379579198865,0.4727570911147162,0.4803710261457075,32,trial_0208_learning_rate=0.01,completed,[60],0.01,1e-05,[128],base_cnn_kernel_sweep
cnn,0.167357272028923,0.3236700823200276,0.3264234870200238,1695551,1695551,17,0.5804393182999098,0.4727570911147162,0.4890357188303877,33,trial_0209_learning_rate=0.01,completed,[60],0.01,1e-05,[256],base_cnn_kernel_sweep
cnn,0.1691695927381515,0.3081033888902039,0.3091343590711787,436223,436223,24,0.5502717512346803,0.4727570911147162,0.4631469131392045,30,trial_0210_learning_rate=0.01,completed,[60],0.01,0.0001,[64],base_cnn_kernel_sweep
cnn,0.1701087424755096,0.3189975575384452,0.3180927637334545,855999,855999,24,0.589639539275419,0.4727570911147162,0.4914408851293282,33,trial_0211_learning_rate=0.01,completed,[60],0.01,0.0001,[128],base_cnn_kernel_sweep
cnn,0.166940719127655,0.3275615099561729,0.3271178709870455,1695551,1695551,17,0.5968342155644191,0.4727570911147162,0.4978583628452022,30,trial_0212_learning_rate=0.01,completed,[60],0.01,0.0001,[256],base_cnn_kernel_sweep
cnn,0.1700866594314575,0.3059840234166153,0.3076857451313082,436223,436223,26,0.5507142606845443,0.4727570911147162,0.4660259150894022,29,trial_0213_learning_rate=0.01,completed,[60],0.01,0.001,[64],base_cnn_kernel_sweep
cnn,0.1686967898607254,0.3157105057968946,0.3192226082651215,855999,855999,20,0.5770980028355356,0.4727570911147162,0.4801959828117286,30,trial_0214_learning_rate=0.01,completed,[60],0.01,0.001,[128],base_cnn_kernel_sweep
cnn,0.1673465510606765,0.3221382812516752,0.3246549795133266,1695551,1695551,18,0.5916565830832589,0.4727570911147162,0.4988174442454465,32,trial_0215_learning_rate=0.01,completed,[60],0.01,0.001,[256],base_cnn_kernel_sweep
