run_dir,model_type,test_loss,test_corr,best_val_corr,total_params,trainable_params,epochs_trained,mean_pattern_corr,loo_mean_corr,model_sample_mean_corr,neurons_model_beats_loo,experiment,status,kernel_sizes,learning_rate,fc_dims,weight_decay,conv_channels
results/base_cnn_kernel_sweep_2026-02-15_11-28-56/trial_0114_learning_rate=1.0e-04,cnn,0.178356394,0.229910089,0.232704201,59903,59903,50,0.457475552,0.472757091,0.257821666,4,trial_0114_learning_rate=1.0e-04,completed,[10],0.0001,[256],0.0001,[64]
results/base_cnn_kernel_sweep_2026-02-15_11-28-56/trial_0120_learning_rate=1.0e-03,cnn,0.173959132,0.263637146,0.266967552,59903,59903,50,0.599033318,0.472757091,0.341205315,4,trial_0120_learning_rate=1.0e-03,completed,[10],0.001,[256],0,[64]
results/base_cnn_kernel_sweep_2026-02-15_11-28-56/trial_0121_learning_rate=1.0e-03,cnn,0.172770912,0.271143842,0.274995371,103359,103359,44,0.617678933,0.472757091,0.353370577,4,trial_0121_learning_rate=1.0e-03,completed,[10],0.001,[256],0,[128]
results/base_cnn_kernel_sweep_2026-02-15_11-28-56/trial_0124_learning_rate=1.0e-03,cnn,0.173101466,0.271585628,0.274007756,103359,103359,49,0.615003442,0.472757091,0.352189332,4,trial_0124_learning_rate=1.0e-03,completed,[10],0.001,[256],1.00E-05,[128]
results/base_cnn_kernel_sweep_2026-02-15_11-28-56/trial_0126_learning_rate=1.0e-03,cnn,0.173327102,0.269844202,0.269188717,59903,59903,50,0.60470863,0.472757091,0.34467691,4,trial_0126_learning_rate=1.0e-03,completed,[10],0.001,[256],0.0001,[64]
results/base_cnn_kernel_sweep_2026-02-15_11-28-56/trial_0128_learning_rate=1.0e-03,cnn,0.172515716,0.275965567,0.275386304,190271,190271,40,0.63711506,0.472757091,0.365360252,4,trial_0128_learning_rate=1.0e-03,completed,[10],0.001,[256],0.0001,[256]
results/base_cnn_kernel_sweep_2026-02-15_11-28-56/trial_0130_learning_rate=1.0e-03,cnn,0.173272652,0.270230485,0.274141781,103359,103359,50,0.631398507,0.472757091,0.360568189,4,trial_0130_learning_rate=1.0e-03,completed,[10],0.001,[256],0.001,[128]
results/base_cnn_kernel_sweep_2026-02-15_11-28-56/trial_0131_learning_rate=1.0e-03,cnn,0.172976444,0.275293399,0.275885371,190271,190271,44,0.639667431,0.472757091,0.366418322,4,trial_0131_learning_rate=1.0e-03,completed,[10],0.001,[256],0.001,[256]
results/base_cnn_kernel_sweep_2026-02-15_11-28-56/trial_0132_learning_rate=0.01,cnn,0.172617844,0.273616477,0.271587796,59903,59903,50,0.637061459,0.472757091,0.361982261,4,trial_0132_learning_rate=0.01,completed,[10],0.01,[256],0,[64]
results/base_cnn_kernel_sweep_2026-02-15_11-28-56/trial_0133_learning_rate=0.01,cnn,0.173320669,0.269039371,0.271118591,103359,103359,43,0.630155145,0.472757091,0.359520014,4,trial_0133_learning_rate=0.01,completed,[10],0.01,[256],0,[128]
results/base_cnn_kernel_sweep_2026-02-15_11-28-56/trial_0138_learning_rate=0.01,cnn,0.173004072,0.270768523,0.270086444,59903,59903,50,0.611505774,0.472757091,0.348796154,4,trial_0138_learning_rate=0.01,completed,[10],0.01,[256],0.0001,[64]
results/base_cnn_kernel_sweep_2026-02-15_11-28-56/trial_0139_learning_rate=0.01,cnn,0.173305288,0.270045001,0.270734825,103359,103359,50,0.615470161,0.472757091,0.352327085,4,trial_0139_learning_rate=0.01,completed,[10],0.01,[256],0.0001,[128]
results/base_cnn_kernel_sweep_2026-02-15_11-28-56/trial_0143_learning_rate=0.01,cnn,0.174176019,0.266139564,0.267259209,190271,190271,27,0.605258263,0.472757091,0.348842932,4,trial_0143_learning_rate=0.01,completed,[10],0.01,[256],0.001,[256]
results/base_cnn_kernel_sweep_2026-02-15_11-28-56/trial_0157_learning_rate=1.0e-03,cnn,0.173785359,0.277460246,0.278540519,210879,210879,50,0.561893157,0.472757091,0.318794807,4,trial_0157_learning_rate=1.0e-03,completed,[30],0.001,[256],0,[128]
results/base_cnn_kernel_sweep_2026-02-15_11-28-56/trial_0159_learning_rate=1.0e-03,cnn,0.175213783,0.263184135,0.264816238,113663,113663,50,0.527256897,0.472757091,0.297435967,4,trial_0159_learning_rate=1.0e-03,completed,[30],0.001,[256],1.00E-05,[64]
results/base_cnn_kernel_sweep_2026-02-15_11-28-56/trial_0160_learning_rate=1.0e-03,cnn,0.174139198,0.277208352,0.280633398,210879,210879,50,0.557209509,0.472757091,0.319379379,4,trial_0160_learning_rate=1.0e-03,completed,[30],0.001,[256],1.00E-05,[128]
results/base_cnn_kernel_sweep_2026-02-15_11-28-56/trial_0161_learning_rate=1.0e-03,cnn,0.173400536,0.279418667,0.28167956,405311,405311,38,0.569369257,0.472757091,0.32445821,4,trial_0161_learning_rate=1.0e-03,completed,[30],0.001,[256],1.00E-05,[256]
results/base_cnn_kernel_sweep_2026-02-15_11-28-56/trial_0163_learning_rate=1.0e-03,cnn,0.173902612,0.2741726,0.278671183,210879,210879,50,0.556290371,0.472757091,0.315603344,4,trial_0163_learning_rate=1.0e-03,completed,[30],0.001,[256],0.0001,[128]
results/base_cnn_kernel_sweep_2026-02-15_11-28-56/trial_0167_learning_rate=1.0e-03,cnn,0.173693881,0.27762004,0.28296421,405311,405311,42,0.572967035,0.472757091,0.326838821,4,trial_0167_learning_rate=1.0e-03,completed,[30],0.001,[256],0.001,[256]
results/base_cnn_kernel_sweep_2026-02-15_11-28-56/trial_0168_learning_rate=0.01,cnn,0.173983909,0.270792194,0.274423142,113663,113663,50,0.566781736,0.472757091,0.320386309,4,trial_0168_learning_rate=0.01,completed,[30],0.01,[256],0,[64]
results/base_cnn_kernel_sweep_2026-02-15_11-28-56/trial_0170_learning_rate=0.01,cnn,0.177036005,0.266042854,0.2725465,405311,405311,29,0.545630348,0.472757091,0.311459991,4,trial_0170_learning_rate=0.01,completed,[30],0.01,[256],0,[256]
results/base_cnn_kernel_sweep_2026-02-15_11-28-56/trial_0173_learning_rate=0.01,cnn,0.177115376,0.270421316,0.270820996,405311,405311,32,0.551372591,0.472757091,0.316502621,4,trial_0173_learning_rate=0.01,completed,[30],0.01,[256],1.00E-05,[256]
results/base_cnn_kernel_sweep_2026-02-15_11-28-56/trial_0175_learning_rate=0.01,cnn,0.174948169,0.275376926,0.27482737,210879,210879,50,0.570029507,0.472757091,0.326179124,4,trial_0175_learning_rate=0.01,completed,[30],0.01,[256],0.0001,[128]
results/base_cnn_kernel_sweep_2026-02-15_11-28-56/trial_0178_learning_rate=0.01,cnn,0.174906193,0.275535215,0.277647299,210879,210879,50,0.565294681,0.472757091,0.321608874,4,trial_0178_learning_rate=0.01,completed,[30],0.01,[256],0.001,[128]
results/base_cnn_kernel_sweep_2026-02-15_11-28-56/trial_0198_learning_rate=1.0e-03,cnn,0.177520804,0.25821598,0.259927751,194303,194303,50,0.483861832,0.472757091,0.272326469,4,trial_0198_learning_rate=1.0e-03,completed,[60],0.001,[256],0.0001,[64]
results/base_cnn_kernel_sweep_2026-02-15_11-28-56/trial_0199_learning_rate=1.0e-03,cnn,0.174539762,0.278192129,0.276476395,372159,372159,50,0.501233716,0.472757091,0.28596448,4,trial_0199_learning_rate=1.0e-03,completed,[60],0.001,[256],0.0001,[128]
results/base_cnn_kernel_sweep_2026-02-15_11-28-56/trial_0202_learning_rate=1.0e-03,cnn,0.174991504,0.274653572,0.275080845,372159,372159,50,0.500477644,0.472757091,0.284932234,4,trial_0202_learning_rate=1.0e-03,completed,[60],0.001,[256],0.001,[128]
results/base_cnn_kernel_sweep_2026-02-15_11-28-56/trial_0205_learning_rate=0.01,cnn,0.177296238,0.271682378,0.270741727,372159,372159,44,0.505362135,0.472757091,0.286267731,4,trial_0205_learning_rate=0.01,completed,[60],0.01,[256],0,[128]
results/base_cnn_kernel_sweep_2026-02-15_11-28-56/trial_0214_learning_rate=0.01,cnn,0.176537642,0.271259554,0.267925243,372159,372159,32,0.484083727,0.472757091,0.277455403,4,trial_0214_learning_rate=0.01,completed,[60],0.01,[256],0.001,[128]
results/base_cnn_kernel_sweep_2026-02-15_11-28-56/trial_0013_learning_rate=1.0e-03,cnn,0.183881682,0.229554077,0.229914881,54975,54975,50,0.583328499,0.472757091,0.343214445,3,trial_0013_learning_rate=1.0e-03,completed,[1],0.001,[256],0,[128]
results/base_cnn_kernel_sweep_2026-02-15_11-28-56/trial_0053_learning_rate=1.0e-03,cnn,0.174226586,0.273259876,0.272862499,115007,115007,41,0.611288311,0.472757091,0.355668569,3,trial_0053_learning_rate=1.0e-03,completed,[3],0.001,[256],1.00E-05,[256]
results/base_cnn_kernel_sweep_2026-02-15_11-28-56/trial_0070_learning_rate=0.01,cnn,0.17456865,0.269719162,0.27260214,65727,65727,50,0.608323955,0.472757091,0.353847294,3,trial_0070_learning_rate=0.01,completed,[3],0.01,[256],0.001,[128]
results/base_cnn_kernel_sweep_2026-02-15_11-28-56/trial_0108_learning_rate=1.0e-04,cnn,0.178535569,0.228558933,0.233100954,59903,59903,50,0.440878344,0.472757091,0.248032775,3,trial_0108_learning_rate=1.0e-04,completed,[10],0.0001,[256],0,[64]
results/base_cnn_kernel_sweep_2026-02-15_11-28-56/trial_0113_learning_rate=1.0e-04,cnn,0.174559539,0.261913059,0.265061508,190271,190271,50,0.554189943,0.472757091,0.318624172,3,trial_0113_learning_rate=1.0e-04,completed,[10],0.0001,[256],1.00E-05,[256]
results/base_cnn_kernel_sweep_2026-02-15_11-28-56/trial_0115_learning_rate=1.0e-04,cnn,0.176411496,0.245036476,0.248664577,103359,103359,50,0.480712148,0.472757091,0.274581471,3,trial_0115_learning_rate=1.0e-04,completed,[10],0.0001,[256],0.0001,[128]
results/base_cnn_kernel_sweep_2026-02-15_11-28-56/trial_0118_learning_rate=1.0e-04,cnn,0.176652285,0.243315871,0.246543405,103359,103359,50,0.492262225,0.472757091,0.279568425,3,trial_0118_learning_rate=1.0e-04,completed,[10],0.0001,[256],0.001,[128]
results/base_cnn_kernel_sweep_2026-02-15_11-28-56/trial_0122_learning_rate=1.0e-03,cnn,0.172314475,0.275201484,0.275613908,190271,190271,33,0.629521763,0.472757091,0.360889147,3,trial_0122_learning_rate=1.0e-03,completed,[10],0.001,[256],0,[256]
results/base_cnn_kernel_sweep_2026-02-15_11-28-56/trial_0123_learning_rate=1.0e-03,cnn,0.173477362,0.269829886,0.268852539,59903,59903,50,0.599558233,0.472757091,0.34292674,3,trial_0123_learning_rate=1.0e-03,completed,[10],0.001,[256],1.00E-05,[64]
results/base_cnn_kernel_sweep_2026-02-15_11-28-56/trial_0127_learning_rate=1.0e-03,cnn,0.172887878,0.27109023,0.272882209,103359,103359,50,0.628985566,0.472757091,0.359703722,3,trial_0127_learning_rate=1.0e-03,completed,[10],0.001,[256],0.0001,[128]
results/base_cnn_kernel_sweep_2026-02-15_11-28-56/trial_0129_learning_rate=1.0e-03,cnn,0.173772252,0.267728164,0.270649472,59903,59903,50,0.614242376,0.472757091,0.349270233,3,trial_0129_learning_rate=1.0e-03,completed,[10],0.001,[256],0.001,[64]
results/base_cnn_kernel_sweep_2026-02-15_11-28-56/trial_0134_learning_rate=0.01,cnn,0.173283315,0.271043529,0.266025577,190271,190271,30,0.635344845,0.472757091,0.363899007,3,trial_0134_learning_rate=0.01,completed,[10],0.01,[256],0,[256]
results/base_cnn_kernel_sweep_2026-02-15_11-28-56/trial_0135_learning_rate=0.01,cnn,0.172779454,0.272558764,0.270835398,59903,59903,50,0.63122965,0.472757091,0.360389212,3,trial_0135_learning_rate=0.01,completed,[10],0.01,[256],1.00E-05,[64]
results/base_cnn_kernel_sweep_2026-02-15_11-28-56/trial_0136_learning_rate=0.01,cnn,0.172750367,0.270349579,0.271066816,103359,103359,47,0.625060652,0.472757091,0.356526779,3,trial_0136_learning_rate=0.01,completed,[10],0.01,[256],1.00E-05,[128]
results/base_cnn_kernel_sweep_2026-02-15_11-28-56/trial_0137_learning_rate=0.01,cnn,0.174466821,0.265222952,0.269227705,190271,190271,28,0.623304953,0.472757091,0.357159521,3,trial_0137_learning_rate=0.01,completed,[10],0.01,[256],1.00E-05,[256]
results/base_cnn_kernel_sweep_2026-02-15_11-28-56/trial_0140_learning_rate=0.01,cnn,0.173571675,0.26628008,0.268369374,190271,190271,27,0.622659062,0.472757091,0.357384229,3,trial_0140_learning_rate=0.01,completed,[10],0.01,[256],0.0001,[256]
results/base_cnn_kernel_sweep_2026-02-15_11-28-56/trial_0141_learning_rate=0.01,cnn,0.172879035,0.267912433,0.270582058,59903,59903,50,0.613082932,0.472757091,0.350667167,3,trial_0141_learning_rate=0.01,completed,[10],0.01,[256],0.001,[64]
results/base_cnn_kernel_sweep_2026-02-15_11-28-56/trial_0142_learning_rate=0.01,cnn,0.173248206,0.268778997,0.270433124,103359,103359,38,0.611728654,0.472757091,0.350682934,3,trial_0142_learning_rate=0.01,completed,[10],0.01,[256],0.001,[128]
results/base_cnn_kernel_sweep_2026-02-15_11-28-56/trial_0144_learning_rate=1.0e-04,cnn,0.180082321,0.224016763,0.228006832,113663,113663,50,0.323506019,0.472757091,0.178980732,3,trial_0144_learning_rate=1.0e-04,completed,[30],0.0001,[256],0,[64]
results/base_cnn_kernel_sweep_2026-02-15_11-28-56/trial_0147_learning_rate=1.0e-04,cnn,0.18002886,0.223209076,0.227650991,113663,113663,50,0.342856302,0.472757091,0.190015902,3,trial_0147_learning_rate=1.0e-04,completed,[30],0.0001,[256],1.00E-05,[64]
results/base_cnn_kernel_sweep_2026-02-15_11-28-56/trial_0156_learning_rate=1.0e-03,cnn,0.175869779,0.260178624,0.266346565,113663,113663,50,0.508314661,0.472757091,0.28557874,3,trial_0156_learning_rate=1.0e-03,completed,[30],0.001,[256],0,[64]
results/base_cnn_kernel_sweep_2026-02-15_11-28-56/trial_0158_learning_rate=1.0e-03,cnn,0.173545587,0.277494869,0.282899832,405311,405311,46,0.583803714,0.472757091,0.332497697,3,trial_0158_learning_rate=1.0e-03,completed,[30],0.001,[256],0,[256]
results/base_cnn_kernel_sweep_2026-02-15_11-28-56/trial_0162_learning_rate=1.0e-03,cnn,0.176170006,0.25627743,0.26219108,113663,113663,50,0.510572522,0.472757091,0.287537404,3,trial_0162_learning_rate=1.0e-03,completed,[30],0.001,[256],0.0001,[64]
results/base_cnn_kernel_sweep_2026-02-15_11-28-56/trial_0166_learning_rate=1.0e-03,cnn,0.173707831,0.275041558,0.278962439,210879,210879,50,0.542573289,0.472757091,0.309182474,3,trial_0166_learning_rate=1.0e-03,completed,[30],0.001,[256],0.001,[128]
results/base_cnn_kernel_sweep_2026-02-15_11-28-56/trial_0169_learning_rate=0.01,cnn,0.175783299,0.272782713,0.27795098,210879,210879,50,0.565125516,0.472757091,0.322094715,3,trial_0169_learning_rate=0.01,completed,[30],0.01,[256],0,[128]
results/base_cnn_kernel_sweep_2026-02-15_11-28-56/trial_0171_learning_rate=0.01,cnn,0.17379457,0.271354543,0.275690567,113663,113663,50,0.565646417,0.472757091,0.320271797,3,trial_0171_learning_rate=0.01,completed,[30],0.01,[256],1.00E-05,[64]
results/base_cnn_kernel_sweep_2026-02-15_11-28-56/trial_0176_learning_rate=0.01,cnn,0.174696925,0.271986762,0.272797344,405311,405311,25,0.559963362,0.472757091,0.320354958,3,trial_0176_learning_rate=0.01,completed,[30],0.01,[256],0.0001,[256]
results/base_cnn_kernel_sweep_2026-02-15_11-28-56/trial_0177_learning_rate=0.01,cnn,0.173740147,0.26950631,0.275933576,113663,113663,50,0.554660268,0.472757091,0.315016169,3,trial_0177_learning_rate=0.01,completed,[30],0.01,[256],0.001,[64]
results/base_cnn_kernel_sweep_2026-02-15_11-28-56/trial_0179_learning_rate=0.01,cnn,0.176081942,0.270603811,0.270753994,405311,405311,27,0.534657192,0.472757091,0.3077206,3,trial_0179_learning_rate=0.01,completed,[30],0.01,[256],0.001,[256]
results/base_cnn_kernel_sweep_2026-02-15_11-28-56/trial_0192_learning_rate=1.0e-03,cnn,0.175388304,0.263758249,0.262446079,194303,194303,50,0.468354378,0.472757091,0.262871717,3,trial_0192_learning_rate=1.0e-03,completed,[60],0.001,[256],0,[64]
results/base_cnn_kernel_sweep_2026-02-15_11-28-56/trial_0195_learning_rate=1.0e-03,cnn,0.177390007,0.256831972,0.257181157,194303,194303,50,0.439528882,0.472757091,0.248319162,3,trial_0195_learning_rate=1.0e-03,completed,[60],0.001,[256],1.00E-05,[64]
results/base_cnn_kernel_sweep_2026-02-15_11-28-56/trial_0196_learning_rate=1.0e-03,cnn,0.173392855,0.279072679,0.272881763,372159,372159,41,0.5038012,0.472757091,0.287872536,3,trial_0196_learning_rate=1.0e-03,completed,[60],0.001,[256],1.00E-05,[128]
results/base_cnn_kernel_sweep_2026-02-15_11-28-56/trial_0197_learning_rate=1.0e-03,cnn,0.174340079,0.275499762,0.278551802,727871,727871,33,0.475426836,0.472757091,0.27504164,3,trial_0197_learning_rate=1.0e-03,completed,[60],0.001,[256],1.00E-05,[256]
results/base_cnn_kernel_sweep_2026-02-15_11-28-56/trial_0201_learning_rate=1.0e-03,cnn,0.176549539,0.258109786,0.25782556,194303,194303,50,0.463324814,0.472757091,0.2606253,3,trial_0201_learning_rate=1.0e-03,completed,[60],0.001,[256],0.001,[64]
results/base_cnn_kernel_sweep_2026-02-15_11-28-56/trial_0203_learning_rate=1.0e-03,cnn,0.173957516,0.278788936,0.277688848,727871,727871,32,0.506864841,0.472757091,0.292950398,3,trial_0203_learning_rate=1.0e-03,completed,[60],0.001,[256],0.001,[256]
results/base_cnn_kernel_sweep_2026-02-15_11-28-56/trial_0204_learning_rate=0.01,cnn,0.177391586,0.262102929,0.264938577,194303,194303,50,0.465412852,0.472757091,0.263979852,3,trial_0204_learning_rate=0.01,completed,[60],0.01,[256],0,[64]
results/base_cnn_kernel_sweep_2026-02-15_11-28-56/trial_0206_learning_rate=0.01,cnn,0.176119074,0.274297904,0.274171496,727871,727871,24,0.487056016,0.472757091,0.280994423,3,trial_0206_learning_rate=0.01,completed,[60],0.01,[256],0,[256]
results/base_cnn_kernel_sweep_2026-02-15_11-28-56/trial_0207_learning_rate=0.01,cnn,0.174662598,0.271122703,0.268943023,194303,194303,50,0.503992095,0.472757091,0.284419968,3,trial_0207_learning_rate=0.01,completed,[60],0.01,[256],1.00E-05,[64]
results/base_cnn_kernel_sweep_2026-02-15_11-28-56/trial_0208_learning_rate=0.01,cnn,0.177668,0.269737191,0.270958889,372159,372159,43,0.495988692,0.472757091,0.281331652,3,trial_0208_learning_rate=0.01,completed,[60],0.01,[256],1.00E-05,[128]
results/base_cnn_kernel_sweep_2026-02-15_11-28-56/trial_0210_learning_rate=0.01,cnn,0.175794644,0.266653828,0.265111875,194303,194303,50,0.446834852,0.472757091,0.252992378,3,trial_0210_learning_rate=0.01,completed,[60],0.01,[256],0.0001,[64]
results/base_cnn_kernel_sweep_2026-02-15_11-28-56/trial_0213_learning_rate=0.01,cnn,0.176095878,0.269251542,0.267693748,194303,194303,50,0.494693424,0.472757091,0.281784799,3,trial_0213_learning_rate=0.01,completed,[60],0.01,[256],0.001,[64]
results/base_cnn_kernel_sweep_2026-02-15_11-28-56/trial_0215_learning_rate=0.01,cnn,0.175922941,0.273473974,0.273089645,727871,727871,24,0.524638867,0.472757091,0.300290814,3,trial_0215_learning_rate=0.01,completed,[60],0.01,[256],0.001,[256]
results/base_cnn_kernel_sweep_2026-02-15_11-28-56/trial_0000_learning_rate=1.0e-04,cnn,0.18520494,0.208846015,0.210669009,35711,35711,50,0.452572475,0.472757091,0.270402845,2,trial_0000_learning_rate=1.0e-04,completed,[1],0.0001,[256],0,[64]
results/base_cnn_kernel_sweep_2026-02-15_11-28-56/trial_0002_learning_rate=1.0e-04,cnn,0.18401332,0.224652359,0.222862693,93503,93503,50,0.532596327,0.472757091,0.316997559,2,trial_0002_learning_rate=1.0e-04,completed,[1],0.0001,[256],0,[256]
results/base_cnn_kernel_sweep_2026-02-15_11-28-56/trial_0005_learning_rate=1.0e-04,cnn,0.183926875,0.22579598,0.223279651,93503,93503,50,0.548053241,0.472757091,0.323451598,2,trial_0005_learning_rate=1.0e-04,completed,[1],0.0001,[256],1.00E-05,[256]
results/base_cnn_kernel_sweep_2026-02-15_11-28-56/trial_0007_learning_rate=1.0e-04,cnn,0.184413482,0.219981138,0.219187029,54975,54975,50,0.497915699,0.472757091,0.295036442,2,trial_0007_learning_rate=1.0e-04,completed,[1],0.0001,[256],0.0001,[128]
results/base_cnn_kernel_sweep_2026-02-15_11-28-56/trial_0010_learning_rate=1.0e-04,cnn,0.18433836,0.220151346,0.218366978,54975,54975,50,0.490251337,0.472757091,0.292995833,2,trial_0010_learning_rate=1.0e-04,completed,[1],0.0001,[256],0.001,[128]
results/base_cnn_kernel_sweep_2026-02-15_11-28-56/trial_0011_learning_rate=1.0e-04,cnn,0.183959497,0.224100134,0.222964919,93503,93503,50,0.532152199,0.472757091,0.315259162,2,trial_0011_learning_rate=1.0e-04,completed,[1],0.0001,[256],0.001,[256]
results/base_cnn_kernel_sweep_2026-02-15_11-28-56/trial_0012_learning_rate=1.0e-03,cnn,0.183369102,0.23087635,0.229483789,35711,35711,50,0.576688758,0.472757091,0.338445556,2,trial_0012_learning_rate=1.0e-03,completed,[1],0.001,[256],0,[64]
results/base_cnn_kernel_sweep_2026-02-15_11-28-56/trial_0014_learning_rate=1.0e-03,cnn,0.183403136,0.231115237,0.230374669,93503,93503,50,0.593144731,0.472757091,0.349141497,2,trial_0014_learning_rate=1.0e-03,completed,[1],0.001,[256],0,[256]
results/base_cnn_kernel_sweep_2026-02-15_11-28-56/trial_0015_learning_rate=1.0e-03,cnn,0.183342452,0.231057983,0.228754202,35711,35711,50,0.574123988,0.472757091,0.33756958,2,trial_0015_learning_rate=1.0e-03,completed,[1],0.001,[256],1.00E-05,[64]
results/base_cnn_kernel_sweep_2026-02-15_11-28-56/trial_0016_learning_rate=1.0e-03,cnn,0.183580488,0.230508793,0.22970974,54975,54975,50,0.573972681,0.472757091,0.339505401,2,trial_0016_learning_rate=1.0e-03,completed,[1],0.001,[256],1.00E-05,[128]
results/base_cnn_kernel_sweep_2026-02-15_11-28-56/trial_0017_learning_rate=1.0e-03,cnn,0.183508048,0.231820664,0.230244967,93503,93503,50,0.568329477,0.472757091,0.338056388,2,trial_0017_learning_rate=1.0e-03,completed,[1],0.001,[256],1.00E-05,[256]
results/base_cnn_kernel_sweep_2026-02-15_11-28-56/trial_0018_learning_rate=1.0e-03,cnn,0.183445997,0.231402025,0.229105799,35711,35711,50,0.562986296,0.472757091,0.332126592,2,trial_0018_learning_rate=1.0e-03,completed,[1],0.001,[256],0.0001,[64]
results/base_cnn_kernel_sweep_2026-02-15_11-28-56/trial_0019_learning_rate=1.0e-03,cnn,0.18353271,0.230410937,0.229939227,54975,54975,50,0.577626124,0.472757091,0.341027645,2,trial_0019_learning_rate=1.0e-03,completed,[1],0.001,[256],0.0001,[128]
results/base_cnn_kernel_sweep_2026-02-15_11-28-56/trial_0021_learning_rate=1.0e-03,cnn,0.183591269,0.228789088,0.22817228,35711,35711,50,0.570070339,0.472757091,0.335105767,2,trial_0021_learning_rate=1.0e-03,completed,[1],0.001,[256],0.001,[64]
results/base_cnn_kernel_sweep_2026-02-15_11-28-56/trial_0023_learning_rate=1.0e-03,cnn,0.183591761,0.231875389,0.229353334,93503,93503,43,0.592954156,0.472757091,0.348636016,2,trial_0023_learning_rate=1.0e-03,completed,[1],0.001,[256],0.001,[256]
results/base_cnn_kernel_sweep_2026-02-15_11-28-56/trial_0024_learning_rate=0.01,cnn,0.183247048,0.232351134,0.23044228,35711,35711,50,0.590140376,0.472757091,0.345437116,2,trial_0024_learning_rate=0.01,completed,[1],0.01,[256],0,[64]
results/base_cnn_kernel_sweep_2026-02-15_11-28-56/trial_0027_learning_rate=0.01,cnn,0.183277276,0.230963232,0.230674699,35711,35711,50,0.57242061,0.472757091,0.335791216,2,trial_0027_learning_rate=0.01,completed,[1],0.01,[256],1.00E-05,[64]
results/base_cnn_kernel_sweep_2026-02-15_11-28-56/trial_0030_learning_rate=0.01,cnn,0.183289609,0.232388186,0.230300748,35711,35711,50,0.563173002,0.472757091,0.332573266,2,trial_0030_learning_rate=0.01,completed,[1],0.01,[256],0.0001,[64]
results/base_cnn_kernel_sweep_2026-02-15_11-28-56/trial_0032_learning_rate=0.01,cnn,0.183808746,0.227248077,0.22910327,93503,93503,50,0.568788541,0.472757091,0.335148004,2,trial_0032_learning_rate=0.01,completed,[1],0.01,[256],0.0001,[256]
results/base_cnn_kernel_sweep_2026-02-15_11-28-56/trial_0034_learning_rate=0.01,cnn,0.183293519,0.233363703,0.231407553,54975,54975,50,0.576055082,0.472757091,0.338433145,2,trial_0034_learning_rate=0.01,completed,[1],0.01,[256],0.001,[128]
results/base_cnn_kernel_sweep_2026-02-15_11-28-56/trial_0035_learning_rate=0.01,cnn,0.183925208,0.226784828,0.228232815,93503,93503,46,0.571059819,0.472757091,0.335464465,2,trial_0035_learning_rate=0.01,completed,[1],0.01,[256],0.001,[256]
results/base_cnn_kernel_sweep_2026-02-15_11-28-56/trial_0036_learning_rate=1.0e-04,cnn,0.179158674,0.231162415,0.2360067,41087,41087,50,0.447363444,0.472757091,0.25960306,2,trial_0036_learning_rate=1.0e-04,completed,[3],0.0001,[256],0,[64]
results/base_cnn_kernel_sweep_2026-02-15_11-28-56/trial_0037_learning_rate=1.0e-04,cnn,0.176963184,0.25244718,0.254345502,65727,65727,50,0.521441444,0.472757091,0.304882226,2,trial_0037_learning_rate=1.0e-04,completed,[3],0.0001,[256],0,[128]
results/base_cnn_kernel_sweep_2026-02-15_11-28-56/trial_0038_learning_rate=1.0e-04,cnn,0.175663655,0.262370127,0.263308979,115007,115007,50,0.551273666,0.472757091,0.323739118,2,trial_0038_learning_rate=1.0e-04,completed,[3],0.0001,[256],0,[256]
results/base_cnn_kernel_sweep_2026-02-15_11-28-56/trial_0039_learning_rate=1.0e-04,cnn,0.178891699,0.23323498,0.235356399,41087,41087,50,0.457323335,0.472757091,0.265454228,2,trial_0039_learning_rate=1.0e-04,completed,[3],0.0001,[256],1.00E-05,[64]
results/base_cnn_kernel_sweep_2026-02-15_11-28-56/trial_0040_learning_rate=1.0e-04,cnn,0.177084946,0.252875693,0.254242264,65727,65727,50,0.525245687,0.472757091,0.306932732,2,trial_0040_learning_rate=1.0e-04,completed,[3],0.0001,[256],1.00E-05,[128]
results/base_cnn_kernel_sweep_2026-02-15_11-28-56/trial_0041_learning_rate=1.0e-04,cnn,0.175558438,0.263520116,0.263525552,115007,115007,50,0.555876269,0.472757091,0.325232613,2,trial_0041_learning_rate=1.0e-04,completed,[3],0.0001,[256],1.00E-05,[256]
results/base_cnn_kernel_sweep_2026-02-15_11-28-56/trial_0042_learning_rate=1.0e-04,cnn,0.178710011,0.23521682,0.238735151,41087,41087,50,0.464559773,0.472757091,0.269486644,2,trial_0042_learning_rate=1.0e-04,completed,[3],0.0001,[256],0.0001,[64]
results/base_cnn_kernel_sweep_2026-02-15_11-28-56/trial_0043_learning_rate=1.0e-04,cnn,0.176990506,0.251322627,0.253675559,65727,65727,50,0.512987846,0.472757091,0.300258409,2,trial_0043_learning_rate=1.0e-04,completed,[3],0.0001,[256],0.0001,[128]
results/base_cnn_kernel_sweep_2026-02-15_11-28-56/trial_0044_learning_rate=1.0e-04,cnn,0.175626333,0.262232361,0.263350992,115007,115007,50,0.552999536,0.472757091,0.32430031,2,trial_0044_learning_rate=1.0e-04,completed,[3],0.0001,[256],0.0001,[256]
results/base_cnn_kernel_sweep_2026-02-15_11-28-56/trial_0045_learning_rate=1.0e-04,cnn,0.178664022,0.235078942,0.237221798,41087,41087,50,0.460953471,0.472757091,0.26626533,2,trial_0045_learning_rate=1.0e-04,completed,[3],0.0001,[256],0.001,[64]
results/base_cnn_kernel_sweep_2026-02-15_11-28-56/trial_0046_learning_rate=1.0e-04,cnn,0.17693262,0.25184677,0.254210709,65727,65727,50,0.509537382,0.472757091,0.29960175,2,trial_0046_learning_rate=1.0e-04,completed,[3],0.0001,[256],0.001,[128]
results/base_cnn_kernel_sweep_2026-02-15_11-28-56/trial_0047_learning_rate=1.0e-04,cnn,0.175786341,0.261629083,0.263331635,115007,115007,50,0.552841105,0.472757091,0.323941905,2,trial_0047_learning_rate=1.0e-04,completed,[3],0.0001,[256],0.001,[256]
results/base_cnn_kernel_sweep_2026-02-15_11-28-56/trial_0048_learning_rate=1.0e-03,cnn,0.175212255,0.265371302,0.267963884,41087,41087,50,0.5750489,0.472757091,0.335134086,2,trial_0048_learning_rate=1.0e-03,completed,[3],0.001,[256],0,[64]
results/base_cnn_kernel_sweep_2026-02-15_11-28-56/trial_0049_learning_rate=1.0e-03,cnn,0.1744579,0.272284649,0.271878726,65727,65727,50,0.606907347,0.472757091,0.353093641,2,trial_0049_learning_rate=1.0e-03,completed,[3],0.001,[256],0,[128]
results/base_cnn_kernel_sweep_2026-02-15_11-28-56/trial_0050_learning_rate=1.0e-03,cnn,0.174279617,0.275948988,0.273009512,115007,115007,50,0.621716694,0.472757091,0.362474907,2,trial_0050_learning_rate=1.0e-03,completed,[3],0.001,[256],0,[256]
results/base_cnn_kernel_sweep_2026-02-15_11-28-56/trial_0051_learning_rate=1.0e-03,cnn,0.175128006,0.265968158,0.267649526,41087,41087,50,0.575266825,0.472757091,0.334822932,2,trial_0051_learning_rate=1.0e-03,completed,[3],0.001,[256],1.00E-05,[64]
results/base_cnn_kernel_sweep_2026-02-15_11-28-56/trial_0052_learning_rate=1.0e-03,cnn,0.174696061,0.271712535,0.273110794,65727,65727,50,0.598934472,0.472757091,0.349076168,2,trial_0052_learning_rate=1.0e-03,completed,[3],0.001,[256],1.00E-05,[128]
results/base_cnn_kernel_sweep_2026-02-15_11-28-56/trial_0054_learning_rate=1.0e-03,cnn,0.174639099,0.269300816,0.268608779,41087,41087,50,0.585993635,0.472757091,0.341004284,2,trial_0054_learning_rate=1.0e-03,completed,[3],0.001,[256],0.0001,[64]
results/base_cnn_kernel_sweep_2026-02-15_11-28-56/trial_0055_learning_rate=1.0e-03,cnn,0.175321716,0.269796216,0.271434358,65727,65727,46,0.594527307,0.472757091,0.34709224,2,trial_0055_learning_rate=1.0e-03,completed,[3],0.001,[256],0.0001,[128]
results/base_cnn_kernel_sweep_2026-02-15_11-28-56/trial_0056_learning_rate=1.0e-03,cnn,0.174329265,0.274678649,0.273598635,115007,115007,50,0.621028479,0.472757091,0.362040466,2,trial_0056_learning_rate=1.0e-03,completed,[3],0.001,[256],0.0001,[256]
results/base_cnn_kernel_sweep_2026-02-15_11-28-56/trial_0057_learning_rate=1.0e-03,cnn,0.175243017,0.265109472,0.268926454,41087,41087,50,0.577968719,0.472757091,0.335330415,2,trial_0057_learning_rate=1.0e-03,completed,[3],0.001,[256],0.001,[64]
results/base_cnn_kernel_sweep_2026-02-15_11-28-56/trial_0058_learning_rate=1.0e-03,cnn,0.174318117,0.271777878,0.271731107,65727,65727,50,0.615448245,0.472757091,0.35791863,2,trial_0058_learning_rate=1.0e-03,completed,[3],0.001,[256],0.001,[128]
results/base_cnn_kernel_sweep_2026-02-15_11-28-56/trial_0059_learning_rate=1.0e-03,cnn,0.174319132,0.272336738,0.273530403,115007,115007,50,0.619502051,0.472757091,0.360622511,2,trial_0059_learning_rate=1.0e-03,completed,[3],0.001,[256],0.001,[256]
results/base_cnn_kernel_sweep_2026-02-15_11-28-56/trial_0060_learning_rate=0.01,cnn,0.174690665,0.268242897,0.270067199,41087,41087,50,0.598237122,0.472757091,0.346955799,2,trial_0060_learning_rate=0.01,completed,[3],0.01,[256],0,[64]
results/base_cnn_kernel_sweep_2026-02-15_11-28-56/trial_0061_learning_rate=0.01,cnn,0.174425506,0.272724532,0.271489345,65727,65727,50,0.609961701,0.472757091,0.353950585,2,trial_0061_learning_rate=0.01,completed,[3],0.01,[256],0,[128]
results/base_cnn_kernel_sweep_2026-02-15_11-28-56/trial_0062_learning_rate=0.01,cnn,0.175365984,0.267409441,0.267429376,115007,115007,50,0.607005191,0.472757091,0.35275637,2,trial_0062_learning_rate=0.01,completed,[3],0.01,[256],0,[256]
results/base_cnn_kernel_sweep_2026-02-15_11-28-56/trial_0063_learning_rate=0.01,cnn,0.174390078,0.271795265,0.272233503,41087,41087,50,0.606093169,0.472757091,0.35213022,2,trial_0063_learning_rate=0.01,completed,[3],0.01,[256],1.00E-05,[64]
results/base_cnn_kernel_sweep_2026-02-15_11-28-56/trial_0064_learning_rate=0.01,cnn,0.174578969,0.270916765,0.271488971,65727,65727,50,0.610272527,0.472757091,0.354283837,2,trial_0064_learning_rate=0.01,completed,[3],0.01,[256],1.00E-05,[128]
results/base_cnn_kernel_sweep_2026-02-15_11-28-56/trial_0065_learning_rate=0.01,cnn,0.175018564,0.268013303,0.267640993,115007,115007,33,0.612275607,0.472757091,0.355828122,2,trial_0065_learning_rate=0.01,completed,[3],0.01,[256],1.00E-05,[256]
results/base_cnn_kernel_sweep_2026-02-15_11-28-56/trial_0066_learning_rate=0.01,cnn,0.174438249,0.271239575,0.271094754,41087,41087,50,0.601988778,0.472757091,0.348621811,2,trial_0066_learning_rate=0.01,completed,[3],0.01,[256],0.0001,[64]
results/base_cnn_kernel_sweep_2026-02-15_11-28-56/trial_0067_learning_rate=0.01,cnn,0.174355125,0.272963608,0.272599019,65727,65727,50,0.617262227,0.472757091,0.358921442,2,trial_0067_learning_rate=0.01,completed,[3],0.01,[256],0.0001,[128]
results/base_cnn_kernel_sweep_2026-02-15_11-28-56/trial_0068_learning_rate=0.01,cnn,0.174913273,0.268070948,0.267566381,115007,115007,33,0.589077914,0.472757091,0.344608811,2,trial_0068_learning_rate=0.01,completed,[3],0.01,[256],0.0001,[256]
results/base_cnn_kernel_sweep_2026-02-15_11-28-56/trial_0069_learning_rate=0.01,cnn,0.174448796,0.270800772,0.270937651,41087,41087,50,0.604993518,0.472757091,0.350146117,2,trial_0069_learning_rate=0.01,completed,[3],0.01,[256],0.001,[64]
results/base_cnn_kernel_sweep_2026-02-15_11-28-56/trial_0071_learning_rate=0.01,cnn,0.174789614,0.267719718,0.267933038,115007,115007,34,0.606061978,0.472757091,0.353374091,2,trial_0071_learning_rate=0.01,completed,[3],0.01,[256],0.001,[256]
results/base_cnn_kernel_sweep_2026-02-15_11-28-56/trial_0072_learning_rate=1.0e-04,cnn,0.178485142,0.233766615,0.237200254,46463,46463,50,0.45468594,0.472757091,0.26185093,2,trial_0072_learning_rate=1.0e-04,completed,[5],0.0001,[256],0,[64]
results/base_cnn_kernel_sweep_2026-02-15_11-28-56/trial_0073_learning_rate=1.0e-04,cnn,0.176401569,0.251513588,0.253476874,76479,76479,50,0.513101788,0.472757091,0.29728024,2,trial_0073_learning_rate=1.0e-04,completed,[5],0.0001,[256],0,[128]
results/base_cnn_kernel_sweep_2026-02-15_11-28-56/trial_0074_learning_rate=1.0e-04,cnn,0.17468556,0.265979263,0.26500269,136511,136511,50,0.555794815,0.472757091,0.324851453,2,trial_0074_learning_rate=1.0e-04,completed,[5],0.0001,[256],0,[256]
results/base_cnn_kernel_sweep_2026-02-15_11-28-56/trial_0075_learning_rate=1.0e-04,cnn,0.178888667,0.231379392,0.237183835,46463,46463,50,0.453642998,0.472757091,0.261610523,2,trial_0075_learning_rate=1.0e-04,completed,[5],0.0001,[256],1.00E-05,[64]
results/base_cnn_kernel_sweep_2026-02-15_11-28-56/trial_0076_learning_rate=1.0e-04,cnn,0.176492597,0.251441845,0.253112335,76479,76479,50,0.509623537,0.472757091,0.295884167,2,trial_0076_learning_rate=1.0e-04,completed,[5],0.0001,[256],1.00E-05,[128]
results/base_cnn_kernel_sweep_2026-02-15_11-28-56/trial_0077_learning_rate=1.0e-04,cnn,0.17479067,0.265187988,0.265852433,136511,136511,50,0.556064726,0.472757091,0.324842831,2,trial_0077_learning_rate=1.0e-04,completed,[5],0.0001,[256],1.00E-05,[256]
results/base_cnn_kernel_sweep_2026-02-15_11-28-56/trial_0079_learning_rate=1.0e-04,cnn,0.176647716,0.251993919,0.253622646,76479,76479,50,0.509203718,0.472757091,0.296018143,2,trial_0079_learning_rate=1.0e-04,completed,[5],0.0001,[256],0.0001,[128]
results/base_cnn_kernel_sweep_2026-02-15_11-28-56/trial_0080_learning_rate=1.0e-04,cnn,0.174693008,0.266235263,0.26736848,136511,136511,50,0.554334052,0.472757091,0.323039016,2,trial_0080_learning_rate=1.0e-04,completed,[5],0.0001,[256],0.0001,[256]
results/base_cnn_kernel_sweep_2026-02-15_11-28-56/trial_0082_learning_rate=1.0e-04,cnn,0.176858083,0.249671029,0.254477151,76479,76479,50,0.508848722,0.472757091,0.295597003,2,trial_0082_learning_rate=1.0e-04,completed,[5],0.0001,[256],0.001,[128]
results/base_cnn_kernel_sweep_2026-02-15_11-28-56/trial_0083_learning_rate=1.0e-04,cnn,0.17491625,0.264744586,0.265517143,136511,136511,50,0.545653034,0.472757091,0.320061585,2,trial_0083_learning_rate=1.0e-04,completed,[5],0.0001,[256],0.001,[256]
results/base_cnn_kernel_sweep_2026-02-15_11-28-56/trial_0084_learning_rate=1.0e-03,cnn,0.174333075,0.26739381,0.271205912,46463,46463,50,0.593777581,0.472757091,0.343466147,2,trial_0084_learning_rate=1.0e-03,completed,[5],0.001,[256],0,[64]
results/base_cnn_kernel_sweep_2026-02-15_11-28-56/trial_0085_learning_rate=1.0e-03,cnn,0.173775076,0.272443059,0.274274443,76479,76479,50,0.614038794,0.472757091,0.354525707,2,trial_0085_learning_rate=1.0e-03,completed,[5],0.001,[256],0,[128]
results/base_cnn_kernel_sweep_2026-02-15_11-28-56/trial_0086_learning_rate=1.0e-03,cnn,0.17350368,0.275706024,0.275285693,136511,136511,47,0.609941139,0.472757091,0.355423922,2,trial_0086_learning_rate=1.0e-03,completed,[5],0.001,[256],0,[256]
results/base_cnn_kernel_sweep_2026-02-15_11-28-56/trial_0087_learning_rate=1.0e-03,cnn,0.173889176,0.26915334,0.27030974,46463,46463,50,0.580199424,0.472757091,0.3374025,2,trial_0087_learning_rate=1.0e-03,completed,[5],0.001,[256],1.00E-05,[64]
results/base_cnn_kernel_sweep_2026-02-15_11-28-56/trial_0088_learning_rate=1.0e-03,cnn,0.173771919,0.272527363,0.274344707,76479,76479,50,0.602516769,0.472757091,0.348612054,2,trial_0088_learning_rate=1.0e-03,completed,[5],0.001,[256],1.00E-05,[128]
results/base_cnn_kernel_sweep_2026-02-15_11-28-56/trial_0089_learning_rate=1.0e-03,cnn,0.173891313,0.272669224,0.275227949,136511,136511,50,0.62828981,0.472757091,0.363297699,2,trial_0089_learning_rate=1.0e-03,completed,[5],0.001,[256],1.00E-05,[256]
results/base_cnn_kernel_sweep_2026-02-15_11-28-56/trial_0090_learning_rate=1.0e-03,cnn,0.174186249,0.268282982,0.270793002,46463,46463,50,0.577971114,0.472757091,0.335135269,2,trial_0090_learning_rate=1.0e-03,completed,[5],0.001,[256],0.0001,[64]
results/base_cnn_kernel_sweep_2026-02-15_11-28-56/trial_0091_learning_rate=1.0e-03,cnn,0.173950997,0.273713221,0.274242324,76479,76479,50,0.608352519,0.472757091,0.352351879,2,trial_0091_learning_rate=1.0e-03,completed,[5],0.001,[256],0.0001,[128]
results/base_cnn_kernel_sweep_2026-02-15_11-28-56/trial_0092_learning_rate=1.0e-03,cnn,0.173895492,0.274984537,0.276290823,136511,136511,45,0.621704494,0.472757091,0.360759255,2,trial_0092_learning_rate=1.0e-03,completed,[5],0.001,[256],0.0001,[256]
results/base_cnn_kernel_sweep_2026-02-15_11-28-56/trial_0093_learning_rate=1.0e-03,cnn,0.174329536,0.267575108,0.270604056,46463,46463,50,0.590499408,0.472757091,0.342306041,2,trial_0093_learning_rate=1.0e-03,completed,[5],0.001,[256],0.001,[64]
results/base_cnn_kernel_sweep_2026-02-15_11-28-56/trial_0094_learning_rate=1.0e-03,cnn,0.173761346,0.274606604,0.275479499,76479,76479,50,0.60059074,0.472757091,0.349363408,2,trial_0094_learning_rate=1.0e-03,completed,[5],0.001,[256],0.001,[128]
results/base_cnn_kernel_sweep_2026-02-15_11-28-56/trial_0095_learning_rate=1.0e-03,cnn,0.173913355,0.274202769,0.275429294,136511,136511,48,0.615808438,0.472757091,0.357820872,2,trial_0095_learning_rate=1.0e-03,completed,[5],0.001,[256],0.001,[256]
results/base_cnn_kernel_sweep_2026-02-15_11-28-56/trial_0096_learning_rate=0.01,cnn,0.173838669,0.2711147,0.27233843,46463,46463,50,0.595232522,0.472757091,0.345042915,2,trial_0096_learning_rate=0.01,completed,[5],0.01,[256],0,[64]
results/base_cnn_kernel_sweep_2026-02-15_11-28-56/trial_0097_learning_rate=0.01,cnn,0.173801225,0.271311484,0.274098529,76479,76479,45,0.602954243,0.472757091,0.350582829,2,trial_0097_learning_rate=0.01,completed,[5],0.01,[256],0,[128]
results/base_cnn_kernel_sweep_2026-02-15_11-28-56/trial_0098_learning_rate=0.01,cnn,0.174882545,0.265887778,0.269074866,136511,136511,36,0.590469645,0.472757091,0.34397634,2,trial_0098_learning_rate=0.01,completed,[5],0.01,[256],0,[256]
results/base_cnn_kernel_sweep_2026-02-15_11-28-56/trial_0099_learning_rate=0.01,cnn,0.173897024,0.269777883,0.273940271,46463,46463,50,0.59774947,0.472757091,0.346351141,2,trial_0099_learning_rate=0.01,completed,[5],0.01,[256],1.00E-05,[64]
results/base_cnn_kernel_sweep_2026-02-15_11-28-56/trial_0100_learning_rate=0.01,cnn,0.173897049,0.271652594,0.273056186,76479,76479,50,0.614246979,0.472757091,0.354879422,2,trial_0100_learning_rate=0.01,completed,[5],0.01,[256],1.00E-05,[128]
results/base_cnn_kernel_sweep_2026-02-15_11-28-56/trial_0101_learning_rate=0.01,cnn,0.174956857,0.26674647,0.270442948,136511,136511,41,0.599180506,0.472757091,0.348273039,2,trial_0101_learning_rate=0.01,completed,[5],0.01,[256],1.00E-05,[256]
results/base_cnn_kernel_sweep_2026-02-15_11-28-56/trial_0102_learning_rate=0.01,cnn,0.173853399,0.270794163,0.272506693,46463,46463,50,0.601158009,0.472757091,0.347955201,2,trial_0102_learning_rate=0.01,completed,[5],0.01,[256],0.0001,[64]
results/base_cnn_kernel_sweep_2026-02-15_11-28-56/trial_0103_learning_rate=0.01,cnn,0.173990005,0.272209978,0.274197902,76479,76479,50,0.61456063,0.472757091,0.356008532,2,trial_0103_learning_rate=0.01,completed,[5],0.01,[256],0.0001,[128]
results/base_cnn_kernel_sweep_2026-02-15_11-28-56/trial_0104_learning_rate=0.01,cnn,0.174478012,0.268850387,0.270181131,136511,136511,31,0.598648809,0.472757091,0.348692026,2,trial_0104_learning_rate=0.01,completed,[5],0.01,[256],0.0001,[256]
results/base_cnn_kernel_sweep_2026-02-15_11-28-56/trial_0105_learning_rate=0.01,cnn,0.173597641,0.273126358,0.275102486,46463,46463,50,0.607689132,0.472757091,0.351382526,2,trial_0105_learning_rate=0.01,completed,[5],0.01,[256],0.001,[64]
results/base_cnn_kernel_sweep_2026-02-15_11-28-56/trial_0106_learning_rate=0.01,cnn,0.174106255,0.271544958,0.273921818,76479,76479,46,0.619485555,0.472757091,0.358535215,2,trial_0106_learning_rate=0.01,completed,[5],0.01,[256],0.001,[128]
results/base_cnn_kernel_sweep_2026-02-15_11-28-56/trial_0107_learning_rate=0.01,cnn,0.174271259,0.269218184,0.270173367,136511,136511,32,0.611786916,0.472757091,0.354768024,2,trial_0107_learning_rate=0.01,completed,[5],0.01,[256],0.001,[256]
results/base_cnn_kernel_sweep_2026-02-15_11-28-56/trial_0110_learning_rate=1.0e-04,cnn,0.174278788,0.261926902,0.263878248,190271,190271,50,0.550146993,0.472757091,0.31729271,2,trial_0110_learning_rate=1.0e-04,completed,[10],0.0001,[256],0,[256]
results/base_cnn_kernel_sweep_2026-02-15_11-28-56/trial_0116_learning_rate=1.0e-04,cnn,0.174602705,0.259514335,0.26376786,190271,190271,50,0.545970069,0.472757091,0.314230024,2,trial_0116_learning_rate=1.0e-04,completed,[10],0.0001,[256],0.0001,[256]
results/base_cnn_kernel_sweep_2026-02-15_11-28-56/trial_0117_learning_rate=1.0e-04,cnn,0.178753242,0.225620817,0.229425365,59903,59903,50,0.431657462,0.472757091,0.24296015,2,trial_0117_learning_rate=1.0e-04,completed,[10],0.0001,[256],0.001,[64]
results/base_cnn_kernel_sweep_2026-02-15_11-28-56/trial_0119_learning_rate=1.0e-04,cnn,0.174252852,0.262527004,0.263497634,190271,190271,50,0.540393048,0.472757091,0.311322656,2,trial_0119_learning_rate=1.0e-04,completed,[10],0.0001,[256],0.001,[256]
results/base_cnn_kernel_sweep_2026-02-15_11-28-56/trial_0125_learning_rate=1.0e-03,cnn,0.173128143,0.271434703,0.27504706,190271,190271,40,0.616265421,0.472757091,0.354421568,2,trial_0125_learning_rate=1.0e-03,completed,[10],0.001,[256],1.00E-05,[256]
results/base_cnn_kernel_sweep_2026-02-15_11-28-56/trial_0146_learning_rate=1.0e-04,cnn,0.175860062,0.25596221,0.262159664,405311,405311,50,0.454522089,0.472757091,0.260981404,2,trial_0146_learning_rate=1.0e-04,completed,[30],0.0001,[256],0,[256]
results/base_cnn_kernel_sweep_2026-02-15_11-28-56/trial_0153_learning_rate=1.0e-04,cnn,0.180744954,0.220349105,0.225930445,113663,113663,50,0.317384665,0.472757091,0.175818255,2,trial_0153_learning_rate=1.0e-04,completed,[30],0.0001,[256],0.001,[64]
results/base_cnn_kernel_sweep_2026-02-15_11-28-56/trial_0164_learning_rate=1.0e-03,cnn,0.174033587,0.278918768,0.282070044,405311,405311,45,0.571820354,0.472757091,0.327805081,2,trial_0164_learning_rate=1.0e-03,completed,[30],0.001,[256],0.0001,[256]
results/base_cnn_kernel_sweep_2026-02-15_11-28-56/trial_0165_learning_rate=1.0e-03,cnn,0.174538821,0.264634576,0.269018927,113663,113663,50,0.527187142,0.472757091,0.299035815,2,trial_0165_learning_rate=1.0e-03,completed,[30],0.001,[256],0.001,[64]
results/base_cnn_kernel_sweep_2026-02-15_11-28-56/trial_0172_learning_rate=0.01,cnn,0.175282718,0.274744553,0.275261605,210879,210879,50,0.543814229,0.472757091,0.312073672,2,trial_0172_learning_rate=0.01,completed,[30],0.01,[256],1.00E-05,[128]
results/base_cnn_kernel_sweep_2026-02-15_11-28-56/trial_0174_learning_rate=0.01,cnn,0.172748385,0.274369289,0.274356689,113663,113663,50,0.557330989,0.472757091,0.314873651,2,trial_0174_learning_rate=0.01,completed,[30],0.01,[256],0.0001,[64]
results/base_cnn_kernel_sweep_2026-02-15_11-28-56/trial_0193_learning_rate=1.0e-03,cnn,0.174094542,0.278387456,0.274288656,372159,372159,44,0.478046419,0.472757091,0.274790212,2,trial_0193_learning_rate=1.0e-03,completed,[60],0.001,[256],0,[128]
results/base_cnn_kernel_sweep_2026-02-15_11-28-56/trial_0194_learning_rate=1.0e-03,cnn,0.174839882,0.280709637,0.280436073,727871,727871,39,0.501303859,0.472757091,0.288666902,2,trial_0194_learning_rate=1.0e-03,completed,[60],0.001,[256],0,[256]
results/base_cnn_kernel_sweep_2026-02-15_11-28-56/trial_0200_learning_rate=1.0e-03,cnn,0.174700566,0.279200125,0.279169584,727871,727871,39,0.495835941,0.472757091,0.286523145,2,trial_0200_learning_rate=1.0e-03,completed,[60],0.001,[256],0.0001,[256]
results/base_cnn_kernel_sweep_2026-02-15_11-28-56/trial_0211_learning_rate=0.01,cnn,0.178894663,0.273064164,0.269828919,372159,372159,50,0.4643872,0.472757091,0.268390052,2,trial_0211_learning_rate=0.01,completed,[60],0.01,[256],0.0001,[128]
results/base_cnn_kernel_sweep_2026-02-15_11-28-56/trial_0212_learning_rate=0.01,cnn,0.177108307,0.268692597,0.269298662,727871,727871,24,0.490893718,0.472757091,0.281272634,2,trial_0212_learning_rate=0.01,completed,[60],0.01,[256],0.0001,[256]
results/base_cnn_kernel_sweep_2026-02-15_11-28-56/trial_0001_learning_rate=1.0e-04,cnn,0.184471588,0.218882142,0.217333415,54975,54975,50,0.472008622,0.472757091,0.284049689,1,trial_0001_learning_rate=1.0e-04,completed,[1],0.0001,[256],0,[128]
results/base_cnn_kernel_sweep_2026-02-15_11-28-56/trial_0003_learning_rate=1.0e-04,cnn,0.185228054,0.210579897,0.211408139,35711,35711,50,0.439887845,0.472757091,0.263350104,1,trial_0003_learning_rate=1.0e-04,completed,[1],0.0001,[256],1.00E-05,[64]
results/base_cnn_kernel_sweep_2026-02-15_11-28-56/trial_0004_learning_rate=1.0e-04,cnn,0.184424737,0.220452149,0.218628385,54975,54975,50,0.477598924,0.472757091,0.287086962,1,trial_0004_learning_rate=1.0e-04,completed,[1],0.0001,[256],1.00E-05,[128]
results/base_cnn_kernel_sweep_2026-02-15_11-28-56/trial_0006_learning_rate=1.0e-04,cnn,0.185027406,0.212821278,0.211709893,35711,35711,50,0.437600355,0.472757091,0.263733298,1,trial_0006_learning_rate=1.0e-04,completed,[1],0.0001,[256],0.0001,[64]
results/base_cnn_kernel_sweep_2026-02-15_11-28-56/trial_0008_learning_rate=1.0e-04,cnn,0.184102704,0.223439121,0.223269729,93503,93503,50,0.510109094,0.472757091,0.30457126,1,trial_0008_learning_rate=1.0e-04,completed,[1],0.0001,[256],0.0001,[256]
results/base_cnn_kernel_sweep_2026-02-15_11-28-56/trial_0009_learning_rate=1.0e-04,cnn,0.185107578,0.212595869,0.210860047,35711,35711,50,0.447120589,0.472757091,0.269023364,1,trial_0009_learning_rate=1.0e-04,completed,[1],0.0001,[256],0.001,[64]
results/base_cnn_kernel_sweep_2026-02-15_11-28-56/trial_0020_learning_rate=1.0e-03,cnn,0.183575363,0.231539555,0.230287496,93503,93503,50,0.57896297,0.472757091,0.341201397,1,trial_0020_learning_rate=1.0e-03,completed,[1],0.001,[256],0.0001,[256]
results/base_cnn_kernel_sweep_2026-02-15_11-28-56/trial_0022_learning_rate=1.0e-03,cnn,0.183446929,0.231477458,0.229388469,54975,54975,42,0.567674872,0.472757091,0.33625989,1,trial_0022_learning_rate=1.0e-03,completed,[1],0.001,[256],0.001,[128]
results/base_cnn_kernel_sweep_2026-02-15_11-28-56/trial_0025_learning_rate=0.01,cnn,0.183397856,0.231036648,0.230725881,54975,54975,50,0.581864431,0.472757091,0.34181399,1,trial_0025_learning_rate=0.01,completed,[1],0.01,[256],0,[128]
results/base_cnn_kernel_sweep_2026-02-15_11-28-56/trial_0026_learning_rate=0.01,cnn,0.18380001,0.228137208,0.228633143,93503,93503,50,0.56231187,0.472757091,0.331485243,1,trial_0026_learning_rate=0.01,completed,[1],0.01,[256],0,[256]
results/base_cnn_kernel_sweep_2026-02-15_11-28-56/trial_0028_learning_rate=0.01,cnn,0.183490752,0.231054455,0.230376984,54975,54975,50,0.551925414,0.472757091,0.326771605,1,trial_0028_learning_rate=0.01,completed,[1],0.01,[256],1.00E-05,[128]
results/base_cnn_kernel_sweep_2026-02-15_11-28-56/trial_0029_learning_rate=0.01,cnn,0.183569827,0.228393266,0.228657735,93503,93503,44,0.567637219,0.472757091,0.333240506,1,trial_0029_learning_rate=0.01,completed,[1],0.01,[256],1.00E-05,[256]
results/base_cnn_kernel_sweep_2026-02-15_11-28-56/trial_0031_learning_rate=0.01,cnn,0.183653089,0.230491349,0.22948232,54975,54975,35,0.570606192,0.472757091,0.335676375,1,trial_0031_learning_rate=0.01,completed,[1],0.01,[256],0.0001,[128]
results/base_cnn_kernel_sweep_2026-02-15_11-28-56/trial_0033_learning_rate=0.01,cnn,0.183186337,0.233548534,0.230029556,35711,35711,50,0.58247386,0.472757091,0.342929104,1,trial_0033_learning_rate=0.01,completed,[1],0.01,[256],0.001,[64]
results/base_cnn_kernel_sweep_2026-02-15_11-28-56/trial_0078_learning_rate=1.0e-04,cnn,0.178791731,0.230644187,0.237948773,46463,46463,50,0.453301261,0.472757091,0.259486972,1,trial_0078_learning_rate=1.0e-04,completed,[5],0.0001,[256],0.0001,[64]
results/base_cnn_kernel_sweep_2026-02-15_11-28-56/trial_0081_learning_rate=1.0e-04,cnn,0.178666083,0.232312647,0.23586959,46463,46463,50,0.445599112,0.472757091,0.256475645,1,trial_0081_learning_rate=1.0e-04,completed,[5],0.0001,[256],0.001,[64]
results/base_cnn_kernel_sweep_2026-02-15_11-28-56/trial_0109_learning_rate=1.0e-04,cnn,0.176686575,0.241770926,0.247784537,103359,103359,50,0.490802479,0.472757091,0.27929442,1,trial_0109_learning_rate=1.0e-04,completed,[10],0.0001,[256],0,[128]
results/base_cnn_kernel_sweep_2026-02-15_11-28-56/trial_0111_learning_rate=1.0e-04,cnn,0.178620432,0.228745204,0.232366441,59903,59903,50,0.433716453,0.472757091,0.243610115,1,trial_0111_learning_rate=1.0e-04,completed,[10],0.0001,[256],1.00E-05,[64]
results/base_cnn_kernel_sweep_2026-02-15_11-28-56/trial_0112_learning_rate=1.0e-04,cnn,0.176536502,0.244718155,0.246981221,103359,103359,50,0.48467372,0.472757091,0.277540878,1,trial_0112_learning_rate=1.0e-04,completed,[10],0.0001,[256],1.00E-05,[128]
results/base_cnn_kernel_sweep_2026-02-15_11-28-56/trial_0145_learning_rate=1.0e-04,cnn,0.177085576,0.243020053,0.247396443,210879,210879,50,0.400794955,0.472757091,0.225702352,1,trial_0145_learning_rate=1.0e-04,completed,[30],0.0001,[256],0,[128]
results/base_cnn_kernel_sweep_2026-02-15_11-28-56/trial_0148_learning_rate=1.0e-04,cnn,0.177031408,0.242321166,0.247801433,210879,210879,50,0.382328639,0.472757091,0.218674503,1,trial_0148_learning_rate=1.0e-04,completed,[30],0.0001,[256],1.00E-05,[128]
results/base_cnn_kernel_sweep_2026-02-15_11-28-56/trial_0149_learning_rate=1.0e-04,cnn,0.175726587,0.257273287,0.26376858,405311,405311,50,0.433105536,0.472757091,0.250354068,1,trial_0149_learning_rate=1.0e-04,completed,[30],0.0001,[256],1.00E-05,[256]
results/base_cnn_kernel_sweep_2026-02-15_11-28-56/trial_0150_learning_rate=1.0e-04,cnn,0.17994925,0.223927697,0.227675092,113663,113663,50,0.323523149,0.472757091,0.177376226,1,trial_0150_learning_rate=1.0e-04,completed,[30],0.0001,[256],0.0001,[64]
results/base_cnn_kernel_sweep_2026-02-15_11-28-56/trial_0151_learning_rate=1.0e-04,cnn,0.1776873,0.240805426,0.246893232,210879,210879,50,0.352552258,0.472757091,0.201833566,1,trial_0151_learning_rate=1.0e-04,completed,[30],0.0001,[256],0.0001,[128]
results/base_cnn_kernel_sweep_2026-02-15_11-28-56/trial_0152_learning_rate=1.0e-04,cnn,0.175829105,0.256866132,0.26391469,405311,405311,50,0.448996951,0.472757091,0.258339794,1,trial_0152_learning_rate=1.0e-04,completed,[30],0.0001,[256],0.0001,[256]
results/base_cnn_kernel_sweep_2026-02-15_11-28-56/trial_0154_learning_rate=1.0e-04,cnn,0.17780751,0.240438239,0.246815225,210879,210879,50,0.380398214,0.472757091,0.218111503,1,trial_0154_learning_rate=1.0e-04,completed,[30],0.0001,[256],0.001,[128]
results/base_cnn_kernel_sweep_2026-02-15_11-28-56/trial_0155_learning_rate=1.0e-04,cnn,0.175682058,0.258059143,0.263983797,405311,405311,50,0.426026382,0.472757091,0.246117083,1,trial_0155_learning_rate=1.0e-04,completed,[30],0.0001,[256],0.001,[256]
results/base_cnn_kernel_sweep_2026-02-15_11-28-56/trial_0180_learning_rate=1.0e-04,cnn,0.180186412,0.227930194,0.228821772,194303,194303,50,0.264267103,0.472757091,0.14673654,1,trial_0180_learning_rate=1.0e-04,completed,[60],0.0001,[256],0,[64]
results/base_cnn_kernel_sweep_2026-02-15_11-28-56/trial_0181_learning_rate=1.0e-04,cnn,0.177827913,0.247061677,0.249096457,372159,372159,50,0.314323293,0.472757091,0.180332604,1,trial_0181_learning_rate=1.0e-04,completed,[60],0.0001,[256],0,[128]
results/base_cnn_kernel_sweep_2026-02-15_11-28-56/trial_0182_learning_rate=1.0e-04,cnn,0.176764493,0.261338892,0.261123876,727871,727871,50,0.371769674,0.472757091,0.218187881,1,trial_0182_learning_rate=1.0e-04,completed,[60],0.0001,[256],0,[256]
results/base_cnn_kernel_sweep_2026-02-15_11-28-56/trial_0183_learning_rate=1.0e-04,cnn,0.180672946,0.223542366,0.224050885,194303,194303,50,0.237633627,0.472757091,0.131878886,1,trial_0183_learning_rate=1.0e-04,completed,[60],0.0001,[256],1.00E-05,[64]
results/base_cnn_kernel_sweep_2026-02-15_11-28-56/trial_0184_learning_rate=1.0e-04,cnn,0.17766995,0.246910793,0.247880811,372159,372159,50,0.309241524,0.472757091,0.1772279,1,trial_0184_learning_rate=1.0e-04,completed,[60],0.0001,[256],1.00E-05,[128]
results/base_cnn_kernel_sweep_2026-02-15_11-28-56/trial_0185_learning_rate=1.0e-04,cnn,0.17610127,0.263437973,0.260622918,727871,727871,50,0.369909513,0.472757091,0.21681679,1,trial_0185_learning_rate=1.0e-04,completed,[60],0.0001,[256],1.00E-05,[256]
results/base_cnn_kernel_sweep_2026-02-15_11-28-56/trial_0186_learning_rate=1.0e-04,cnn,0.18121184,0.219559418,0.22266195,194303,194303,50,0.239087759,0.472757091,0.131602327,1,trial_0186_learning_rate=1.0e-04,completed,[60],0.0001,[256],0.0001,[64]
results/base_cnn_kernel_sweep_2026-02-15_11-28-56/trial_0187_learning_rate=1.0e-04,cnn,0.177676787,0.247227634,0.247937034,372159,372159,50,0.301802397,0.472757091,0.175741799,1,trial_0187_learning_rate=1.0e-04,completed,[60],0.0001,[256],0.0001,[128]
results/base_cnn_kernel_sweep_2026-02-15_11-28-56/trial_0188_learning_rate=1.0e-04,cnn,0.176555297,0.260907968,0.260619872,727871,727871,50,0.373938495,0.472757091,0.220376571,1,trial_0188_learning_rate=1.0e-04,completed,[60],0.0001,[256],0.0001,[256]
results/base_cnn_kernel_sweep_2026-02-15_11-28-56/trial_0189_learning_rate=1.0e-04,cnn,0.180128461,0.226057943,0.228442909,194303,194303,50,0.256274569,0.472757091,0.141462827,1,trial_0189_learning_rate=1.0e-04,completed,[60],0.0001,[256],0.001,[64]
results/base_cnn_kernel_sweep_2026-02-15_11-28-56/trial_0191_learning_rate=1.0e-04,cnn,0.176174371,0.265267467,0.262012057,727871,727871,50,0.377243873,0.472757091,0.220965546,1,trial_0191_learning_rate=1.0e-04,completed,[60],0.0001,[256],0.001,[256]
results/base_cnn_kernel_sweep_2026-02-15_11-28-56/trial_0209_learning_rate=0.01,cnn,0.177296545,0.275130953,0.272078407,727871,727871,27,0.481204641,0.472757091,0.278000264,1,trial_0209_learning_rate=0.01,completed,[60],0.01,[256],1.00E-05,[256]
results/base_cnn_kernel_sweep_2026-02-15_11-28-56/trial_0190_learning_rate=1.0e-04,cnn,0.178117906,0.243189109,0.246623881,372159,372159,50,0.297642909,0.472757091,0.172727629,0,trial_0190_learning_rate=1.0e-04,completed,[60],0.0001,[256],0.001,[128]